Object,Action Type,Rule Group,Rule Name,Status,Condition,Actions
Incident,TransitionState_Stop,01-Initial State,01-CA-WOW Case,Enabled,If (Incidents > Queue  equals  CA - WOW  AND  Incidents > Interface  equals  chewyca),Transition State And Stop 50-Chewy CA State
Incident,TransitionState_Stop,01-Initial State,01-G -Rx Voicemail,Enabled,If (Incidents > Subject  contains  Genesys-US-Pharm-Gabapentin-VM  OR  Incidents > Subject  contains  Genesys-US-Pharm-Nevada-VM  OR  Incidents > Subject  contains  Genesys-US-Pharm-RPhGeneral-VM),Transition State And Stop 04-Pharmacy State
Incident,TransitionState_Stop,01-Initial State,01-G -PracticeHub - Vet Support Email VM,Enabled,If (Incidents > Subject  contains  Genesys-US-Pharm-DigitalClinic-VM),Transition State And Stop 04-Pharmacy State
Incident,TransitionState_Stop,01-Initial State,01-CA-Cancel my Order Call to Action,Enabled,"If (Incidents > Subject  match regex  ^\[Please(\s|\+)cancel(\s|\+)my(\s|\+)order(\s|\+)-([0-9]{9,10})-\]$  AND  Incidents > Mailbox  equals  chewyca@custhelp.com)",Transition State And Stop 50-Chewy CA State
Incident,TransitionState_Stop,01-Initial State,01-CA-Ship my Order Call to Action,Enabled,"If (Incidents > Subject  match regex  ^\[Please(\s|\+)ship(\s|\+)my(\s|\+)order(\s|\+)-([0-9]{9,10})-\]$  AND  Incidents > Mailbox  equals  chewyca@custhelp.com)",Transition State And Stop 50-Chewy CA State
Incident,TransitionState_Stop,01-Initial State,01-CA- Pricing,Enabled,If (Incidents > Source  equals  Techmail - Service Mailbox  AND (  Incidents > Email Header  match regex  DL-MAP_Administrator@chewy.com  OR  Incidents > Subject  contains  Pricing PoC )  AND  Incidents > Interface  equals  chewyca),Transition State And Stop 02-Updated State
Incident,TransitionState_Stop,01-Initial State,01-CA-Auto Reply,Disabled,If (Incidents > Source  equals  Techmail - Service Mailbox  AND  Incidents > Incoming Mailbox  equals  chewyca@custhelp.com  AND (  Incidents > Subject  match regex  [Aa]uto(matic)*[- ][Rr]eply  OR  Incidents > Subject  match regex  Auto response: )),Transition State And Stop 50-Chewy CA State
Incident,TransitionState_Stop,01-Initial State,01-G-CA-Auto Reply,Enabled,If (Incidents > Incoming Mailbox  equals  chewyca@custhelp.com  AND (  Incidents > Subject  match regex  [Aa]uto(matic)*[- ][Rr]eply  OR  Incidents > Subject  match regex  Auto response: )  AND  Incidents > Queue  equals  CA - General Email  AND (  Incidents > Channel  equals  Email  OR  Custom Field > Channel  equals  Email )),Transition State And Stop 50-Chewy CA State
Incident,TransitionState_Stop,01-Initial State,01-CA-Inbound VC Disputes,Enabled,"If (Incidents > Source  equals  Ask A Question  AND  Custom Field > Request Type  equals  No Call No Show (NCNS), Pallet Damage (PD), PO Acknowledgement Fill Rate (POA), On-Time (OT), Reschedules (RS)  AND  Incidents > Category  equals  Vendor Compliance, Chargeback Dispute  AND  Incidents > Interface  equals  chewyca)",Transition State And Stop 50-Chewy CA State
Incident,TransitionState_Stop,01-Initial State,01-CA-Q&A Import,Enabled,If (Incidents > Source  equals  Import Tools  AND  Incidents > Queue  equals  CA - Q&A  AND  Incidents > Interface  equals  chewyca),Transition State And Stop 50-Chewy CA State
Incident,TransitionState_Stop,01-Initial State,01-CA-Transition State to 50-CA,Enabled,If (Incidents > Interface  equals  chewyca),Transition State And Stop 50-Chewy CA State
Incident,TransitionState_Stop,01-Initial State,01 - AWS Delivery Exceptions - Set Channel Type,Enabled,"If (Incidents > Created By  equals  AWS Lambda, Kelly Williamson  AND  Incidents > Queue  equals  FedEx Exceptions  AND  Custom Field > Supply Escalation Reason  equals  FedEx Delivery Exceptions)",Transition State And Stop 02-Updated State
Incident,TransitionState_Stop,01-Initial State,Rx Voicemail,Enabled,If (Incidents > Subject  contains  New group voicemail for),Transition State And Stop 04-Pharmacy State
Incident,TransitionState_Stop,01-Initial State,01-WOW Case,Enabled,"If (Incidents > Queue  equals  CVC WOW, WOW)",Transition State And Stop 02-Updated State
Incident,TransitionState_Stop,01-Initial State,EDD Notification Closure,Enabled,If (Incidents > Queue  equals  Edd Notifications),Transition State And Stop 02-Updated State
Incident,TransitionState_Stop,01-Initial State,01-Special Email Import,Disabled,If (Incidents > Source  equals  Techmail - Service Mailbox  AND  Custom Field > Sign Off  equals  specialemailblast  AND  Custom Field > Sign Off  is modified this edit    AND  Incidents > Updated from  equals  Data Import),Transition State And Stop 02-Updated State
Incident,TransitionState_Stop,01-Initial State,01-Special Email Cancel,Disabled,If (Incidents > Source  equals  Data Import  AND  Custom Field > Sign Off  equals  specialvetdietcancel  AND  Incidents > Category  equals  Cancel Order),Transition State And Stop 02-Updated State
Incident,TransitionState_Stop,01-Initial State,01-Ad Hoc Email Blast,Disabled,If (Custom Field > Sign Off  equals  adhocemailblast  AND  Custom Field > Sign Off  is modified this edit    AND  Incidents > Updated from  equals  Data Import),Transition State And Stop 02-Updated State
Incident,TransitionState_Stop,01-Initial State,01-Damage Exception Email Import,Enabled,If (Incidents > Source  equals  Data Import  AND  Custom Field > Sign Off  equals  damageexceptionemail  AND  Custom Field > Sign Off  is modified this edit),Transition State And Stop 02-Updated State
Incident,TransitionState_Stop,01-Initial State,01-Special Coupon $10 Import,Disabled,If (Incidents > Source  equals  Import Tools  AND  Custom Field > Sign Off  equals  specialcouponblast10  AND  Incidents > Subject  equals  We're sorry. Here's $10),Transition State And Stop 02-Updated State
Incident,TransitionState_Stop,01-Initial State,01-Special Coupon $15 Import,Disabled,If (Incidents > Source  equals  Import Tools  AND  Custom Field > Sign Off  equals  specialcouponblast15  AND  Incidents > Subject  equals  We're sorry. Here's $15),Transition State And Stop 02-Updated State
Incident,TransitionState_Stop,01-Initial State,01-Accessibility Email,Disabled,"If (Incidents > Mailbox  equals  Unspecified, chewyca@custhelp.com, Pet Insurance by Chewy, Vet Care Medical Records, Vet Care Team, vendorgrowthpartners@custhelp.com, vetsupport@custhelp.com, thezoosupport@custhelp.com, Chewy Vendor Care, Supply Mailbox, RX, Vet Diet, Chewy)",Transition State And Stop 02-Updated State
Incident,TransitionState_Stop,01-Initial State,01-G-Accessibility Email,Enabled,"If (Incidents > Mailbox  equals  Unspecified, chewyca@custhelp.com, Pet Insurance by Chewy, Vet Care Medical Records, Vet Care Team, vendorgrowthpartners@custhelp.com, vetsupport@custhelp.com, thezoosupport@custhelp.com, Chewy Vendor Care, Supply Mailbox, RX, Vet Diet, Chewy  AND  Incidents > Queue  equals  Accessibility)",Transition State And Stop 02-Updated State
Incident,TransitionState_Stop,01-Initial State,01-Cancel my Order Call to Action,Disabled,"If (Incidents > Subject  match regex  ^\[Please(\s|\+)cancel(\s|\+)my(\s|\+)order(\s|\+)-([0-9]{9,10})-\]$  AND  Incidents > Mailbox  equals  Chewy)",Transition State And Stop 02-Updated State
Incident,TransitionState_Stop,01-Initial State,01-G-Cancel my Order Call to Action,Enabled,"If (Incidents > Subject  match regex  ^\[Please(\s|\+)cancel(\s|\+)my(\s|\+)order(\s|\+)-([0-9]{9,10})-\]$  AND  Incidents > Mailbox  equals  Chewy  AND  Incidents > Queue  equals  Cancel Order)",Transition State And Stop 02-Updated State
Incident,TransitionState_Stop,01-Initial State,01-Ship my Order Call to Action,Enabled,"If (Incidents > Subject  match regex  ^\[Please(\s|\+)ship(\s|\+)my(\s|\+)order(\s|\+)-([0-9]{9,10})-\]$  AND  Incidents > Mailbox  equals  Chewy)",Transition State And Stop 02-Updated State
Incident,TransitionState_Stop,01-Initial State,01-Inbound SFW Pharmacy Cancel Failure,Enabled,If (Incidents > Source  equals  Connect PHP  AND  Incidents > Category  equals  Pharmacy Item),Transition State And Stop 02-Updated State
Incident,TransitionState_Stop,01-Initial State,01-Inbound SFW Cancel Failure,Enabled,"If (Incidents > Source  equals  Connect PHP  AND  Incidents > Category  equals  Cancel Order Failed, Gift Card Item, Email/Order Mismatch, Other)",Transition State And Stop 02-Updated State
Incident,TransitionState_Stop,01-Initial State,01-Inbound Vet Diet Upload,Enabled,If (Incidents > Source  equals  Connect PHP  AND  Incidents > Created By  equals  Rx Manager),Transition State And Stop 03-Vet Diet State
Incident,TransitionState_Stop,01-Initial State,01-Auto Reply,Disabled,"If (Incidents > Source  equals  Techmail - Service Mailbox  AND  Incidents > Incoming Mailbox  equals  Chewy, Unspecified  AND (  Incidents > Subject  match regex  [Aa]uto(matic)*[- ][Rr]eply  OR  Incidents > Subject  match regex  Auto response: ))",Transition State And Stop 02-Updated State
Incident,TransitionState_Stop,01-Initial State,01-Auto Reply for VD/Rx and Gen CS,Enabled,"If (Incidents > Source  equals  Techmail - Service Mailbox  AND  Incidents > Incoming Mailbox  equals  No Reply, Chewy Petscriptions, RX, Vet Diet, Chewy  AND (  Incidents > Subject  match regex  [Aa]uto(matic)*[- ][Rr]eply  OR  Incidents > Subject  match regex  Auto response:  OR  Incidents > Subject  match regex  [Oo]ut [Oo]f [Oo]ffice  OR  Incidents > Subject  match regex  [Oo]ut [Oo]f [Tt]he [Oo]ffice  OR  Incidents > Subject  match regex  OUT OF OFFICE  OR  Incidents > Subject  match regex  OUT OF THE OFFICE  OR  Incidents > Subject  match regex  autoresponse  OR  Incidents > Subject  match regex  autoreply  OR  Incidents > Customer thread  contains  This email is to confirm we just faxed back the approved prescription for  OR  Incidents > Customer thread  contains  This email is to confirm we just faxed back the rejected prescription for ))",Transition State And Stop 02-Updated State
Incident,TransitionState_Stop,01-Initial State,01-Inbound Chewy Technical Issues,Enabled,"If (Incidents > Source  equals  Ask A Question  AND  Custom Field > Request Type  equals  Unspecified  AND  Incidents > Category  equals  Cisco, Okta, Oracle, Open Methods, Sharepoint, Virtual Desktop (AWS), VPN, WebEx Teams, Other Tool)",Transition State And Stop 02-Updated State
Incident,TransitionState_Stop,01-Initial State,01-Inbound Chewy Ideas,Enabled,If (Incidents > Source  equals  Ask A Question  AND  Custom Field > Request Type  equals  Unspecified  AND  Incidents > Subject  equals  Chewy Vet Idea Request),Transition State And Stop 02-Updated State
Incident,TransitionState_Stop,01-Initial State,01-RRC Abuse Suspected,Disabled,If (Incidents > Category  equals  RRC Abuse Suspected  AND  Incidents > Subject  equals  RRC Abuse Suspected),Transition State And Stop 02-Updated State
Incident,TransitionState_Stop,01-Initial State,01-G-RRC Abuse Suspected,Enabled,If (Incidents > Category  equals  RRC Abuse Suspected  AND  Incidents > Subject  equals  RRC Abuse Suspected  AND  Incidents > Queue  equals  PAW RRC Abuse Suspected),Transition State And Stop 02-Updated State
Incident,TransitionState_Stop,01-Initial State,01-Inbound Sumit Email,Disabled,"If (Incidents > Source  equals  Techmail - Service Mailbox  AND  Incidents > Incoming Mailbox  equals  Chewy  AND (  Incidents > Subject  equals  An Update from Chewy CEO: Our Commitment to You  OR  Incidents > Subject  equals  Save Big with Autoship  OR  Incidents > Subject  equals  Autoship - Convenience and 30% Off Savings  OR  Incidents > Subject  equals  Autoship - Save on Repeat Deliveries  OR  Incidents > Subject  equals  An Update from Chewy CEO to Our Valued Autoship Customers  OR  Incidents > Subject  equals  Welcome to Chewy, We're Glad You're Here  OR  Incidents > Subject  equals  Bring in the Green and Get Refreshed with Your Pets  OR  Incidents > Subject  equals  Play, Sleep, Repeat | Essentials from Frisco ))",Transition State And Stop 02-Updated State
Incident,TransitionState_Stop,01-Initial State,01-Inbound Welcome Email,Disabled,If (Incidents > Source  equals  Techmail - Service Mailbox  AND  Incidents > Incoming Mailbox  equals  Chewy  AND (  Incidents > Subject  equals  Chewy Pharmacy: Your Online Destination for Pet Health  OR  Incidents > Subject  equals  Never Miss a Moment with Autoship  OR  Incidents > Subject  equals  Get All Your Pet Pharmacy Needs with Chewy  OR  Incidents > Subject  equals  Get Extra Savings and Never Run Out  OR  Incidents > Subject  equals  Protect Their Hearts | Shop Chewy Pharmacy  OR  Incidents > Subject  equals  Keep Calm and Stay Entertained with Your Pets  OR  Incidents > Subject  equals  Save on Seresto Flea & Tick Collars  OR  Incidents > Subject  equals  Bring In Love With Pets Old and New  OR  Incidents > Subject  equals  Explore Grain-Free Dog Food )),Transition State And Stop 02-Updated State
Incident,TransitionState_Stop,01-Initial State,01 - FedEx Pickup Confirmation,Disabled,If (Incidents > Source  equals  Techmail - Service Mailbox  AND  Incidents > Subject  equals  FedEx Pickup Confirmation),Transition State And Stop 02-Updated State
Incident,TransitionState_Stop,01-Initial State,01-G- FedEx Pickup Confirmation,Enabled,If (Incidents > Subject  equals  FedEx Pickup Confirmation  AND (  Incidents > Channel  equals  Email  OR  Custom Field > Channel  equals  Email )  AND  Incidents > Queue  equals  Supply),Transition State And Stop 02-Updated State
Incident,TransitionState_Stop,01-Initial State,01- Pricing,Enabled,If (Incidents > Source  equals  Techmail - Service Mailbox  AND (  Incidents > Email Header  match regex  DL-MAP_Administrator@chewy.com  OR  Incidents > Subject  contains  Pricing PoC )),Transition State And Stop 02-Updated State
Incident,TransitionState_Stop,01-Initial State,01-OCR FAX Copy,Enabled,"If (Incidents > Source  equals  Custom PHP, Connect PHP, Custom Process, Custom Process (Async)  AND  Incidents > Queue  equals  Vet Diet Overflow, Vet Diet Fax, Rx Pharmacy Data Entry, Rx Pharmacy Tech Fax Priority, Rx Vet Diet Fax, Vet Diet Fax Pending OCR, Rx Pharmacy Fax Pending OCR)",Transition State And Stop 02-Updated State
Incident,TransitionState_Stop,01-Initial State,01-Inbound B2B Pharmacy,Enabled,If (Incidents > Source  equals  Techmail - Service Mailbox  AND  Incidents > Incoming Mailbox  equals  Chewy Pro),Transition State And Stop 04-Pharmacy State
Incident,TransitionState_Stop,01-Initial State,01-Inbound Chewy Pro Account Request,Enabled,If (Incidents > Source  equals  Connect PHP  AND  Incidents > Disposition  equals  Pending Account Verification  AND  Incidents > Category  equals  Account Request  AND  Custom Field > Channel  equals  Chewy Pro),Transition State And Stop 02-Updated State
Incident,TransitionState_Stop,01-Initial State,01-Inbound Answer Feedback,Enabled,If (Incidents > Source  equals  Feedback on Answers  AND  Incidents > Interface  equals  chewykb),Transition State And Stop 02-Updated State
Incident,TransitionState_Stop,01-Initial State,01-Inbound VC Disputes,Enabled,"If (Incidents > Source  equals  Ask A Question  AND  Custom Field > Request Type  equals  No Call No Show (NCNS), Pallet Damage (PD), PO Acknowledgement Fill Rate (POA), On-Time (OT), Reschedules (RS), Collect Failed Pickup (FPU), ASN Fill Rate (ASNFR), ASN On-Time (ASNOT), Overages / Excess Units Shipped (OVRG), Pallet Refusals (PR), Value Added Service (VAS)  AND  Incidents > Category  equals  Vendor Compliance, Chargeback Dispute)",Transition State And Stop 02-Updated State
Incident,TransitionState_Stop,01-Initial State,01-Vet Diet Inbound,Enabled,"If (Incidents > Source  equals  CX Console, Incident Editor, Contact Editor, Org Editor, Opportunity Editor, Task Ins Editor, Answer Editor, Mailing Editor, Survey Editor, Campaign Editor, Document Editor, Mailing Format Editor, Segment Editor, Contact List Editor, Answer Propose from Incident Editor, Opportunity Create from Incident Editor, Analytics Report, Answer Move, Explorer, Incident Multi Update, Contact Multi Update, Org Multi Update, Opportunity Multi Update, Task Ins Multi Update, Answer Multi Update, Communication Center Notifications, Custom Object Editor, Custom Object Multi Update, Virtual Assistant Editor, Workflow, Asset Editor, Asset Multi-Edit Editor, Console Standard Report, Console Workspace, Console Search, Console Preview, Console Preview, Console External Interface, Console Add-In, Console Reset Password, Console Integrations Editor, Access Control Editor, Process Designer, Configuration Settings Editor, Message Bases Editor, Web Console, Web Console Incident Editor, Web Console Contact Editor, Web Console Org Editor, Web Console Asset Editor, Web Console Opportunity Editor, Web Console Task Editor, Web Console Answer Editor, Web Console Contact List Editor, Web Console Opportunity Create from Incident Editor, Web Console Workflow, Web Console Analytics Report, Web Console Incident Multi Update, Web Console Contact Multi Update, Web Console Org Multi Update, Web Console Opportunity Multi Update, Web Console Task Ins Multi Update, Web Console Answer Multi Update, Web Console Asset Multi Update, Web Console Notification, Web Console Custom Object Editor, Web Console Custom Object Multi Update, Web Console Standard Report, Web Console Workspace, Web Console Search, Web Console Preview, Web Console Reset Password, Web Console Integrations Editor, Element Manager Editor  AND  Incidents > Queue  equals  Vet Diet, Vet Diet - JFFD)",Transition State And Stop 03-Vet Diet State
Incident,TransitionState_Stop,01-Initial State,01-Inbound Chewy Shelters,Enabled,If (Custom Field > Channel  equals  Chewy Shelters),Transition State And Stop 02-Updated State
Incident,TransitionState_Stop,01-Initial State,01-Inbound Central Scheduling,Enabled,If (Incidents > Source  equals  Techmail - Service Mailbox  AND  Incidents > Incoming Mailbox  equals  Chewy Scheduling),Transition State And Stop 02-Updated State
Incident,TransitionState_Stop,01-Initial State,01-Inbound Fedex Replacements,Enabled,If (Incidents > Status  equals  Solved  AND  Incidents > Category  equals  Carrier Reported Damage to Shipment  AND  Incidents > Disposition  equals  No Action Needed),Transition State And Stop 02-Updated State
Incident,TransitionState_Stop,01-Initial State,01-Duplicate Hub Account,Enabled,If (Incidents > Source  equals  End-User Pages  AND  Incidents > Subject  equals  Conflicted Approval Hub Account Detected),Transition State And Stop 02-Updated State
Incident,TransitionState_Stop,01-Initial State,01-Inbound Pharmacy Mailin New Order 1,Enabled,If (Incidents > Source  equals  Public API  AND  Incidents > Disposition  equals  Pending Client-Mailer  AND  Incidents > Category  equals  First Contact Sent  AND  Incidents > Status  equals  Waiting  AND  Custom Field > Sign Off  equals  CMM First Notification Sent  AND  Custom Field > Channel  not equals  Gabapentin),Transition State And Stop 04-Pharmacy State
Incident,TransitionState_Stop,01-Initial State,01-Inbound Pharmacy Mailin NewOrder-AVP,Enabled,If (Incidents > Source  equals  Public API  AND  Incidents > Disposition  equals  Pending Client-Mailer  AND  Incidents > Category  equals  First Contact Sent  AND  Incidents > Status  equals  Waiting  AND  Custom Field > Sign Off  equals  CMM First Notification Sent  AND  Custom Field > Channel  equals  Gabapentin),Transition State And Stop 04-Pharmacy State
Incident,TransitionState_Stop,01-Initial State,01-Inbound Pharmacy New Order,Enabled,"If (Incidents > Source  equals  Public API  AND  Incidents > Queue  equals  Rx First Contact, Rx New Order)",Transition State And Stop 04-Pharmacy State
Incident,TransitionState_Stop,01-Initial State,01-Inbound Pharmacy New Order ApprHub,Enabled,"If (Incidents > Source  equals  Public API  AND  Custom Field > Channel  equals  Approval Hub  AND  Incidents > Queue  equals  Rx First Contact, Rx New Order)",Transition State And Stop 04-Pharmacy State
Incident,TransitionState_Stop,01-Initial State,01-Inbound Pharmacy Inc,Enabled,"If (Incidents > Queue  is modified this edit    AND  Incidents > Queue  equals  Rx Reship Queue, Rx Vet Account Request, Petscriptions Intake Form.Q2, Vet & Clinic Verification)",Transition State And Stop 04-Pharmacy State
Incident,TransitionState_Stop,01-Initial State,01-Inbound Vet Diet Error Order,Enabled,"If (Incidents > Source  equals  Public API  AND  Custom Field > Channel  equals  Vet Diet, Vet Diet - Autoship  AND  Incidents > Disposition  equals  Vet Diet Missing Info)",Transition State And Stop 03-Vet Diet State
Incident,TransitionState_Stop,01-Initial State,01-Inbound Vet Diet + Med New Order,Enabled,If (Incidents > Source  equals  Public API  AND  Custom Field > Channel  equals  Vet Diet - Medication),Transition State And Stop 03-Vet Diet State
Incident,TransitionState_Stop,01-Initial State,01-Inbound Vet Diet Data Import,Disabled,If (Incidents > Source  equals  Data Import  AND  Custom Field > Channel  equals  Vet Diet  AND  Custom Field > Sign Off  equals  vetdietfaxupload),Transition State And Stop 03-Vet Diet State
Incident,TransitionState_Stop,01-Initial State,01-Inbound Vet Diet Autoship Order,Enabled,If (Incidents > Source  equals  Public API  AND  Custom Field > Channel  equals  Vet Diet - Autoship),Transition State And Stop 03-Vet Diet State
Incident,TransitionState_Stop,01-Initial State,01- Pharmacy Null Incidents,Enabled,If (Incidents > Updated from  equals  Data Import  AND  Custom Field > Sign Off  is modified this edit    AND  Custom Field > Sign Off  equals  RxIncidentCreate),Transition State And Stop 04-Pharmacy State
Incident,TransitionState_Stop,01-Initial State,01- Vet Diet Null Incidents,Enabled,If (Incidents > Updated from  equals  Data Import  AND  Custom Field > Sign Off  is modified this edit    AND  Custom Field > Sign Off  equals  VetDietIncidentCreate),Transition State And Stop 03-Vet Diet State
Incident,TransitionState_Stop,01-Initial State,01- VMX Incidents Solve,Enabled,If (Incidents > Subject  equals  VMX 2021 Sign up  AND  Incidents > Source  equals  End-User Connect),Transition State And Stop 04-Pharmacy State
Incident,TransitionState_Stop,01-Initial State,01-Inbound Pharmacy New Order B2B,Enabled,If (Incidents > Source  equals  Public API  AND  Incidents > Queue  equals  Rx New Order - B2B),Transition State And Stop 04-Pharmacy State
Incident,TransitionState_Stop,01-Initial State,01-Chewy Vet Chat Set Initial Fields,Enabled,If (Incidents > Category  equals  Chewy Vet),Transition State And Stop 02-Updated State
Incident,TransitionState_Stop,01-Initial State,01-Bazaarvoice Data Log Email,Enabled,If (Incidents > Mailbox  equals  null),Transition State And Stop 02-Updated State
Incident,TransitionState_Stop,02-Updated State,02- Vet Diet Rule State,Enabled,If (Custom Field > Sign Off  is modified this edit    AND  Custom Field > Sign Off  equals  VDRULESTATE2),Transition State And Stop 03-Vet Diet State
Incident,TransitionState_Stop,02-Updated State,02- Pharmacy Rule State,Enabled,If (Custom Field > Sign Off  is modified this edit    AND  Custom Field > Sign Off  equals  RxRuleState2),Transition State And Stop 04-Pharmacy State
Incident,TransitionState_Stop,02-Updated State,02- Vet Diet Reopen OCR Closed,Enabled,If (Incidents > Status  equals  Unresolved  AND  Incidents > Disposition  is modified this edit    AND  Incidents > Disposition  equals  Reopen OCR Closed  AND  Custom Field > Channel  equals  Fax  AND  Incidents > Mailbox  equals  Vet Diet  AND  Incidents > Queue  equals  Vet Diet Fax),Transition State And Stop 03-Vet Diet State
Incident,TransitionState_Stop,02-Updated State,02-Rx Tiger Team Updated,Disabled,"If (Incidents > Mailbox  equals  RX, Chewy  AND  Incidents > Queue  equals  Rx Tiger Team  AND  Incidents > Updated from  equals  Techmail - Service Mailbox)",Transition State And Stop 04-Pharmacy State
Incident,TransitionState_Stop,02-Updated State,02G-Rx Tiger Team Updated,Enabled,"If (Incidents > Mailbox  equals  RX, Chewy  AND  Incidents > Queue  equals  Rx Tiger Team  AND  Incidents > Updated from  equals  Techmail - Service Mailbox)",Transition State And Stop 04-Pharmacy State
Incident,TransitionState_Stop,02-Updated State,02-Vet Diet Hub Denials,Enabled,"If (Incidents > Category  is modified this edit    AND  Incidents > Category  equals  Denial, Denial> Pet Needs to be Seen, Denial>Wrong Pet, Denial>Wrong Pet, Denial>Wrong Item, Denial>Not a Client, Denial>Other  AND  Incidents > Status  not equals  Solved  AND  Custom Field > Channel  equals  Approval Hub)",Transition State And Stop 03-Vet Diet State
Incident,TransitionState_Stop,02-Updated State,02-Vet Approval Hub Missing Info,Enabled,"If (Custom Field > Channel  equals  Approval Hub  AND  Incidents > Updated from  equals  CX Console, Thin Client, Utilities, Public API, Web Console  AND  Incidents > Disposition  equals  Vet Diet Missing Info)",Transition State And Stop 03-Vet Diet State
Incident,TransitionState_Stop,02-Updated State,02-RX Aged Order Import,Enabled,If (Custom Field > Sign Off  is modified this edit    AND  Custom Field > Sign Off  equals  RxAgedOrderImport  AND  Incidents > Updated from  equals  Data Import),Transition State And Stop 04-Pharmacy State
Incident,TransitionState_Stop,02-Updated State,02-Vet Diet Hub Reopen,Enabled,"If (Incidents > Disposition  is modified this edit    AND  Incidents > Disposition  equals  Reopen OCR Closed  AND  Incidents > Queue  equals  RX Approval Hub Orders, Rx Waiting Queue  AND  Custom Field > Channel  equals  Fax)",Transition State And Stop 03-Vet Diet State
Incident,TransitionState_Stop,03-Vet Diet State,03- Pharmacy Rule State,Enabled,If (Custom Field > Sign Off  is modified this edit    AND  Custom Field > Sign Off  equals  RxRuleState2),Transition State And Stop 04-Pharmacy State
Incident,TransitionState_Stop,03-Vet Diet State,03- Transfer to Pharmacy,Enabled,"If (Incidents > Disposition  is modified this edit    AND  Incidents > Disposition  equals  RX Pharmacy Tech, Unspecified  AND  Incidents > Status  equals  Follow-Up, Unresolved, Updated, Waiting, Unspecified  AND  Incidents > Category  equals  Intended for RX Pharmacy)",Transition State And Stop 02-Updated State
Incident,TransitionState_Stop,04-Pharmacy State,04- Transition to Vet Diet State,Enabled,If (Custom Field > Sign Off  is modified this edit    AND  Custom Field > Sign Off  equals  VDRuleState2),Transition State And Stop 03-Vet Diet State
Incident,TransitionState_Stop,04-Pharmacy State,04- Transfer to General CS,Enabled,If (Incidents > Disposition  is modified this edit    AND  Incidents > Disposition  equals  Customer Service  AND  Incidents > Status Type  not equals  Solved),Transition State And Stop 02-Updated State
Incident,TransitionState_Stop,04-Pharmacy State,04- Vet Diet Hub Denials,Enabled,"If (Incidents > Category  is modified this edit    AND  Incidents > Category  equals  Denial, Denial> Pet Needs to be Seen, Denial>Wrong Pet, Denial>Wrong Pet, Denial>Wrong Item, Denial>Not a Client, Denial>Other  AND  Incidents > Status  not equals  Solved  AND  Custom Field > Channel  equals  Approval Hub)",Transition State And Stop 03-Vet Diet State
Incident,TransitionState_Stop,04-Pharmacy State,04- Vet Diet Hub Reopen,Enabled,"If (Incidents > Disposition  is modified this edit    AND  Incidents > Disposition  equals  Reopen OCR Closed  AND  Incidents > Queue  equals  Rx Waiting Queue, RX Approval Hub Orders  AND  Custom Field > Channel  equals  Approval Hub)",Transition State And Stop 03-Vet Diet State
Incident,TransitionState_Stop,04-Pharmacy State,04- Vet Diet Hub Missing Info,Enabled,"If (Custom Field > Channel  equals  Approval Hub  AND  Incidents > Updated from  equals  CX Console, Thin Client, Utilities, Public API, Web Console  AND  Incidents > Disposition  equals  Vet Diet Missing Info)",Transition State And Stop 03-Vet Diet State
Incident,TransitionState_Stop,04-Pharmacy State,04- Not Pharmacy Q Transition State,Enabled,"If (Incidents > Queue  not equals  Medications and Prescriptions, Rx Aged Order, Rx Aged Order - AVP, Rx Clinic Emails - AVP, RxCS Follow-Up, RxCS Follow-Up Waiting, Rx First Contact Pending, Rx Lead Follow-up - AVP, Rx New Order - B2B, Rx First Contact, Rx Northstar Holding, Rx Pharmacy Data Entry – Onsite, Rx Pharmacy DUR Correction - AVP, Rx Pharmacy Tech Call, Rx Reship Queue - AVP, Rx Reship Ready - AVP, Rx Second Contact, Rx Technician Follow-Up - AVP, Rx TeleMed DUR, Rx Third Contact, Rx Priority Specialty Meds, Rx AVP Priority Specialty Meds, Rx New Order, Rx Second Contact Pending, Rx Third Contact Pending, Rx Priority Specialty Meds Pending, Rx AVP Priority Specialty Meds Pending, Rx First Contact - AVP, Rx Second Contact - AVP, Rx Third Contact - AVP, Rx New Order - AVP, Rx Second Contact Pending - AVP, Rx Third Contact Pending - AVP, Rx Pharmacy Data Entry - AVP, Rx Pharmacy Data Entry, Rx Pharmacy Tech Fax Priority, Rx Pharmacy DUR, Rx Pharmacy DUR - AVP, Rx Priority DUR Queue, Rx Nevada DUR, Rx Pharmacy DUR Correction, Rx Partial Approvals, Rx Put on Files, Rx Clinic Emails, ADHOC Pharmacy Queue, Rx Pharmacy Tech Email, Rx Reship Queue, Reship Ready, Reship Placeholder Queue, Rx My Vet Email, Rx NCNO, Rx Pending Client Info, Rx Pending Client : CMM, Rx Tiger Team, Rx Waiting Queue, Rx Cancellation, Rx Dirty Queue, Denied Stamp, Cancel Order (Released to Pharm), Rx Pharmacy Priority Queue, Rx Priority Order Update, Rx My Vet Queue, Rx Pharmacist, Rx Pharmacist Follow-Up, Rx Lead Follow-up, Rx Technician Follow-Up, RX Approval Hub Wrong Clinic, Rx Vet Account Request, Rx ADHOC Email, Rx Pharmacy Fax Pending OCR, Rx Vet Diet Fax, RX Approval Hub Orders, PBC Follow Up.Q1, Petscriptions Intake Form.Q2, Petscriptions Emails, Vet & Clinic Verification  AND  Incidents > Queue  is modified this edit)",Transition State And Stop 02-Updated State
Incident,TransitionState_Stop,04-Pharmacy State,04 - RX Intended for Vet Diet,Enabled,If (Incidents > Disposition  equals  Vet Diet  AND  Incidents > Category  equals  Intended for Vet Diet),Transition State And Stop 03-Vet Diet State
Incident,TransitionState_Stop,05-Chewy Vet Care,05.06 Transfer to other teams,Enabled,"If (Incidents > Disposition  equals  Accounting, Customer Service, FC, PAW, Rescue, RX Pharmacy Tech, Supply, Team Leads, Vet Diet, Q&A, Legal, Merch, Tiger Team Escalation, The Zoo, Canada Team, Chewy+, CarePlus, Get Real)",Transition State And Stop 02-Updated State
Incident,TransitionState_Stop,06-Rx Pharmacy Initial Routing,06-Rx Pharmacy DUR NSP Hold [nsp][dverb],Enabled,If (Custom Field > Routing Tags  contains  [nsp]  AND  Custom Field > Routing Tags  contains  [dverb]),Transition State And Stop 04-Pharmacy State
Incident,TransitionState_Stop,06-Rx Pharmacy Initial Routing,06-Snail Mail Pilot [snl][nsp],Enabled,If (Custom Field > Routing Tags  contains  [snl]  AND  Custom Field > Routing Tags  contains  [nsp]),Transition State And Stop 04-Pharmacy State
Incident,TransitionState_Stop,06-Rx Pharmacy Initial Routing,06-Rx Pharmacy DUR - AVP [dur][hipr][gaba],Enabled,If (Custom Field > Routing Tags  contains  [dur]  AND  Custom Field > Routing Tags  contains  [hipr]  AND  Custom Field > Routing Tags  contains  [gaba]  AND  Custom Field > Routing Tags  does not contain  [dverb]),Transition State And Stop 04-Pharmacy State
Incident,TransitionState_Stop,06-Rx Pharmacy Initial Routing,06-Rx DUR POF Gaba [dur][pof][gaba],Enabled,If (Custom Field > Routing Tags  contains  [dur]  AND  Custom Field > Routing Tags  contains  [pof]  AND  Custom Field > Routing Tags  contains  [gaba]),Transition State And Stop 04-Pharmacy State
Incident,TransitionState_Stop,06-Rx Pharmacy Initial Routing,06-Rx Pharmacy DUR - AVP DV [dur][dverb][gaba],Enabled,If (Custom Field > Routing Tags  contains  [dur]  AND  Custom Field > Routing Tags  contains  [dverb]  AND  Custom Field > Routing Tags  contains  [gaba]),Transition State And Stop 04-Pharmacy State
Incident,TransitionState_Stop,06-Rx Pharmacy Initial Routing,06-Rx Pharmacist Follow-Up [pfu][gaba],Enabled,If (Custom Field > Routing Tags  contains  [pfu]  AND  Custom Field > Routing Tags  contains  [gaba]),Transition State And Stop 04-Pharmacy State
Incident,TransitionState_Stop,06-Rx Pharmacy Initial Routing,06-Rx DV Priority DUR [dur][dverb][hipr],Enabled,If (Custom Field > Routing Tags  contains  [dur]  AND  Custom Field > Routing Tags  contains  [dverb]  AND  Custom Field > Routing Tags  contains  [hipr]),Transition State And Stop 04-Pharmacy State
Incident,TransitionState_Stop,06-Rx Pharmacy Initial Routing,06-Rx DUR POF non-gaba/non-hipr [dur][pof],Enabled,If (Custom Field > Routing Tags  contains  [dur]  AND  Custom Field > Routing Tags  contains  [pof]),Transition State And Stop 04-Pharmacy State
Incident,TransitionState_Stop,06-Rx Pharmacy Initial Routing,06-Rx Pharmacy DUR DV [dur][dverb],Enabled,If (Custom Field > Routing Tags  contains  [dur]  AND  Custom Field > Routing Tags  contains  [dverb]),Transition State And Stop 04-Pharmacy State
Incident,TransitionState_Stop,06-Rx Pharmacy Initial Routing,06-Rx Pharmacist Follow-Up [pfu],Enabled,If (Custom Field > Routing Tags  contains  [pfu]),Transition State And Stop 04-Pharmacy State
Incident,TransitionState_Stop,06-Rx Pharmacy Initial Routing,"06-Rx NCNO"" Queue [ncno]",Enabled,If (Custom Field > Routing Tags  contains  [ncno]),Transition State And Stop 04-Pharmacy State
Incident,TransitionState_Stop,06-Rx Pharmacy Initial Routing,06-Snail Mail AVP [snl][avp]/[gaba],Enabled,If (Custom Field > Routing Tags  contains  [snl]  AND (  Custom Field > Routing Tags  contains  [avp]  OR  Custom Field > Routing Tags  contains  [gaba] )  AND  Custom Field > Routing Tags  does not contain  [nsp]),Transition State And Stop 04-Pharmacy State
Incident,TransitionState_Stop,06-Rx Pharmacy Initial Routing,06-Snail Mail SDF [snl][sdf],Enabled,If (Custom Field > Routing Tags  contains  [snl]  AND  Custom Field > Routing Tags  contains  [sdf]  AND  Custom Field > Routing Tags  does not contain  [nsp]),Transition State And Stop 04-Pharmacy State
Incident,TransitionState_Stop,06-Rx Pharmacy Initial Routing,06-Rx Pharmacy DUR - AVP DV [dur][gaba],Enabled,If (Custom Field > Routing Tags  contains  [dur]  AND  Custom Field > Routing Tags  contains  [gaba]  AND  Custom Field > Routing Tags  does not contain  [dverb]),Transition State And Stop 04-Pharmacy State
Incident,TransitionState_Stop,06-Rx Pharmacy Initial Routing,06-Rx DV Priority DUR [dur][hipr],Enabled,If (Custom Field > Routing Tags  contains  [dur]  AND  Custom Field > Routing Tags  contains  [hipr]  AND  Custom Field > Routing Tags  does not contain  [dverb]),Transition State And Stop 04-Pharmacy State
Incident,TransitionState_Stop,06-Rx Pharmacy Initial Routing,06-Rx Pharmacy DUR DV [dur],Enabled,If (Custom Field > Routing Tags  contains  [dur]  AND  Custom Field > Routing Tags  does not contain  [dverb]),Transition State And Stop 04-Pharmacy State
Incident,TransitionState_Stop,F01-Email Routing,01-Vet Diet Approval needed for Vet Rec,Disabled,If (Incidents > Subject  contains  Approval needed for Vet recommended foods),Transition State And Stop 02-Updated State
Incident,TransitionState_Stop,F01-Email Routing,01-Route to No Reply,Disabled,If (Incidents > Mailbox  equals  Chewy  AND (  Incidents > Subject  contains  An Update from Chewy CEO: Our Commitment to You  OR  Incidents > Subject  contains  Pet Rx without Disruption with Chewy  OR  Incidents > Subject  contains  Save BIG on Veterinary Diets!  OR  Incidents > Subject  contains  Pests Don't Stand A Chance! Shop Flea & Tick  OR  Incidents > Subject  contains  An Update from Chewy CEO to Our Valued Autoship Customers )),Transition State And Stop 02-Updated State
Incident,TransitionState_Stop,F01-Email Routing,01-Route to AGO,Enabled,If (Incidents > Mailbox  equals  Chewy  AND  Incidents > Email Header  contains  agoescalations@chewy.com),Transition State And Stop 02-Updated State
Incident,TransitionState_Stop,F01-Email Routing,01-Route to KBOP,Enabled,If (Incidents > Mailbox  equals  Chewy  AND  Incidents > Email Header  contains  healthcareescalations@chewy.com),Transition State And Stop 02-Updated State
Incident,TransitionState_Stop,F01-Email Routing,01-Route to BBB,Enabled,If (Incidents > Mailbox  equals  Chewy  AND  Incidents > Email Header  contains  DL-Chewy_BBB_Reviews@chewy.com),Transition State And Stop 02-Updated State
Incident,TransitionState_Stop,F01-Email Routing,01-Data Protection Routing,Enabled,If (Incidents > Mailbox  equals  null),Transition State And Stop 02-Updated State
Incident,TransitionState_Stop,F01-Email Routing,01-Vet Chat Email Routing,Enabled,If (Incidents > Mailbox  equals  null),Transition State And Stop 02-Updated State
Incident,TransitionState_Stop,F01-Email Routing,01-ADHOC Emails,Disabled,"If ((  Incidents > Subject  equals  Your next Autoship order is coming up!  OR  Incidents > Subject  contains  Your payment has been declined  OR  Incidents > Subject  equals  Thanks for your Autoship order!  OR  Incidents > Subject  equals  Thanks for your Chewy order! )  AND  Incidents > Mailbox  equals  Chewy  AND  Incidents > Queue  not equals  General Email, General Email Overflow, Gen CS Priority Queue)",Transition State And Stop 02-Updated State
Incident,TransitionState_Stop,F01-Email Routing,01-ADHOC Email (BCE),Enabled,If (Incidents > Subject  contains  URGENT RECALL NOTICE - Victor Dry Dog & Cat Food  AND  Incidents > Mailbox  equals  Chewy),Transition State And Stop 02-Updated State
Incident,TransitionState_Stop,F01-Email Routing,01-ADHOC Email (BCE) - Pharmacy,Enabled,If (Incidents > Subject  contains  RX Impact Email),Transition State And Stop 04-Pharmacy State
Incident,TransitionState_Stop,F01-Email Routing,01-Advertising Emails,Enabled,If (Incidents > Mailbox  equals  null),Transition State And Stop 02-Updated State
Incident,TransitionState_Stop,F01-Email Routing,F01-CVC Mails,Enabled,If (Incidents > Mailbox  equals  Vet Care Team),Transition State And Stop 05-Chewy Vet Care
Incident,TransitionState_Stop,F01-Email Routing,F01- Pet Insurance Emails,Enabled,If (Incidents > Mailbox  equals  Pet Insurance by Chewy),Transition State And Stop 02-Updated State
Incident,TransitionState_Stop,F01-Email Routing,01-The Zoo Emails,Enabled,If (Incidents > Mailbox  equals  thezoosupport@custhelp.com),Transition State And Stop 02-Updated State
Incident,TransitionState_Stop,F01-Email Routing,F01-Writing Team Leads Set Flag,Enabled,If (Incidents > Email Header  match regex  writingteamleads@chewy.com),Transition State And Stop 02-Updated State
Incident,TransitionState_Stop,F01-Email Routing,01-VendorP49 Emails,Enabled,"If (Incidents > Mailbox  equals  null, null)",Transition State And Stop 50-Chewy CA State
Incident,TransitionState_Stop,F01-Email Routing,01-Vet Support Emails,Enabled,If (Incidents > Mailbox  equals  vetsupport@custhelp.com),Transition State And Stop 02-Updated State
Incident,TransitionState_Stop,F01-Email Routing,01-Healthcare Email Routing,Enabled,"If ((  Incidents > Subject  equals  Update on your order: Veterinary diet item needs authorization  OR  Incidents > Subject  equals  Please contact us about your veterinary diet item  OR  Incidents > Subject  equals  Vet Authorization Request Form  OR  Incidents > Subject  equals  Please contact your vet clinic  OR  Incidents > Subject  contains  Approval needed for Vet recommended foods )  AND  Incidents > Mailbox  equals  Chewy  AND  Incidents > Queue  not equals  General Email, General Email Overflow, Gen CS Priority Queue)",Transition State And Stop 02-Updated State
Incident,TransitionState_Stop,F01-Email Routing,01-Urgent Emails,Disabled,If ((  Incidents > Subject  contains  We're preparing your Autoship!  OR  Incidents > Subject  equals  3 days left to change your Autoship! )  AND  Incidents > Mailbox  equals  Chewy  AND  Incidents > Subject  does not contain  Delivery Exception),Transition State And Stop 02-Updated State
Incident,TransitionState_Stop,F01-Email Routing,01-Humane Society Emails,Disabled,If ((  Incidents > Subject  contains  humane society  OR  Incidents > Customer thread  contains  humane society  OR  Incidents > Customer thread  contains  HSUS  OR  Incidents > Subject  contains  HSUS )  AND  Incidents > Mailbox  equals  Chewy  AND  Incidents > Status  not equals  Updated),Transition State And Stop 02-Updated State
Incident,TransitionState_Stop,F01-Email Routing,01-Cancel Order Emails,Enabled,If (Incidents > Subject  contains  Cancel  AND  Incidents > Mailbox  equals  Chewy),Transition State And Stop 02-Updated State
Incident,TransitionState_Stop,F01-Email Routing,01-Autoship Update Email,Enabled,If (Incidents > Subject  equals  Important Update About Your Autoship Order  AND  Incidents > Mailbox  equals  Chewy),Transition State And Stop 02-Updated State
Incident,TransitionState_Stop,F01-Email Routing,01-Save 5 Autoship,Disabled,If (Incidents > Subject  contains  Want $5 Off Your Upcoming Autoship?  AND  Incidents > Mailbox  equals  Chewy),Transition State And Stop 02-Updated State
Incident,TransitionState_Stop,F01-Email Routing,01-Recall Emails,Disabled,"If (Incidents > Subject  contains  A&E Cage Co, LLC  AND  Incidents > Mailbox  equals  Chewy)",Transition State And Stop 02-Updated State
Incident,TransitionState_Stop,F01-Email Routing,01-Recall Emails Routing,Disabled,If (Incidents > Subject  contains  Your Order is About to Ship. Any Add-ons?  AND  Incidents > Mailbox  equals  Chewy),Transition State And Stop 02-Updated State
Incident,TransitionState_Stop,F01-Email Routing,01-ADHOC Email Routing,Disabled,If ((  Incidents > Subject  contains  Your message to Chewy  OR  Incidents > Subject  contains  received an email  OR  Incidents > Subject  contains  received email  OR  Incidents > Subject  contains  I got an email  OR  Incidents > Subject  contains  I just got an email  OR  Incidents > Subject  contains  I just got an e-mail )  AND  Incidents > Mailbox  equals  Chewy),Transition State And Stop 02-Updated State
Incident,TransitionState_Stop,F01-Email Routing,01- Pharmacy Recall Emails,Enabled,If (Incidents > Subject  equals  Important Update about your Chewy Pharmacy Order  AND  Incidents > Mailbox  equals  Chewy),Transition State And Stop 04-Pharmacy State
Incident,TransitionState_Stop,F01-Email Routing,01- Vendor Disputes Email Routing,Enabled,If (Incidents > Incoming Mailbox  equals  Chewy Vendor Disputes),Transition State And Stop 02-Updated State
Incident,TransitionState_Stop,F01-Email Routing,01- Vendor Specialist Email Routing,Enabled,If (Incidents > Incoming Mailbox  equals  Chewy Merch),Transition State And Stop 02-Updated State
Incident,TransitionState_Stop,F01-Email Routing,01- Vendor Care Email Routing,Enabled,If (Incidents > Incoming Mailbox  equals  Chewy Vendor Care),Transition State And Stop 02-Updated State
Incident,TransitionState_Stop,F01-Email Routing,01 - Vendor Growth Email Routing,Enabled,If (Incidents > Mailbox  equals  vendorgrowthpartners@custhelp.com),Transition State And Stop 02-Updated State
Incident,TransitionState_Stop,F01-Email Routing,01- Vendor Accounting Email Routing,Enabled,If (Incidents > Incoming Mailbox  equals  Chewy Accounting),Transition State And Stop 02-Updated State
Incident,TransitionState_Stop,F01-Email Routing,01- Vendor EDI Email Routing,Enabled,If (Incidents > Incoming Mailbox  equals  Chewy EDI),Transition State And Stop 02-Updated State
Incident,TransitionState_Stop,F01-Email Routing,01- Vendor Compliance Email Routing,Enabled,If (Incidents > Incoming Mailbox  equals  Chewy Vendor Service Portal),Transition State And Stop 02-Updated State
Incident,TransitionState_Stop,F01-Email Routing,01- Vendor Transportation Email Routing,Enabled,If (Incidents > Incoming Mailbox  equals  Chewy Transportation),Transition State And Stop 02-Updated State
Incident,TransitionState_Stop,F01-Email Routing,F01- Chewy Rx Pharmacy Snail Mail SDF,Enabled,If (Incidents > Subject  contains  Chewy Snail Mail SDF  AND  Incidents > Source  equals  Techmail - Service Mailbox),Transition State And Stop 04-Pharmacy State
Incident,TransitionState_Stop,F01-Email Routing,F01- Chewy Rx Pharmacy Snail Mail AVP,Enabled,If (Incidents > Subject  contains  Chewy Snail Mail AVP  AND  Incidents > Source  equals  Techmail - Service Mailbox),Transition State And Stop 04-Pharmacy State
Incident,TransitionState_Stop,F01-Email Routing,01- Unsubscribe Email Routing,Enabled,If (Incidents > Queue  equals  Unspecified  AND  Incidents > Mailbox  equals  null  AND  Incidents > Category  equals  Unspecified),Transition State And Stop 02-Updated State
Incident,TransitionState_Stop,F01-Email Routing,01- Leads Email Routing,Enabled,If (Incidents > Incoming Mailbox  equals  Leads),Transition State And Stop 02-Updated State
Incident,TransitionState_Stop,F01-Email Routing,01- Supply Reply General Routing,Enabled,"If (Incidents > Queue  equals  General Email, General Email Overflow, Supply, Supply Shipping, Supply Warehouse  AND  Custom Field > Supply Escalation Reason  equals  Box Request, Defective, Exceptions, Infestation, OOS Request, Overnight Request, Past Expiration, PDI, Pick-Up Request, Pull-Back Request, Reroute Request, RMA Request, Shipper/Delivery Complaints, Warehouse/Packaging Complaints, RMA Refund Failed, FedEx Delivery Exceptions, Unspecified  AND  Incidents > Incoming Mailbox  equals  Supply Mailbox, Chewy, Unspecified  AND  Incidents > Updated from  equals  Utilities)",Transition State And Stop 02-Updated State
Incident,TransitionState_Stop,F01-Email Routing,01- Rescue Routing,Enabled,If (Incidents > Queue  equals  Unspecified  AND  Incidents > Incoming Mailbox  equals  Rescue),Transition State And Stop 02-Updated State
Incident,TransitionState_Stop,F01-Email Routing,01-Transition State,Enabled,If (),Transition State And Stop 02-Updated State
Incident,TransitionState_Stop,F01-G Email Routing,F01-G-CVC Mails,Enabled,If (Incidents > Mailbox  equals  Vet Care Team  AND  Incidents > Queue  equals  CVC General  AND (  Incidents > Channel  equals  Email  OR  Custom Field > Channel  equals  Email )),Transition State And Stop 05-Chewy Vet Care
Incident,TransitionState_Stop,F01-G Email Routing,F01-G- Pet Insurance Emails,Enabled,If (Incidents > Mailbox  equals  Pet Insurance by Chewy  AND  Incidents > Queue  equals  Insurance Email  AND (  Incidents > Channel  equals  Email  OR  Custom Field > Channel  equals  Email )),Transition State And Stop 02-Updated State
Incident,TransitionState_Stop,F01-G Email Routing,F01-G-The Zoo Emails,Enabled,If (Incidents > Mailbox  equals  thezoosupport@custhelp.com  AND (  Incidents > Channel  equals  Email  OR  Custom Field > Channel  equals  Email )  AND  Incidents > Queue  equals  The Zoo),Transition State And Stop 02-Updated State
Incident,TransitionState_Stop,F01-G Email Routing,F01-G-Healthcare Email Routing,Enabled,If ((  Incidents > Subject  equals  Update on your order: Veterinary diet item needs authorization  OR  Incidents > Subject  equals  Please contact us about your veterinary diet item  OR  Incidents > Subject  equals  Vet Authorization Request Form  OR  Incidents > Subject  equals  Please contact your vet clinic  OR  Incidents > Subject  contains  Approval needed for Vet recommended foods )  AND  Incidents > Mailbox  equals  Chewy  AND  Incidents > Queue  equals  Vet Diet  AND (  Incidents > Channel  equals  Email  OR  Custom Field > Channel  equals  Email )),Transition State And Stop 02-Updated State
Incident,TransitionState_Stop,F01-G Email Routing,F01-G-Cancel Order Emails,Enabled,If (Incidents > Subject  contains  Cancel  AND  Incidents > Mailbox  equals  Chewy  AND  Incidents > Queue  equals  General Email  AND (  Incidents > Channel  equals  Email  OR  Custom Field > Channel  equals  Email )),Transition State And Stop 02-Updated State
Incident,TransitionState_Stop,F01-G Email Routing,F01-G-Autoship Update Email,Enabled,If (Incidents > Subject  equals  Important Update About Your Autoship Order  AND  Incidents > Mailbox  equals  Chewy  AND  Incidents > Queue  equals  Gen CS Priority Queue  AND (  Incidents > Channel  equals  Email  OR  Custom Field > Channel  equals  Email )),Transition State And Stop 02-Updated State
Incident,TransitionState_Stop,F01-G Email Routing,F01-G- Pharmacy Recall Emails,Enabled,If (Incidents > Subject  equals  Important Update about your Chewy Pharmacy Order  AND  Incidents > Mailbox  equals  Chewy  AND  Incidents > Queue  equals  Rx Pharmacy Tech Email  AND (  Incidents > Channel  equals  Email  OR  Custom Field > Channel  equals  Email )),Transition State And Stop 04-Pharmacy State
Incident,TransitionState_Stop,F01-G Email Routing,F01-G- Unsubscribe Email Routing,Enabled,If (Incidents > Queue  equals  General Email  AND  Incidents > Category  equals  Unspecified  AND (  Incidents > Channel  equals  Email  OR  Custom Field > Channel  equals  Email )),Transition State And Stop 02-Updated State
Incident,TransitionState_Stop,F01-G Email Routing,F01-G- Leads Email Routing,Enabled,If (Incidents > Incoming Mailbox  equals  Leads  AND  Incidents > Queue  equals  Team Leads  AND (  Incidents > Channel  equals  Email  OR  Custom Field > Channel  equals  Email )),Transition State And Stop 02-Updated State
Incident,TransitionState_Stop,F01-G Email Routing,F01-G- Rescue Routing,Enabled,If (Incidents > Incoming Mailbox  equals  Rescue  AND  Incidents > Queue  equals  Rescue  AND (  Incidents > Channel  equals  Email  OR  Custom Field > Channel  equals  Email )),Transition State And Stop 02-Updated State
Incident,TransitionState_Stop,F02-Cardwriting Update,02-Picked Up Email,Enabled,If (Incidents > Category  equals  Card Writing Process  AND  Incidents > Disposition  equals  Picked-Up  AND  Incidents > Status  not equals  Solved),Transition State And Stop 02-Updated State
Incident,TransitionState_Stop,F03-Cardwriting Process,03-Dropped Off Email,Enabled,If (Incidents > Disposition  equals  Dropped Off  AND  Incidents > Status  not equals  Solved  AND  Incidents > Disposition  is modified this edit),Transition State And Stop 02-Updated State
Incident,TransitionState_Stop,F03-Cardwriting Process,03-Passed Due Email,Enabled,If (Incidents > Disposition  equals  Past Due  AND  Incidents > Status  not equals  Solved  AND  Incidents > Disposition  is modified this edit),Transition State And Stop 02-Updated State
Incident,TransitionState_Stop,F03-Cardwriting Process,03-Final Notice Email,Enabled,If (Incidents > Disposition  equals  Final Notice  AND  Incidents > Status  not equals  Solved  AND  Incidents > Disposition  is modified this edit),Transition State And Stop 02-Updated State
Incident,TransitionState_Stop,F03-Cardwriting Process,03-Extension Granted Email,Enabled,If (Incidents > Disposition  equals  Extension Granted  AND  Incidents > Status  not equals  Solved  AND  Incidents > Disposition  is modified this edit),Transition State And Stop 02-Updated State
Incident,TransitionState_Stop,F03-Cardwriting Process,03-Feedback Email,Enabled,If (Incidents > Disposition  equals  Ready for Finance  AND  Incidents > Status  not equals  Solved  AND  Incidents > Disposition  is modified this edit    AND  Custom Field > Description  is modified this edit),Transition State And Stop 02-Updated State
Incident,TransitionState_Stop,F03-Cardwriting Process,03-Ready for Finance Email,Enabled,If (Incidents > Disposition  equals  Ready for Finance  AND  Incidents > Status  not equals  Solved  AND  Incidents > Disposition  is modified this edit),Transition State And Stop 02-Updated State
Incident,TransitionState_Stop,F04-Case Update,04-Cancel Pharmacy Null Order,Enabled,"If (Incidents > Queue  is modified this edit    AND  Incidents > Queue  equals  Rx Cancellation  AND  Incidents > Status  equals  Follow-Up, Unresolved, Updated, Waiting, Unspecified  AND  Orders > OrderId  is null)",Transition State And Stop 04-Pharmacy State
Incident,TransitionState_Stop,F04-Case Update,04-Cancel Vet Diet Null Order,Enabled,"If (Incidents > Queue  is modified this edit    AND  Incidents > Queue  equals  Vet Diet Pending Cancellation  AND  Incidents > Status  equals  Follow-Up, Unresolved, Updated, Waiting, Unspecified  AND  Orders > OrderId  is null)",Transition State And Stop 03-Vet Diet State
Incident,TransitionState_Stop,F04-Case Update,04-Cancel Vet Diet Order,Enabled,"If (Incidents > Queue  is modified this edit    AND  Incidents > Queue  equals  Vet Diet Pending Cancellation  AND  Incidents > Status  equals  Follow-Up, Unresolved, Updated, Waiting, Unspecified  AND  Orders > OrderId  is not null)",Transition State And Stop 03-Vet Diet State
Incident,TransitionState_Stop,F04-Case Update,04-FC Escalation,Enabled,"If (Incidents > Status  equals  Updated  AND  Incidents > Status  is modified this edit    AND  Incidents > Queue  equals  AVP1, CFC, DFW, EFC, PHX, MCO, WFC, Merch, Vendor Compliance, Private Label, PAW RRC Abuse Suspected, FC Sample Center, FC Management)",Transition State And Stop 02-Updated State
Incident,TransitionState_Stop,F04-Case Update,04-Legal Escalation,Enabled,If (Incidents > Disposition  equals  Legal  AND  Incidents > Disposition  is modified this edit),Transition State And Stop 02-Updated State
Incident,TransitionState_Stop,F04-Case Update,04-Vet Diet Escalation,Enabled,"If (Incidents > Disposition  equals  Vet Diet  AND  Incidents > Queue  not equals  Vet Diet Uploads  AND  Incidents > Disposition  is modified this edit    AND  Custom Field > Vet Diet Escalation Reason  equals  Approval, Approval Hub, Denial, Fax Request , Pharmacy Escalation, Unspecified  AND  Custom Field > Channel  equals  Email, Fax)",Transition State And Stop 03-Vet Diet State
Incident,TransitionState_Stop,F04-Case Update,04-Vet Diet Escalation 4 Other Channels,Enabled,"If (Incidents > Disposition  equals  Vet Diet  AND  Incidents > Queue  not equals  Vet Diet Uploads  AND  Incidents > Disposition  is modified this edit    AND  Custom Field > Channel  not equals  Chat, Email, Fax)",Transition State And Stop 03-Vet Diet State
Incident,TransitionState_Stop,F04-Case Update,04-Vet Diet Escalation for Chat incident,Enabled,"If (Incidents > Disposition  equals  Vet Diet  AND  Incidents > Queue  not equals  Vet Diet Uploads  AND  Incidents > Disposition  is modified this edit    AND  Custom Field > Vet Diet Escalation Reason  equals  Approval, Approval Hub, Denial, Fax Request , Pharmacy Escalation, Unspecified  AND  Custom Field > Channel  equals  Chat)",Transition State And Stop 03-Vet Diet State
Incident,TransitionState_Stop,F04-Case Update,F04-Chewy+ Escalation,Enabled,If ((  Incidents > Disposition  equals  Chewy+  AND  Incidents > Disposition  is modified this edit   )),Transition State And Stop 02-Updated State
Incident,TransitionState_Stop,F04-Case Update,F04-Pet Insurance Escalation,Enabled,If ((  Incidents > Disposition  equals  CarePlus  AND  Incidents > Disposition  is modified this edit    AND  Incidents > Queue  not equals  CarePlus Waiting  AND  Custom Field > Follow-Up Time  is not null   )),Transition State And Stop 02-Updated State
Incident,TransitionState_Stop,F04-Case Update,04-RX Pharmacy Tech Esc - Dep,Disabled,If (Incidents > Disposition  equals  RX Pharmacy Tech  AND  Incidents > Disposition  is modified this edit    AND  Incidents > Queue  not equals  Cancel Order (Released to Pharm)),Transition State And Stop 04-Pharmacy State
Incident,TransitionState_Stop,F04-Case Update,04-RX Pharmacy Cancel Requests,Enabled,"If (Incidents > Disposition  equals  RX Pharmacy Tech  AND  Incidents > Disposition  is modified this edit    AND  Incidents > Category  equals  Incomplete Order/Backorder, Scheduling Mistake, Shipped Before Next Fulfillment Date (NFD), Used Wrong Credit Card (CC), Cancel Order, Cancel Order Request (Released to Pharmacy), Cancel Order)",Transition State And Stop 04-Pharmacy State
Incident,TransitionState_Stop,F04-Case Update,F04-RX Pharmacist DUR CA,Disabled,"If (Incidents > Queue  is modified this edit    AND  Incidents > Queue  equals  Rx Pharmacy DUR, Rx TeleMed DUR  AND  Custom Field > Shipping Address State  equals  CA)",Transition State And Stop 04-Pharmacy State
Incident,TransitionState_Stop,F04-Case Update,04-RX Pharmacist DUR-Unblocked,Enabled,"If (Incidents > Disposition  equals  RX Pharmacist  AND  Incidents > Category  equals  Refill Order  AND  Incidents > Updated from  equals  Public API  AND  Custom Field > Channel  not equals  Approval Hub, Gabapentin)",Transition State And Stop 04-Pharmacy State
Incident,TransitionState_Stop,F04-Case Update,04-RX Pharmacist DUR-LS Unblocked,Enabled,If (Incidents > Disposition  equals  RX Pharmacist  AND  Incidents > Category  equals  LS Refill Order  AND  Incidents > Category  is modified this edit    AND  Incidents > Updated from  equals  Public API  AND  Custom Field > Channel  not equals  Gabapentin),Transition State And Stop 04-Pharmacy State
Incident,TransitionState_Stop,F04-Case Update,04-RX Pharmacist DUR-Entered,Enabled,"If (Incidents > Disposition  equals  RX Pharmacist  AND  Incidents > Updated from  equals  Public API  AND ( (  Incidents > Category  equals  Verbal Approval, Approval, Mail Received, Mailer, Put on File  AND  Incidents > Category  is modified this edit    AND  Custom Field > Channel  not equals  Rx Order, Gabapentin )  OR (  Incidents > Queue  not equals  Rx Nevada DUR, Rx Pharmacy DUR, Rx Pharmacy DUR - AVP, Rx Pharmacist Follow-Up, Rx Priority DUR Queue  AND  Custom Field > Channel  equals  Rx Order  AND  Incidents > Category  equals  Approval, Refill Order, LS Refill Order  AND  Incidents > Status  not equals  Solved, Follow-Up ) ))",Transition State And Stop 04-Pharmacy State
Incident,TransitionState_Stop,F04-Case Update,04-RX Pharmacist DUR - New,Enabled,"If (Incidents > Disposition  equals  RX Pharmacist  AND  Incidents > Category  equals  Mail Received, Mailer, Put on File, Approval, Verbal Approval  AND  Incidents > Category  is modified this edit    AND  Incidents > Updated from  equals  CX Console, Web Console  AND  Custom Field > Channel  not equals  Gabapentin)",Transition State And Stop 04-Pharmacy State
Incident,TransitionState_Stop,F04-Case Update,04-Rx Pharmacist NV DUR-Unblocked,Disabled,If (Incidents > Disposition  equals  RX Pharmacist  AND  Incidents > Category  equals  Refill Order  AND  Incidents > Category  is modified this edit    AND  Incidents > Updated from  equals  Public API  AND  Custom Field > Channel  not equals  Approval Hub  AND  Custom Field > Shipping Address State  equals  NV),Transition State And Stop 04-Pharmacy State
Incident,TransitionState_Stop,F04-Case Update,04-Rx Pharmacist NV DUR-LS Unblocked,Disabled,"If (Incidents > Disposition  equals  RX Pharmacist  AND  Incidents > Category  equals  LS Refill Order  AND  Incidents > Category  is modified this edit    AND  Incidents > Updated from  equals  Public API  AND  Custom Field > Channel  not equals  Approval Hub, Gabapentin)",Transition State And Stop 04-Pharmacy State
Incident,TransitionState_Stop,F04-Case Update,04-Rx Pharmacist NV DUR-Entered,Disabled,"If (Incidents > Disposition  equals  RX Pharmacist  AND  Incidents > Category  equals  Mail Received, Mailer, Put on File, Approval, Verbal Approval  AND  Incidents > Category  is modified this edit    AND  Incidents > Updated from  equals  Public API  AND  Custom Field > Channel  not equals  Rx Order  AND  Custom Field > Shipping Address State  equals  NV)",Transition State And Stop 04-Pharmacy State
Incident,TransitionState_Stop,F04-Case Update,04-Rx Pharmacist NV DUR - New,Disabled,"If (Incidents > Disposition  equals  RX Pharmacist  AND  Incidents > Category  equals  Mail Received, Mailer, Put on File, Approval, Verbal Approval  AND  Incidents > Category  is modified this edit    AND  Incidents > Updated from  equals  CX Console, Web Console  AND  Custom Field > Shipping Address State  equals  NV)",Transition State And Stop 04-Pharmacy State
Incident,TransitionState_Stop,F04-Case Update,04-Rx Pharmacist AVP DUR-Unblocked,Enabled,If (Incidents > Disposition  equals  RX Pharmacist  AND  Incidents > Category  equals  Refill Order  AND  Incidents > Category  is modified this edit    AND  Incidents > Updated from  equals  Public API  AND  Custom Field > Channel  equals  Gabapentin),Transition State And Stop 04-Pharmacy State
Incident,TransitionState_Stop,F04-Case Update,04-Rx Pharmacist AVP DUR-LS Unblocked,Enabled,If (Incidents > Disposition  equals  RX Pharmacist  AND  Incidents > Category  equals  LS Refill Order  AND  Incidents > Category  is modified this edit    AND  Incidents > Updated from  equals  Public API  AND  Custom Field > Channel  equals  Gabapentin),Transition State And Stop 04-Pharmacy State
Incident,TransitionState_Stop,F04-Case Update,04-Rx Pharmacist AVP DUR-Entered,Enabled,"If (Incidents > Disposition  equals  RX Pharmacist  AND  Incidents > Category  equals  Mail Received, Mailer, Put on File, Approval, Verbal Approval  AND  Incidents > Category  is modified this edit    AND  Incidents > Updated from  equals  Public API  AND  Custom Field > Channel  equals  Gabapentin)",Transition State And Stop 04-Pharmacy State
Incident,TransitionState_Stop,F04-Case Update,04-Rx Pharmacist AVP DUR - New,Enabled,"If (Incidents > Disposition  equals  RX Pharmacist  AND  Incidents > Category  equals  Mail Received, Mailer, Put on File, Approval, Verbal Approval  AND  Incidents > Category  is modified this edit    AND  Incidents > Updated from  equals  CX Console, Web Console  AND  Custom Field > Channel  equals  Gabapentin)",Transition State And Stop 04-Pharmacy State
Incident,TransitionState_Stop,F04-Case Update,04-RX Pharmacist Reship,Enabled,If (Incidents > Disposition  equals  RX Pharmacist  AND  Incidents > Category  equals  Reship  AND  Incidents > Category  is modified this edit    AND  Custom Field > Channel  not equals  Gabapentin),Transition State And Stop 04-Pharmacy State
Incident,TransitionState_Stop,F04-Case Update,04-RX Pharmacist Reship AVP - Gaba,Enabled,If (Incidents > Disposition  equals  RX Pharmacist  AND  Incidents > Category  equals  Reship  AND  Incidents > Category  is modified this edit    AND  Custom Field > Channel  equals  Gabapentin),Transition State And Stop 04-Pharmacy State
Incident,TransitionState_Stop,F04-Case Update,04-Rescue Escalation,Enabled,"If (Incidents > Disposition  equals  Rescue  AND  Incidents > Queue  not equals  Rescue, Unspecified  AND  Incidents > Disposition  is modified this edit    AND  Custom Field > General Escalation Request  not equals  Pet Adoptions)",Transition State And Stop 02-Updated State
Incident,TransitionState_Stop,F04-Case Update,04-WOW Escalation,Disabled,If (Incidents > Disposition  equals  WOW  AND  Incidents > Disposition  is modified this edit    AND  Incidents > Group  not equals  Admin),Transition State And Stop 02-Updated State
Incident,TransitionState_Stop,F04-Case Update,04-WOW Transfer to Print,Enabled,If (Incidents > Disposition  equals  Supply  AND  Incidents > Disposition  is modified this edit    AND  Custom Field > Supply Escalation Reason  equals  RMA Request  AND  Custom Field > RMA Request Type  equals  Snail Mail  AND  Custom Field > Sign Off  not equals  WOWtoSupply),Transition State And Stop 02-Updated State
Incident,TransitionState_Stop,F04-Case Update,04-Adoption Inquiry,Enabled,"If (Incidents > Disposition  equals  Rescue  AND  Incidents > Queue  not equals  Rescue, Unspecified  AND  Incidents > Disposition  is modified this edit    AND  Custom Field > General Escalation Request  equals  Pet Adoptions)",Transition State And Stop 02-Updated State
Incident,TransitionState_Stop,F04-Case Update,04-Accounting Escalation,Enabled,If (Incidents > Disposition  equals  Accounting  AND  Incidents > Queue  not equals  Accounting  AND  Incidents > Disposition  is modified this edit),Transition State And Stop 02-Updated State
Incident,TransitionState_Stop,F04-Case Update,04-Team Lead Escalation from other States,Enabled,If (Incidents > Disposition  equals  Team Leads  AND  Incidents > Disposition  is modified this edit    AND  Incidents > Queue  equals  Team Leads  AND  Incidents > Queue  is modified this edit),Transition State And Stop 02-Updated State
Incident,TransitionState_Stop,F04-Case Update,F04-Rx Tiger Team Escalation,Enabled,If (Incidents > Disposition  equals  Rx Tiger Team  AND  Incidents > Disposition  is modified this edit),Transition State And Stop 04-Pharmacy State
Incident,TransitionState_Stop,F04-Case Update,04-Emails Resolved Not Sent,Enabled,"If (Incidents > Disposition  equals  Resolved  AND  Incidents > Disposition  is modified this edit    AND  Incidents > Channel  equals  Email, Outreach Email, Email  AND  Incidents > Response Sent  equals  No  AND  Incidents > Queue  equals  General Email, General Email Overflow, Customer Service, Unspecified  AND  Incidents > Status  not equals  Solved)",Transition State And Stop 02-Updated State
Incident,TransitionState_Stop,F04-Case Update,F04- Get Real Escalation,Enabled,If ((  Incidents > Disposition  equals  Get Real  AND  Incidents > Disposition  is modified this edit   )),Transition State And Stop 02-Updated State
Incident,TransitionState_Stop,F04-Case Update,F04- Queue Catchall,Enabled,If (Incidents > Queue  is null),Transition State And Stop 02-Updated State
Incident,TransitionState_Stop,F04-Case Update,04-Transition State and Stop,Enabled,If (),Transition State And Stop 02-Updated State
Incident,TransitionState_Stop,F05-NPS Routing,05-Positive Reviews,Disabled,If (Custom Field > NPS Rating  greater than  6  AND  Custom Field > Recommend to a friend  equals  Yes),Transition State And Stop 02-Updated State
Incident,TransitionState_Stop,F05-NPS Routing,05-Negative Review,Enabled,If (Custom Field > Recommend to a friend  equals  Yes  OR  Custom Field > NPS Rating  is null),Transition State And Stop 02-Updated State
Incident,TransitionState_Stop,F05-NPS Routing,05-No Recommendation,Enabled,If (Custom Field > Recommend to a friend  equals  No),Transition State And Stop 02-Updated State
Incident,TransitionState_Stop,F09-Update Shipping Carrier,09-Lasership Pullback Request,Enabled,"If (Custom Field > Shipper  equals  Lasership  AND  Custom Field > Supply Escalation Reason  equals  Pull-Back Request  AND  Custom Field > Tracking Status  is modified this edit    AND  Custom Field > Tracking Number  is not null    AND  Custom Field > Tracking Status  equals  In Transit, Out for Delivery, No Information Found)",Transition State And Stop 02-Updated State
Incident,TransitionState_Stop,F09-Update Shipping Carrier,09-OnTrac Pullback Request,Enabled,"If (Custom Field > Shipper  equals  OnTrac  AND  Custom Field > Supply Escalation Reason  equals  Pull-Back Request  AND  Custom Field > Tracking Status  is modified this edit    AND  Custom Field > Tracking Number  is not null    AND  Custom Field > Tracking Status  equals  In Transit, Out for Delivery, No Information Found)",Transition State And Stop 02-Updated State
Incident,TransitionState_Stop,F09-Update Shipping Carrier,09-FedEx Pullback Request,Enabled,"If (Custom Field > Shipper  equals  FedEx  AND  Custom Field > Supply Escalation Reason  equals  Pull-Back Request  AND  Custom Field > Tracking Status  is modified this edit    AND  Custom Field > Tracking Number  is not null    AND  Custom Field > Tracking Status  equals  In Transit, Out for Delivery, No Information Found)",Transition State And Stop 02-Updated State
Incident,TransitionState_Stop,F09-Update Shipping Carrier,09-Lasership Reroute Request,Enabled,"If (Custom Field > Shipper  equals  Lasership  AND  Custom Field > Supply Escalation Reason  equals  Reroute Request  AND  Custom Field > Tracking Status  is modified this edit    AND  Custom Field > Tracking Number  is not null    AND  Custom Field > Tracking Status  equals  In Transit, Out for Delivery, No Information Found)",Transition State And Stop 02-Updated State
Incident,TransitionState_Stop,F09-Update Shipping Carrier,09-OnTrac Reroute Request,Enabled,"If (Custom Field > Shipper  equals  OnTrac  AND  Custom Field > Supply Escalation Reason  equals  Reroute Request  AND  Custom Field > Tracking Status  is modified this edit    AND  Custom Field > Tracking Number  is not null    AND  Custom Field > Tracking Status  equals  In Transit, Out for Delivery, No Information Found)",Transition State And Stop 02-Updated State
Incident,TransitionState_Stop,F09-Update Shipping Carrier,09-FedEx Reroute Request,Enabled,"If (Custom Field > Shipper  equals  FedEx  AND  Custom Field > Supply Escalation Reason  equals  Reroute Request  AND  Custom Field > Tracking Status  is modified this edit    AND  Custom Field > Tracking Number  is not null    AND  Custom Field > Tracking Status  equals  In Transit, Out for Delivery, No Information Found)",Transition State And Stop 02-Updated State
Incident,TransitionState_Stop,F10-Pharmacy Vet Waiting,F10- Rx Waiting First Touch - Chain,Enabled,"If (Incidents > Status  equals  Waiting  AND  Incidents > Escalation Level  not equals  Pharmacy Waiting First Touch, Pharmacy Waiting Touch 2  AND  Incidents > Source  equals  CX Console, Techmail - Service Mailbox, Public API, Data Import, Web Console  AND  Incidents > Queue  equals  Rx Waiting Queue  AND  Incidents > Disposition  equals  Pending Second Contact)",Transition State And Stop 04-Pharmacy State
Incident,TransitionState_Stop,F10-Pharmacy Vet Waiting,F10- Rx Waiting Touch 2- Chain,Enabled,"If (Incidents > Status  equals  Waiting  AND  Incidents > Escalation Level  not equals  Pharmacy Waiting Touch 2  AND  Incidents > Source  equals  CX Console, Techmail - Service Mailbox, Public API, Data Import, Web Console  AND  Incidents > Queue  equals  Rx Waiting Queue  AND  Incidents > Disposition  equals  Pending Second Contact)",Transition State And Stop 04-Pharmacy State
Incident,TransitionState_Stop,F10-Pharmacy Vet Waiting,F10- Rx Waiting Touch 2 - Action,Disabled,If (Incidents > Escalation Level  equals  Pharmacy Waiting Touch 2  AND  Incidents > Previous Escalation Level  not equals  Pharmacy Waiting Touch 2  AND  Incidents > Disposition  equals  Pending Second Contact  AND  Incidents > Queue  equals  Rx Waiting Queue  AND  Incidents > Status  equals  Waiting),Transition State And Stop 04-Pharmacy State
Incident,TransitionState_Stop,F10-Pharmacy Vet Waiting,F10- Rx SDF Waiting Touch 2 - Action,Enabled,If (Incidents > Escalation Level  equals  Pharmacy Waiting Touch 2  AND  Incidents > Previous Escalation Level  not equals  Pharmacy Waiting Touch 2  AND  Incidents > Escalation Level  is modified this edit    AND  Custom Field > Channel  not equals  Gabapentin),Transition State And Stop 04-Pharmacy State
Incident,TransitionState_Stop,F10-Pharmacy Vet Waiting,F10- Rx AVP Waiting Touch 2 - Action,Enabled,If (Incidents > Escalation Level  equals  Pharmacy Waiting Touch 2  AND  Incidents > Previous Escalation Level  not equals  Pharmacy Waiting Touch 2  AND  Incidents > Escalation Level  is modified this edit    AND  Custom Field > Channel  equals  Gabapentin),Transition State And Stop 04-Pharmacy State
Incident,TransitionState_Stop,F10-Pharmacy Vet Waiting,F10- Rx Waiting Touch 3- Chain,Enabled,"If (Incidents > Status  equals  Waiting  AND  Incidents > Escalation Level  not equals  Pharmacy Waiting Touch 3  AND  Incidents > Source  equals  CX Console, Techmail - Service Mailbox, Public API, Data Import, Web Console  AND  Incidents > Queue  equals  Rx Waiting Queue  AND  Incidents > Disposition  equals  Pending Third Contact)",Transition State And Stop 04-Pharmacy State
Incident,TransitionState_Stop,F10-Pharmacy Vet Waiting,F10- Rx Waiting Touch 3 - Action,Disabled,If (Incidents > Escalation Level  equals  Pharmacy Waiting Touch 3  AND  Incidents > Previous Escalation Level  not equals  Pharmacy Waiting Touch 3  AND  Incidents > Disposition  equals  Pending Third Contact  AND  Incidents > Queue  equals  Rx Waiting Queue  AND  Incidents > Status  equals  Waiting),Transition State And Stop 04-Pharmacy State
Incident,TransitionState_Stop,F10-Pharmacy Vet Waiting,F10- Rx SDF Waiting Touch 3 - Action,Enabled,If (Incidents > Escalation Level  equals  Pharmacy Waiting Touch 3  AND  Incidents > Previous Escalation Level  not equals  Pharmacy Waiting Touch 3  AND  Incidents > Escalation Level  is modified this edit    AND  Custom Field > Channel  not equals  Gabapentin),Transition State And Stop 04-Pharmacy State
Incident,TransitionState_Stop,F10-Pharmacy Vet Waiting,F10- Rx AVP Waiting Touch 3 - Action,Enabled,If (Incidents > Escalation Level  equals  Pharmacy Waiting Touch 3  AND  Incidents > Previous Escalation Level  not equals  Pharmacy Waiting Touch 3  AND  Incidents > Escalation Level  is modified this edit    AND  Custom Field > Channel  equals  Gabapentin),Transition State And Stop 04-Pharmacy State
Incident,TransitionState_Stop,F10-Pharmacy Vet Waiting,F10- Rx Pending Reship - Action,Enabled,If (Incidents > Escalation Level  equals  Pharmacy Pending Reship  AND  Incidents > Disposition  equals  Pending Reship  AND  Incidents > Queue  equals  Rx Waiting Queue  AND  Incidents > Status  equals  Waiting  AND  Custom Field > Channel  not equals  Gabapentin),Transition State And Stop 04-Pharmacy State
Incident,TransitionState_Stop,F10-Pharmacy Vet Waiting,F10- Rx Pending Reship - Chain,Enabled,"If (Incidents > Status  equals  Waiting  AND  Incidents > Escalation Level  not equals  Pharmacy Pending Reship  AND  Incidents > Source  equals  CX Console, Techmail - Service Mailbox, Public API, Data Import, Web Console  AND  Incidents > Queue  equals  Rx Waiting Queue  AND  Incidents > Disposition  equals  Pending Reship  AND  Custom Field > Channel  not equals  Gabapentin)",Transition State And Stop 04-Pharmacy State
Incident,TransitionState_Stop,F10-Pharmacy Vet Waiting,F10- Rx Pending Reship - AVP - Gaba - Chain,Enabled,"If (Incidents > Status  equals  Waiting  AND  Incidents > Escalation Level  not equals  Rx Pharmacy Pending Reship AVP  AND  Incidents > Source  equals  CX Console, Techmail - Service Mailbox, Public API, Data Import, Web Console  AND  Incidents > Queue  equals  Rx Waiting Queue  AND  Incidents > Disposition  equals  Pending Reship  AND  Custom Field > Channel  equals  Gabapentin)",Transition State And Stop 04-Pharmacy State
Incident,TransitionState_Stop,F10-Pharmacy Vet Waiting,F10- Rx Pending Reship - AVP - Gaba - Action,Enabled,If (Incidents > Escalation Level  equals  Rx Pharmacy Pending Reship AVP  AND  Incidents > Disposition  equals  Pending Reship  AND  Incidents > Queue  equals  Rx Waiting Queue  AND  Incidents > Status  equals  Waiting  AND  Custom Field > Channel  equals  Gabapentin),Transition State And Stop 04-Pharmacy State
Incident,TransitionState_Stop,F10-Pharmacy Vet Waiting,F10- Rx Waiting LS Touch 2- Chain,Enabled,"If (Incidents > Status  equals  Waiting  AND  Incidents > Escalation Level  not equals  Pharmacy Waiting Touch LS 2  AND  Incidents > Source  equals  CX Console, Techmail - Service Mailbox, Public API, Data Import, Web Console  AND  Incidents > Queue  equals  Rx Waiting Queue  AND  Incidents > Disposition  equals  Pending LS Second Contact)",Transition State And Stop 04-Pharmacy State
Incident,TransitionState_Stop,F10-Pharmacy Vet Waiting,F10- Rx Waiting LS Touch 2 - Action,Disabled,If (Incidents > Escalation Level  equals  Pharmacy Waiting Touch LS 2  AND  Incidents > Previous Escalation Level  not equals  Pharmacy Waiting Touch LS 2  AND  Incidents > Disposition  equals  Pending LS Second Contact  AND  Incidents > Queue  equals  Rx Waiting Queue  AND  Incidents > Status  equals  Waiting),Transition State And Stop 04-Pharmacy State
Incident,TransitionState_Stop,F10-Pharmacy Vet Waiting,F10- Rx SDF Waiting LS Touch 2 - Action,Enabled,If (Incidents > Escalation Level  equals  Pharmacy Waiting Touch LS 2  AND  Incidents > Previous Escalation Level  not equals  Pharmacy Waiting Touch LS 2  AND  Incidents > Disposition  equals  Pending LS Second Contact  AND  Incidents > Queue  equals  Rx Waiting Queue  AND  Incidents > Status  equals  Waiting  AND  Custom Field > Channel  not equals  Gabapentin),Transition State And Stop 04-Pharmacy State
Incident,TransitionState_Stop,F10-Pharmacy Vet Waiting,F10- Rx AVP Waiting LS Touch 2 - Action,Enabled,If (Incidents > Escalation Level  equals  Pharmacy Waiting Touch LS 2  AND  Incidents > Previous Escalation Level  not equals  Pharmacy Waiting Touch LS 2  AND  Incidents > Disposition  equals  Pending LS Second Contact  AND  Incidents > Queue  equals  Rx Waiting Queue  AND  Custom Field > Channel  equals  Gabapentin),Transition State And Stop 04-Pharmacy State
Incident,TransitionState_Stop,F10-Pharmacy Vet Waiting,F10- Rx Waiting LS Touch 3- Chain,Enabled,"If (Incidents > Status  equals  Waiting  AND  Incidents > Escalation Level  not equals  Pharmacy Waiting Touch LS 3  AND  Incidents > Source  equals  CX Console, Techmail - Service Mailbox, Public API, Data Import, Web Console  AND  Incidents > Queue  equals  Rx Waiting Queue  AND  Incidents > Disposition  equals  Pending LS Third Contact)",Transition State And Stop 04-Pharmacy State
Incident,TransitionState_Stop,F10-Pharmacy Vet Waiting,F10- Rx Waiting LS Touch 3 - Action,Disabled,If (Incidents > Escalation Level  equals  Pharmacy Waiting Touch LS 3  AND  Incidents > Previous Escalation Level  not equals  Pharmacy Waiting Touch LS 3  AND  Incidents > Disposition  equals  Pending LS Third Contact  AND  Incidents > Queue  equals  Rx Waiting Queue),Transition State And Stop 04-Pharmacy State
Incident,TransitionState_Stop,F10-Pharmacy Vet Waiting,F10- Rx SDF Waiting LS Touch 3 - Action,Enabled,If (Incidents > Escalation Level  equals  Pharmacy Waiting Touch LS 3  AND  Incidents > Previous Escalation Level  not equals  Pharmacy Waiting Touch LS 3  AND  Incidents > Disposition  equals  Pending LS Third Contact  AND  Incidents > Queue  equals  Rx Waiting Queue  AND  Custom Field > Channel  not equals  Gabapentin),Transition State And Stop 04-Pharmacy State
Incident,TransitionState_Stop,F10-Pharmacy Vet Waiting,F10- Rx AVP Waiting LS Touch 3 - Action,Enabled,If (Incidents > Escalation Level  equals  Pharmacy Waiting Touch LS 3  AND  Incidents > Previous Escalation Level  not equals  Pharmacy Waiting Touch LS 3  AND  Incidents > Disposition  equals  Pending LS Third Contact  AND  Incidents > Queue  equals  Rx Waiting Queue  AND  Custom Field > Channel  equals  Gabapentin),Transition State And Stop 04-Pharmacy State
Incident,TransitionState_Stop,F10-Pharmacy Vet Waiting,F10- Rx Waiting LS 24- Chain,Enabled,"If (Incidents > Status  equals  Waiting  AND  Incidents > Escalation Level  not equals  Pharmacy Waiting LS 24 Cancel  AND  Incidents > Source  equals  CX Console, Techmail - Service Mailbox, Public API, Data Import, Web Console  AND  Incidents > Queue  equals  Rx Waiting Queue  AND  Incidents > Disposition  equals  Pending LS 24 Hour)",Transition State And Stop 04-Pharmacy State
Incident,TransitionState_Stop,F10-Pharmacy Vet Waiting,F10- Rx Auto Touch 2- Chain,Enabled,"If (Incidents > Status  equals  Waiting  AND  Incidents > Escalation Level  not equals  Pharmacy Waiting Touch 2.0  AND  Incidents > Source  equals  CX Console, Techmail - Service Mailbox, Public API, Data Import, Web Console  AND  Incidents > Queue  equals  Rx Waiting Queue  AND  Incidents > Disposition  equals  Pending Auto-Second Contact  AND  Incidents > Disposition  is modified this edit)",Transition State And Stop 04-Pharmacy State
Incident,TransitionState_Stop,F10-Pharmacy Vet Waiting,F10- Rx Auto Touch 3 - Chain,Enabled,"If (Incidents > Status  equals  Waiting  AND  Incidents > Escalation Level  not equals  Pharmacy Waiting Touch 3.0  AND  Incidents > Source  equals  CX Console, Techmail - Service Mailbox, Public API, Data Import, Web Console  AND  Incidents > Queue  equals  Rx Waiting Queue  AND  Incidents > Disposition  equals  Pending Auto-Third Contact)",Transition State And Stop 04-Pharmacy State
Incident,TransitionState_Stop,F10-Pharmacy Vet Waiting,F10- Rx Partial No Touch – Action,Enabled,"If (Incidents > Escalation Level  equals  RX Partial Approval AVP, RX Partial Approval SDF  AND  Incidents > Queue  equals  Rx Third Contact, Rx Third Contact Pending, Rx Third Contact - AVP, Rx Third Contact Pending - AVP, Rx Waiting Queue  AND  Incidents > Disposition  equals  Pending Third Contact  AND  Incidents > Category  equals  Partial Approval)",Transition State And Stop 04-Pharmacy State
Incident,TransitionState_Stop,F10-Pharmacy Vet Waiting,F10- Rx Waiting 24hr Cancel - Chain,Enabled,"If (Incidents > Status  equals  Waiting  AND  Incidents > Escalation Level  not equals  Cancel Pharmacy Order Fix, Pharmacy Waiting 24 Cancel, Pharmacy Waiting Move To Cancel  AND  Incidents > Source  equals  CX Console, Techmail - Service Mailbox, Public API, Data Import, Web Console  AND  Incidents > Queue  equals  Rx Waiting Queue  AND  Incidents > Disposition  equals  Pending 24 Hour Cancellation)",Transition State And Stop 04-Pharmacy State
Incident,TransitionState_Stop,F10-Pharmacy Vet Waiting,F10- Rx Waiting 24hr Cancel - Action,Enabled,"If (Incidents > Escalation Level  equals  Cancel Pharmacy Order Fix, Pharmacy Waiting 24 Cancel  AND  Incidents > Disposition  equals  Pending 24 Hour Cancellation  AND  Incidents > Queue  equals  Rx Waiting Queue  AND  Incidents > Previous Escalation Level  not equals  Cancel Pharmacy Order Fix, Pharmacy Waiting 24 Cancel  AND  Incidents > Escalation Level  is modified this edit)",Transition State And Stop 04-Pharmacy State
Incident,TransitionState_Stop,F11-Pharmacy Client Waiting,F11-Pharmacy Aged Order - Chain,Enabled,If (Incidents > Escalation Level  not equals  Rx Aged Orders  AND  Incidents > Queue  equals  Rx Waiting Queue  AND  Incidents > Disposition  equals  Rx Aged Order),Transition State And Stop 04-Pharmacy State
Incident,TransitionState_Stop,F11-Pharmacy Client Waiting,F11-Pharmacy Aged Order - Action,Enabled,If (Incidents > Escalation Level  equals  Rx Aged Orders  AND  Incidents > Escalation Level  is modified this edit),Transition State And Stop 04-Pharmacy State
Incident,TransitionState_Stop,F12-Workforce Routing,F12-Schedule Routing,Enabled,If (Incidents > Subject  contains  Schedule  AND  Incidents > Mailbox  equals  null  AND  Incidents > Subject  does not contain  Workshop  AND  Incidents > Subject  does not contain  Cross),Transition State And Stop 02-Updated State
Incident,TransitionState_Stop,F12-Workforce Routing,F12-Missed Punches,Enabled,If ((  Incidents > Subject  match regex  Missed Punch  OR  Incidents > Subject  match regex  Missed Punches  OR  Incidents > Subject  match regex  Missed Clock Out  OR  Incidents > Subject  match regex  Missed Clock In )  AND  Incidents > Mailbox  equals  null),Transition State And Stop 02-Updated State
Incident,TransitionState_Stop,F12-Workforce Routing,F12-Time Off,Enabled,If ((  Incidents > Subject  match regex  Vacation  OR  Incidents > Subject  match regex  Time Off  OR  Incidents > Subject  match regex  PTO )  AND  Incidents > Mailbox  equals  null),Transition State And Stop 02-Updated State
Incident,TransitionState_Stop,F12-Workforce Routing,F12-Termination/Role Changes,Enabled,If ((  Incidents > Subject  match regex  Termination  OR  Incidents > Subject  match regex  Status Change )  AND  Incidents > Mailbox  equals  null),Transition State And Stop 02-Updated State
Incident,TransitionState_Stop,F12-Workforce Routing,F12-Cross Training Routing,Enabled,If ((  Incidents > Subject  match regex  Cross Training  OR  Incidents > Subject  match regex  Workshop  OR  Incidents > Subject  match regex  Crosstraining  OR  Incidents > Subject  match regex  Brand )  AND  Incidents > Mailbox  equals  null),Transition State And Stop 02-Updated State
Incident,TransitionState_Stop,F12-Workforce Routing,F12-Seating Routing,Enabled,If ((  Incidents > Subject  match regex  Seating  OR  Incidents > Subject  match regex  Seat )  AND  Incidents > Mailbox  equals  null),Transition State And Stop 02-Updated State
Incident,TransitionState_Stop,F12-Workforce Routing,F12-OT VTO Shift Swap,Enabled,If ((  Incidents > Subject  match regex  OT  OR  Incidents > Subject  match regex  Overtime  OR  Incidents > Subject  match regex  VTO  OR  Incidents > Subject  match regex  Shift Swap )  AND  Incidents > Mailbox  equals  null  AND  Incidents > Subject  does not contain  Note),Transition State And Stop 02-Updated State
Incident,TransitionState_Stop,F12-Workforce Routing,F12-System Inquiries,Enabled,If ((  Incidents > Subject  match regex  System  OR  Incidents > Subject  match regex  Kronos  OR  Incidents > Subject  match regex  Calabrio )  AND  Incidents > Mailbox  equals  null),Transition State And Stop 02-Updated State
Incident,TransitionState_Stop,F12-Workforce Routing,F12-Payroll,Enabled,If ((  Incidents > Subject  match regex  Payroll  OR  Incidents > Subject  match regex  Paycheck  OR  Incidents > Subject  match regex  Check  OR  Incidents > Subject  match regex  Pay )  AND  Incidents > Mailbox  equals  null),Transition State And Stop 02-Updated State
Incident,TransitionState_Stop,F12-Workforce Routing,F12-HR Documentation,Enabled,If ((  Incidents > Subject  match regex  HR  OR  Incidents > Subject  match regex  Doctor  OR  Incidents > Subject  match regex  Doctor's  OR  Incidents > Subject  match regex  Doctors  OR  Incidents > Subject  equals  Paperwork )  AND  Incidents > Mailbox  equals  null),Transition State And Stop 02-Updated State
Incident,TransitionState_Stop,F12-Workforce Routing,F12-Cat Contracting,Enabled,If ((  Incidents > Subject  match regex  Contractor  OR  Incidents > Subject  match regex  CAT Team  OR  Incidents > Subject  match regex  Cardwriter  OR  Incidents > Subject  match regex  CAT )  AND  Incidents > Mailbox  equals  null),Transition State And Stop 02-Updated State
Incident,TransitionState_Stop,F12-Workforce Routing,F12-Reporting,Enabled,If ((  Incidents > Subject  match regex  Reporting  OR  Incidents > Subject  match regex  Reports  OR  Incidents > Subject  match regex  Report )  AND  Incidents > Mailbox  equals  null),Transition State And Stop 02-Updated State
Incident,TransitionState_Stop,F12-Workforce Routing,F12-Service Avoidance,Enabled,If ((  Incidents > Subject  match regex  Service Avoidance  OR  Incidents > Subject  match regex  Not taking phone calls )  AND  Incidents > Mailbox  equals  null),Transition State And Stop 02-Updated State
Incident,TransitionState_Stop,F12-Workforce Routing,F12-Attendance,Enabled,If (Incidents > Subject  match regex  Attendance  AND  Incidents > Mailbox  equals  null),Transition State And Stop 02-Updated State
Incident,TransitionState_Stop,F12-Workforce Routing,F12-Training Routing,Enabled,If (Incidents > Subject  match regex  Training  AND  Incidents > Mailbox  equals  null),Transition State And Stop 02-Updated State
Incident,TransitionState_Stop,F12-Workforce Routing,F12-Catch All Other,Enabled,If (Incidents > Mailbox  equals  null  AND  Incidents > Category  equals  Unspecified),Transition State And Stop 02-Updated State
Incident,TransitionState_Stop,F13-Workforce Updates,F13-WFM Unassigned,Enabled,"If (Incidents > Disposition  is modified this edit    AND  Incidents > Disposition  equals  Workforce Update, Approved, Denied, Pending  AND  Incidents > Category  equals  Workforce Management  AND  Incidents > Queue  equals  WFM  AND  Incidents > Status  not equals  Unresolved, Updated, Waiting)",Transition State And Stop 02-Updated State
Incident,TransitionState_Stop,F13-Workforce Updates,F13-WFM Complete,Enabled,If (Incidents > Disposition  is modified this edit    AND  Incidents > Disposition  equals  Complete  AND  Incidents > Category  equals  Workforce Management),Transition State And Stop 02-Updated State
Incident,TransitionState_Stop,F14-Central Scheduling,F14-Central Scheduling Case Closed,Enabled,If (),Transition State And Stop 02-Updated State
Incident,TransitionState_Stop,F19-Parse Thread for Routing,F19- Rx OCR2 Complete,Enabled,"If (Custom Field > OCR State  equals  OCR Completed, Post OCR Complete, [V2] OCR Completed, [V2] OCR Failed  AND  Incidents > Queue  equals  Rx Pharmacy Fax Pending OCR  AND  Orders > OrderId  is not null)",Transition State And Stop 04-Pharmacy State
Incident,TransitionState_Stop,F19-Parse Thread for Routing,F19 - RX Pharmacy OCR2 Complete,Disabled,"If (Custom Field > OCR State  equals  OCR Completed, Post OCR Complete, [V2] OCR Completed, [V2] OCR Failed  AND  Incidents > Queue  equals  Rx Pharmacy Fax Pending OCR  AND  Orders > OrderId  is not null)",Transition State And Stop 04-Pharmacy State
Incident,TransitionState_Stop,F19-Parse Thread for Routing,F19 - Rx Pharmacy Null Order OCR2,Enabled,"If (Custom Field > OCR State  equals  OCR Completed, Post OCR Complete, [V2] OCR Completed, [V2] OCR Failed  AND  Incidents > Queue  equals  Rx Pharmacy Fax Pending OCR  AND  Orders > OrderId  is null)",Transition State And Stop 04-Pharmacy State
Incident,TransitionState_Stop,F20-Vet Approval Hub Update,F20- Vet Approval Hub Soft Declines,Enabled,If (Incidents > Disposition  is modified this edit    AND  Incidents > Disposition  equals  Approval Hub Wrong Clinic),Transition State And Stop 04-Pharmacy State
Incident,TransitionState_Stop,F20-Vet Approval Hub Update,F20- Pharmacy Vet Hub - Chain,Enabled,"If (Incidents > Status  equals  Waiting  AND  Incidents > Escalation Level  not equals  Pharmacy Vet Hub  AND  Incidents > Source  equals  CX Console, Techmail - Service Mailbox, Public API, Data Import, Web Console  AND  Incidents > Queue  equals  Rx Waiting Queue  AND  Incidents > Disposition  equals  Pending Second Contact, Pending Third Contact, Pending Fourth Contact, Pending 24 Hour Cancellation  AND  Custom Field > Channel  equals  Approval Hub)",Transition State And Stop 04-Pharmacy State
Incident,TransitionState_Stop,F20-Vet Approval Hub Update,F20- Approval Hub Touch 1- Chain,Enabled,"If (Incidents > Escalation Level  not equals  Approval Hub 24-hr Cancel, Approval Hub Touch 1, Approval Hub Touch 2, Approval Hub Touch 3  AND  Incidents > Disposition  equals  Pending Second Contact, Pending Third Contact, Pending Fourth Contact  AND  Custom Field > Channel  equals  Approval Hub  AND  Incidents > Status  equals  Unresolved  AND  Incidents > Queue  equals  RX Approval Hub Orders)",Transition State And Stop 04-Pharmacy State
Incident,TransitionState_Stop,F20-Vet Approval Hub Update,F20- Approval Hub Touch 1- Action,Enabled,"If (Incidents > Escalation Level  is modified this edit    AND  Incidents > Escalation Level  equals  Approval Hub Touch 1  AND  Incidents > Previous Escalation Level  not equals  Approval Hub Touch 1  AND  Incidents > Queue  not equals  Rx Nevada DUR, Rx Pharmacy DUR, Rx Pharmacy DUR - AVP, Rx Priority DUR Queue, Rx TeleMed DUR  AND  Incidents > Disposition  equals  Pending Second Contact, Pending Third Contact, Pending Fourth Contact)",Transition State And Stop 04-Pharmacy State
Incident,TransitionState_Stop,F20-Vet Approval Hub Update,F20- Approval Hub Touch 2- Action,Enabled,"If (Incidents > Escalation Level  is modified this edit    AND  Incidents > Escalation Level  equals  Approval Hub Touch 2  AND  Incidents > Previous Escalation Level  not equals  Approval Hub Touch 2  AND  Incidents > Queue  not equals  Rx Nevada DUR, Rx Pharmacy DUR, Rx Pharmacy DUR - AVP, Rx Priority DUR Queue  AND  Incidents > Disposition  equals  Pending Second Contact, Pending Third Contact, Pending Fourth Contact)",Transition State And Stop 04-Pharmacy State
Incident,TransitionState_Stop,F20-Vet Approval Hub Update,F20- Rx Waiting 24 Cancel - Chain,Enabled,If (Incidents > Escalation Level  not equals  Approval Hub 24-hr Cancel  AND  Incidents > Disposition  equals  Pending 24 Hour Cancellation  AND  Incidents > Disposition  is modified this edit),Transition State And Stop 04-Pharmacy State
Incident,TransitionState_Stop,F21-Pharmacy Client Mailer,F21-Pharmacy Mailer Second - Chain,Enabled,"If (Incidents > Status  equals  Waiting  AND  Incidents > Escalation Level  not equals  Pharmacy Client Mailer Second  AND  Incidents > Source  equals  CX Console, Techmail - Service Mailbox, Public API, Data Import, Web Console  AND  Incidents > Queue  equals  Rx Waiting Queue  AND  Incidents > Disposition  equals  Pending Client-Mailer  AND  Incidents > Category  equals  First Contact Sent  AND  Custom Field > Sign Off  equals  CMM First Notification Sent)",Transition State And Stop 04-Pharmacy State
Incident,TransitionState_Stop,F22-No Reply Email,F22-No Reply Catch All,Disabled,If (Incidents > Mailbox  equals  null),Transition State And Stop 02-Updated State
Incident,TransitionState_Stop,F22-No Reply Email,F22-No Reply Catch All NEW,Enabled,If (Incidents > Mailbox  equals  null),Transition State And Stop 02-Updated State
Incident,TransitionState_Stop,F24-Vendor Communication Portal AAQ,F24-Vendor Specialist Dropship,Enabled,If (Custom Field > Request Type  equals  Unspecified  AND  Incidents > Subject  equals  Chewy Dropship Request),Transition State And Stop 02-Updated State
Incident,TransitionState_Stop,F24-Vendor Communication Portal AAQ,F24-Vendor Specialist Dropship Sticker,Enabled,If (Custom Field > Request Type  equals  Dropship Sticker Request  AND  Incidents > Subject  equals  Chewy Dropship Request),Transition State And Stop 02-Updated State
Incident,TransitionState_Stop,F24-Vendor Communication Portal AAQ,F24-MSS Ops,Enabled,"If (Custom Field > Request Type  equals  Cost Rejection Disputes, Cost Update Request, General Questions, Marketing Request, New Vendor Follow-up, Vendor Data Services, Vendor Account Information Update, Contact and Address Update, Banking Information Update, Certificate of Insurance Renewal, Vendor Merger & Acquisition, Category Manager Contact)",Transition State And Stop 02-Updated State
Incident,TransitionState_Stop,F24-Vendor Communication Portal AAQ,F24-VSP Routing,Disabled,If (Custom Field > Request Type  equals  Marketing Request),Transition State And Stop 02-Updated State
Incident,TransitionState_Stop,F24-Vendor Communication Portal AAQ,F24-MSS Content,Enabled,"If (Custom Field > Request Type  equals  Item Copy or Image Update, Image Update (Existing Products), Video Update (Existing Products), Enhanced Content Request-Formerly Chewy+, Item Copy (Existing Products))",Transition State And Stop 02-Updated State
Incident,TransitionState_Stop,F24-Vendor Communication Portal AAQ,F24-MSS Ops Escalation,Enabled,If (Custom Field > Request Type  equals  Contact Follow-Up),Transition State And Stop 02-Updated State
Incident,TransitionState_Stop,F24-Vendor Communication Portal AAQ,F24-Vendor Compliance,Enabled,"If (Custom Field > Request Type  equals  Customer Satisfaction Claims, Damage Claims, Mis-shipments , Other Questions, Recall/Quality Concerns, Return to Vendor, Update Preferred Contact List, Vendor Compliance Manual, Violations)",Transition State And Stop 02-Updated State
Incident,TransitionState_Stop,F24-Vendor Communication Portal AAQ,F24-Vendor Specialist,Enabled,"If (Custom Field > Request Type  equals  Dropship Sticker Request, Invoice Payment Disputes, Playbook Questions, New Vendor Company Information  AND  Incidents > Subject  not equals  Chewy Dropship Request)",Transition State And Stop 02-Updated State
Incident,TransitionState_Stop,F24-Vendor Communication Portal AAQ,F24-Accounting AP Inventory,Enabled,"If (Custom Field > Request Type  equals  Request to Receive Audit Reports, Invoice Payment Disputes, Payment/Invoice Issues or Status, Payment Remittance Request)",Transition State And Stop 02-Updated State
Incident,TransitionState_Stop,F24-Vendor Communication Portal AAQ,F24-Rebate Operations,Enabled,"If (Custom Field > Request Type  equals  Rebate Dispute or Backup Request, Rebate/Term Changes or Questions, Rebate Backup Request - Promo & Lumpsum, Rebate Backup Request - Allowances & POs, Rebate Disputes - Promotion & Lumpsums)",Transition State And Stop 02-Updated State
Incident,TransitionState_Stop,F24-Vendor Communication Portal AAQ,F24-Accounting AP Holds,Enabled,If (Custom Field > Request Type  equals  Invoice Hold Resolution),Transition State And Stop 02-Updated State
Incident,TransitionState_Stop,F24-Vendor Communication Portal AAQ,F24-EDI,Enabled,"If (Custom Field > Request Type  equals  Document failure/rejection, EDI invoicing issue, Carrier EDI Issue, Setup EDI Account)",Transition State And Stop 02-Updated State
Incident,TransitionState_Stop,F24-Vendor Communication Portal AAQ,F24-Dropship Supply,Enabled,"If (Custom Field > Request Type  equals  DSCO Questions/Issues, Playbook Questions, Dropship Shipping or Ordering Questions, Shipping or Ordering Questions, Vendor Performance Scorecard Questions, New Dropship FC)",Transition State And Stop 02-Updated State
Incident,TransitionState_Stop,F24-Vendor Communication Portal AAQ,F24-Map Violation,Enabled,If (Custom Field > Request Type  equals  MAP Violation),Transition State And Stop 02-Updated State
Incident,TransitionState_Stop,F24-Vendor Communication Portal AAQ,F24-Transportation,Disabled,If (Custom Field > Request Type  equals  Carrier EDI Issue),Transition State And Stop 02-Updated State
Incident,TransitionState_Stop,F24-Vendor Communication Portal AAQ,F24-Transportation - Accessorials,Enabled,If (Custom Field > Request Type  equals  Accessorial Request),Transition State And Stop 02-Updated State
Incident,TransitionState_Stop,F24-Vendor Communication Portal AAQ,F24-Transportation - CPU,Enabled,"If (Custom Field > Request Type  equals  Collect Vendor Creating New OTM Profile, Collect Vendor Change/Update RTS Info)",Transition State And Stop 02-Updated State
Incident,TransitionState_Stop,F24-Vendor Communication Portal AAQ,F24-Transportation - Prepaid to Collect,Enabled,If (Custom Field > Request Type  equals  Vendor Wanting to join Chewy Collect),Transition State And Stop 02-Updated State
Incident,TransitionState_Stop,F24-Vendor Communication Portal AAQ,F24-Transportation - RTS & IB Freight,Enabled,"If (Custom Field > Request Type  equals  Technical Questions for RTS, Transportation Escalations)",Transition State And Stop 02-Updated State
Incident,TransitionState_Stop,F24-Vendor Communication Portal AAQ,F24-Dropship Appeal,Enabled,If (Custom Field > Request Type  equals  Dropship Vendor Performance Appeal),Transition State And Stop 02-Updated State
Incident,TransitionState_Stop,F24-Vendor Communication Portal AAQ,F24-VSP-Pricing,Enabled,If (Custom Field > Request Type  equals  Update MAP/MSRP),Transition State And Stop 02-Updated State
Incident,TransitionState_Stop,F24-Vendor Communication Portal AAQ,F24-VSP-Catalog,Enabled,"If (Custom Field > Request Type  equals  Item/Assortment Transition, Item/Assortment Update Request, Item Discontinuation Submission, Item/Assortment Setup Request, Purchase Unit of Measure Update, Catalog Audit, PAF completion/upload questions, Add Additional Supplier to a SKU, Attribution Update, Case Layer Pallet Update, Case UPC Add, Brand Name Change, Discontinuation Request, Item Name Update, Item Dimensions & Weight Update, Move SKU to New Supplier, Extended Content Update, Minimum Order Quantity & Order Multiple, Purchase Unit of Measure Update, Reactivate Discontinued SKU, Restricted Availability Update, UPC Update, Vendor Part Number VPN Update, Combine Chewy SKUs under Parent Producti, Item Ordering Update)",Transition State And Stop 02-Updated State
Incident,TransitionState_Stop,F24-Vendor Communication Portal AAQ,F24-VSP-Feedback,Enabled,"If (Custom Field > Request Type  equals  Feedback or Suggestions, Report Technical Issue, Request Access to CPH, Reset CPH Account Password, Reset Multi-Factor Authentication (MFA), Request Access to Catalog Details, Request Access to Invoice Details)",Transition State And Stop 02-Updated State
Incident,TransitionState_Stop,F24-Vendor Communication Portal AAQ,F24-Supply-Planning,Enabled,"If (Custom Field > Request Type  equals  Purchase Order (PO) Issues, Demand Forecasting Inquires, Lead Time Inquires, Ordering Cadence Inquires, Item Availability Dates or OOS Updates, Availability Date Update)",Transition State And Stop 02-Updated State
Incident,TransitionState_Stop,F24-Vendor Communication Portal AAQ,F24-Brand Information,Enabled,If (Custom Field > Request Type  equals  Brand Info Sheet for Customer Service),Transition State And Stop 02-Updated State
Incident,TransitionState_Stop,F24-Vendor Communication Portal AAQ,F24-Vendor Outreach,Enabled,If (Custom Field > Request Type  equals  Vendor Outreach Email),Transition State And Stop 02-Updated State
Incident,TransitionState_Stop,F24-Vendor Communication Portal AAQ,F24-NEW Tax,Enabled,If (Custom Field > Request Type  equals  Resale Certificate Request),Transition State And Stop 02-Updated State
Incident,TransitionState_Stop,F24-Vendor Communication Portal AAQ,F24-ROSS,Disabled,If (Custom Field > Request Type  equals  Rebate/Term Changes or Questions),Transition State And Stop 02-Updated State
Incident,TransitionState_Stop,F24-Vendor Communication Portal AAQ,F24-Pawsibilities,Enabled,If (Custom Field > Request Type  equals  Pawsibilities Product Reviews Request),Transition State And Stop 02-Updated State
Incident,TransitionState_Stop,F24-Vendor Communication Portal AAQ,F24-Accounting - AR/Vendor Rebate Billing,Enabled,If (Custom Field > Request Type  equals  Rebate Disputes - Allowances & POs),Transition State And Stop 02-Updated State
Incident,TransitionState_Stop,F24-Vendor Communication Portal AAQ,F24-VC Disputes,Enabled,If (Custom Field > Request Type  equals  ASN Fill Rate (ASNFR)),Transition State And Stop 02-Updated State
Incident,TransitionState_Stop,F26B-WOW Update,F26B - WOW Status Denied Duplicate,Enabled,"If (Incidents > Category  equals  WOW Request  AND  Custom Field > Request Status  equals  Denied - Account Verification, Denied - Bad Photo, Denied - Duplicate Request, Denied - Duplicate Customer, Denied - No Address, Denied - Not Applicable, Denied - No Shipping Address, Denied - Other, Denied - Portrait Already Received, Denied - Timing, Denied - Lacks Detail, Denied - Flagged Customer, Denied - Address Verification, Denied - Photo Quality, Denied - Employee Account, Denied - Priority  AND  Custom Field > Request Status  is modified this edit)",Transition State And Stop 02-Updated State
Incident,TransitionState_Stop,F26B-WOW Update,F26B - WOW Status Denied Flagged,Enabled,If (Incidents > Category  equals  WOW Request  AND  Custom Field > Request Status  equals  Denied - Flagged Customer  AND  Custom Field > Request Status  is modified this edit),Transition State And Stop 02-Updated State
Incident,TransitionState_Stop,F26B-WOW Update,F26B - WOW Status Denied Timing,Enabled,If (Incidents > Category  equals  WOW Request  AND  Custom Field > Request Status  equals  Denied - Timing  AND  Custom Field > Request Status  is modified this edit),Transition State And Stop 02-Updated State
Incident,TransitionState_Stop,F26B-WOW Update,F26B - WOW Status Denied Lacks Detail,Enabled,If (Incidents > Category  equals  WOW Request  AND  Custom Field > Request Status  equals  Denied - Lacks Detail  AND  Custom Field > Request Status  is modified this edit),Transition State And Stop 02-Updated State
Incident,TransitionState_Stop,F26B-WOW Update,F26B - WOW Status Denied New Codes,Enabled,"If (Incidents > Category  equals  WOW Request  AND  Custom Field > Request Status  equals  Denied - Account Verification, Denied - Address Verification, Denied - Photo Quality, Denied - Employee Account  AND  Custom Field > Request Status  is modified this edit)",Transition State And Stop 02-Updated State
Incident,TransitionState_Stop,F26B-WOW Update,F26B- WOW Status Approved,Enabled,"If (Custom Field > Request Status  equals  Approved, Approved with Modifications  AND  Custom Field > Request Status  is modified this edit    AND (  Custom Field > WOWGift  equals  Pet Portrait  OR  Incidents > Category  equals  Loss of Loved One ))",Transition State And Stop 02-Updated State
Incident,TransitionState_Stop,F26B-WOW Update,F26B-WOW Status Approved w/ Modification,Enabled,If (Incidents > Category  equals  WOW Request  AND  Custom Field > Request Status  equals  Approved with Modifications  AND  Custom Field > Request Status  is modified this edit),Transition State And Stop 02-Updated State
Incident,TransitionState_Stop,F27-Vet Diet Waiting,F27-Transition State and stop,Enabled,If (),Transition State And Stop 03-Vet Diet State
Incident,TransitionState_Stop,F28-Vet Diet Post OCR Fax Routing,F28-Vet Diet OCR2 Complete,Enabled,"If (( (  [No Value]  is null    AND  Orders > OrderId  is not null   )  OR (  [No Value]  is not null    AND  Orders > OrderId  is null   ) )  AND  Custom Field > OCR State  equals  OCR Completed, Post OCR Complete, [V2] OCR Completed, [V2] OCR Failed, [V3] OCR Completed)",Transition State And Stop 03-Vet Diet State
Incident,TransitionState_Stop,F28-Vet Diet Post OCR Fax Routing,F28-Vet Diet Web Order Num OCR2,Enabled,"If ([No Value]  is null    AND  Custom Field > OCR State  equals  OCR Completed, Post OCR Complete, [V2] OCR Completed, [V2] OCR Failed, [V3] OCR Completed  AND  Custom Field > Channel  equals  Fax  AND  Orders > OrderId  is null)",Transition State And Stop 03-Vet Diet State
Incident,TransitionState_Stop,F32-Pharmacy Follow-Up,F32- Rx Lead Follow Up – Chain,Enabled,If (Incidents > Disposition  equals  Rx Lead Follow-Up  AND  Incidents > Escalation Level  not equals  Rx Lead Follow Up),Transition State And Stop 04-Pharmacy State
Incident,TransitionState_Stop,F32-Pharmacy Follow-Up,F32- Rx Lead Follow Up – Action,Enabled,If (Incidents > Escalation Level  is modified this edit    AND  Incidents > Escalation Level  equals  Rx Lead Follow Up  AND  Incidents > Previous Escalation Level  not equals  Rx Lead Follow Up  AND  Custom Field > Channel  not equals  Gabapentin),Transition State And Stop 04-Pharmacy State
Incident,TransitionState_Stop,F32-Pharmacy Follow-Up,F32- Rx Lead Follow Up – Action Gaba,Enabled,If (Incidents > Escalation Level  is modified this edit    AND  Incidents > Escalation Level  equals  Rx Lead Follow Up  AND  Incidents > Previous Escalation Level  not equals  Rx Lead Follow Up  AND  Custom Field > Channel  equals  Gabapentin),Transition State And Stop 04-Pharmacy State
Incident,TransitionState_Stop,F32-Pharmacy Follow-Up,F32- Rx Tech Follow Up – Chain,Enabled,"If (Incidents > Disposition  equals  Pharmacist Follow-Up - Pending Tech Follow-Up, Clinic Email - Pending Tech Follow-Up, Rx Technician Follow Up  AND  Incidents > Escalation Level  not equals  Rx Tech Follow Up)",Transition State And Stop 04-Pharmacy State
Incident,TransitionState_Stop,F32-Pharmacy Follow-Up,F32- Rx Tech Follow Up – Action,Enabled,If (Incidents > Escalation Level  is modified this edit    AND  Incidents > Escalation Level  equals  Rx Tech Follow Up  AND  Incidents > Previous Escalation Level  not equals  Rx Tech Follow Up  AND  Custom Field > Channel  not equals  Gabapentin),Transition State And Stop 04-Pharmacy State
Incident,TransitionState_Stop,F32-Pharmacy Follow-Up,F32- Rx Tech Follow Up – Action Gaba,Enabled,If (Incidents > Escalation Level  is modified this edit    AND  Incidents > Escalation Level  equals  Rx Tech Follow Up  AND  Incidents > Previous Escalation Level  equals  null  AND  Custom Field > Channel  equals  Gabapentin),Transition State And Stop 04-Pharmacy State
Incident,TransitionState_Stop,F32-Pharmacy Follow-Up,F32- Rx Pharmacist Follow Up – Chain,Enabled,"If (Incidents > Disposition  equals  Pharmacist Follow-Up - Pending 1st Touch, Pharmacist Follow-Up - Pending 2nd Touch, Clinic Email - Pending 1st Touch, Clinic Email - Pending 2nd Touch, Rx Pharm Follow Up  AND  Incidents > Escalation Level  not equals  Rx Pharmacist Follow Up)",Transition State And Stop 04-Pharmacy State
Incident,TransitionState_Stop,F32-Pharmacy Follow-Up,F32- Rx Pharmacist Follow Up – Action,Enabled,If (Incidents > Escalation Level  is modified this edit    AND  Incidents > Escalation Level  equals  Rx Pharmacist Follow Up  AND  Incidents > Previous Escalation Level  not equals  Rx Pharmacist Follow Up),Transition State And Stop 04-Pharmacy State
Incident,TransitionState_Stop,F32-Pharmacy Follow-Up,F32- Transition State,Enabled,If (),Transition State And Stop 04-Pharmacy State
Incident,TransitionState_Stop,F33-Pharmacy Xfer Routing,F33a-Solve Phone Incidents,Enabled,If (Custom Field > Channel  equals  Phone Inbound  AND  Incidents > Disposition  equals  RX Pharmacy Tech  AND  Incidents > Disposition  is modified this edit),Transition State And Stop 02-Updated State
Incident,TransitionState_Stop,F33-Pharmacy Xfer Routing,F33b-Route to Rx Aged queue,Enabled,"If (Incidents > Disposition  equals  RX Pharmacy Tech  AND  Incidents > Disposition  is modified this edit    AND  Incidents > Category  equals  Contact Vet Request, Made Pet Sick/Won't Eat)",Transition State And Stop 04-Pharmacy State
Incident,TransitionState_Stop,F33-Pharmacy Xfer Routing,F33c-Route to Rx Pharm Tech Q,Enabled,"If (Custom Field > Channel  equals  Chat, Email, Online Form, Storefront  AND  Incidents > Disposition  equals  RX Pharmacy Tech  AND  Incidents > Disposition  is modified this edit    AND  Incidents > Category  not equals  Contact Vet Request, Made Pet Sick/Won't Eat)",Transition State And Stop 04-Pharmacy State
Incident,TransitionState_Stop,F36-Rx Northstar Routing,F36-Rx Pharmacy Northstar - Follow-up [vd],Enabled,If (Custom Field > Routing Tags  contains  [vd]  AND  Custom Field > Routing Tags  contains  [nsfu]),Transition State And Stop 03-Vet Diet State
Incident,TransitionState_Stop,F50-CA-Email Routing,F50-CA-VendorP49 Emails,Enabled,"If (Incidents > Mailbox  equals  null, null  AND  Incidents > Interface  equals  chewyca)",Transition State And Stop 50-Chewy CA State
Incident,TransitionState_Stop,F50-CA-Email Routing,F50-CA-Cancel Order Emails,Enabled,If (Incidents > Subject  contains  Cancel  AND  Incidents > Mailbox  equals  chewyca@custhelp.com  AND  Incidents > Interface  equals  chewyca),Transition State And Stop 50-Chewy CA State
Incident,TransitionState_Stop,F50-CA-Email Routing,F50-G-CA-Cancel Order Emails,Enabled,If (Incidents > Subject  contains  Cancel  AND  Incidents > Mailbox  equals  chewyca@custhelp.com  AND  Incidents > Interface  equals  chewyca  AND  Incidents > Queue  equals  CA - General Email  AND (  Incidents > Channel  equals  Email  OR  Custom Field > Channel  equals  Email )),Transition State And Stop 50-Chewy CA State
Incident,TransitionState_Stop,F50-CA-Email Routing,F50-CA-Autoship Update Email,Enabled,If (Incidents > Subject  equals  Important Update About Your Autoship Order  AND  Incidents > Mailbox  equals  chewyca@custhelp.com  AND  Incidents > Interface  equals  chewyca),Transition State And Stop 50-Chewy CA State
Incident,TransitionState_Stop,F50-CA-Email Routing,F50-CA- Supply Reply General Routing,Enabled,"If (Incidents > Queue  equals  CA - General Email, CA - General Email Overflow, CA - Supply, CA - Supply Shipping, CA - Supply Warehouse  AND  Custom Field > Supply Escalation Reason  equals  Box Request, Defective, Exceptions, Infestation, OOS Request, Overnight Request, Past Expiration, PDI, Pick-Up Request, Pull-Back Request, Reroute Request, RMA Request, Shipper/Delivery Complaints, Warehouse/Packaging Complaints, RMA Refund Failed, FedEx Delivery Exceptions, Unspecified  AND  Incidents > Incoming Mailbox  equals  chewyca@custhelp.com, Supply Mailbox, Unspecified  AND  Incidents > Updated from  equals  Utilities  AND  Incidents > Interface  equals  chewyca)",Transition State And Stop 50-Chewy CA State
Incident,TransitionState_Stop,F50-CA-Email Routing,F50-CA-Transition State to 50-CA,Enabled,If (Incidents > Interface  equals  chewyca),Transition State And Stop 50-Chewy CA State
Incident,TransitionState_Stop,F50-CA-Email Routing,F50-G-CA-Autoship Update Email,Enabled,If (Incidents > Subject  equals  Important Update About Your Autoship Order  AND  Incidents > Mailbox  equals  chewyca@custhelp.com  AND  Incidents > Interface  equals  chewyca  AND  Incidents > Queue  equals  CA - Gen CS Priority Queue  AND (  Incidents > Channel  equals  Email  OR  Custom Field > Channel  equals  Email )),Transition State And Stop 50-Chewy CA State
Incident,TransitionState_Stop,F51-CA-Case Update,F51-CA-FC Escalation,Enabled,"If (Incidents > Status  equals  Updated  AND  Incidents > Status  is modified this edit    AND  Incidents > Queue  equals  CA - FC Management, CA - Supply Planning, CA - Vendor Compliance, YYZ1  AND  Incidents > Interface  equals  chewyca)",Transition State And Stop 50-Chewy CA State
Incident,TransitionState_Stop,F51-CA-Case Update,F51-CA-WOW Escalation,Enabled,If (Incidents > Disposition  equals  WOW  AND  Incidents > Disposition  is modified this edit    AND  Incidents > Group  not equals  Admin  AND  Incidents > Interface  equals  chewyca),Transition State And Stop 50-Chewy CA State
Incident,TransitionState_Stop,F51-CA-Case Update,F51-CA-04-Rescue Escalation,Enabled,"If (Incidents > Disposition  equals  Rescue  AND  Incidents > Queue  not equals  Rescue, Unspecified  AND  Incidents > Disposition  is modified this edit    AND  Custom Field > General Escalation Request  not equals  Pet Adoptions  AND  Incidents > Interface  equals  chewyca)",Transition State And Stop 50-Chewy CA State
Incident,TransitionState_Stop,F51-CA-Case Update,F51-CA-WOW Transfer to Print,Enabled,If (Incidents > Disposition  equals  Supply  AND  Incidents > Disposition  is modified this edit    AND  Custom Field > Supply Escalation Reason  equals  RMA Request  AND  Custom Field > RMA Request Type  equals  Snail Mail  AND  Custom Field > Sign Off  not equals  WOWtoSupply  AND  Incidents > Interface  equals  chewyca),Transition State And Stop 50-Chewy CA State
Incident,TransitionState_Stop,F51-CA-Case Update,F51-CA-Accounting Escalation,Enabled,If (Incidents > Disposition  equals  Accounting  AND  Incidents > Queue  not equals  CA - Accounting  AND  Incidents > Disposition  is modified this edit    AND  Incidents > Interface  equals  chewyca),Transition State And Stop 50-Chewy CA State
Incident,TransitionState_Stop,F51-CA-Case Update,F51-CA-Emails Resolved Not Sent,Enabled,"If (Incidents > Disposition  equals  Resolved  AND  Incidents > Disposition  is modified this edit    AND  Incidents > Channel  equals  Email, Outreach Email, Email  AND  Incidents > Response Sent  equals  No  AND  Incidents > Queue  equals  CA - Customer Service, CA - General Email, CA - General Email Overflow, Unspecified  AND  Incidents > Status  not equals  Solved  AND  Incidents > Interface  equals  chewyca)",Transition State And Stop 50-Chewy CA State
Incident,TransitionState_Stop,F51-CA-Case Update,F04-CA- Queue Catchall,Enabled,If (Incidents > Queue  is null),Transition State And Stop 50-Chewy CA State
Incident,TransitionState_Stop,F51-CA-Case Update,F51-CA-Transition State and Stop,Enabled,If (),Transition State And Stop 50-Chewy CA State
Incident,TransitionState_Stop,F55-CA-Central Scheduling,F55-CA-Central Scheduling Transition,Enabled,If (Incidents > Interface  equals  chewyca),Transition State And Stop 50-Chewy CA State
Incident,TransitionState_Stop,F57-CA-Vendor Communication Portal AAQ,F57-CA-Vendor Specialist Dropship,Enabled,"If (Custom Field > Request Type  equals  General Questions, Invoice Payment Disputes, Playbook Questions, Unspecified  AND  Incidents > Subject  equals  Chewy Dropship Request  AND  Incidents > Interface  equals  chewyca)",Transition State And Stop 50-Chewy CA State
Incident,TransitionState_Stop,F57-CA-Vendor Communication Portal AAQ,F57-CA-Vendor Specialist Dropship S,Enabled,If (Custom Field > Request Type  equals  Dropship Sticker Request  AND  Incidents > Subject  equals  Chewy Dropship Request  AND  Incidents > Interface  equals  chewyca),Transition State And Stop 50-Chewy CA State
Incident,TransitionState_Stop,F57-CA-Vendor Communication Portal AAQ,F57-CA-MSS Ops,Enabled,"If (Custom Field > Request Type  equals  Cost Rejection Disputes, Cost Update Request, New Vendor Follow-up, Vendor Data Services, Vendor Account Information Update, Contact Follow-Up, Contact and Address Update, Banking Information Update, Certificate of Insurance Renewal, Vendor Merger & Acquisition, Category Manager Contact  AND  Incidents > Interface  equals  chewyca)",Transition State And Stop 50-Chewy CA State
Incident,TransitionState_Stop,F57-CA-Vendor Communication Portal AAQ,F57-CA-VSP Routing,Enabled,If (Custom Field > Request Type  equals  Marketing Request  AND  Incidents > Interface  equals  chewyca),Transition State And Stop 50-Chewy CA State
Incident,TransitionState_Stop,F57-CA-Vendor Communication Portal AAQ,F57-CA-MSS Content,Enabled,If (Custom Field > Request Type  equals  Item Copy or Image Update  AND  Incidents > Interface  equals  chewyca),Transition State And Stop 50-Chewy CA State
Incident,TransitionState_Stop,F57-CA-Vendor Communication Portal AAQ,F57-CA-MSS Ops Escalation,Disabled,If (Custom Field > Request Type  equals  Contact Follow-Up  AND  Incidents > Interface  equals  chewyca),Transition State And Stop 50-Chewy CA State
Incident,TransitionState_Stop,F57-CA-Vendor Communication Portal AAQ,F57-CA-Vendor Compliance,Enabled,"If (Custom Field > Request Type  equals  Customer Satisfaction Claims, Damage Claims, Mis-shipments , Other Questions, Recall/Quality Concerns, Return to Vendor, Update Preferred Contact List, Vendor Compliance Manual, Violations  AND  Incidents > Interface  equals  chewyca)",Transition State And Stop 50-Chewy CA State
Incident,TransitionState_Stop,F57-CA-Vendor Communication Portal AAQ,F57-CA-Vendor Specialist,Enabled,"If (Custom Field > Request Type  equals  Dropship Sticker Request, Invoice Payment Disputes, Item/Assortment Setup Request, Playbook Questions, New International Vendor Submission  AND  Incidents > Subject  not equals  Chewy Dropship Request  AND  Incidents > Interface  equals  chewyca)",Transition State And Stop 50-Chewy CA State
Incident,TransitionState_Stop,F57-CA-Vendor Communication Portal AAQ,F57-CA-Accounting AP Inventory,Enabled,"If (Custom Field > Request Type  equals  Request to Receive Audit Reports, EDI invoicing issue, Payment/Invoice Issues or Status, Payment Remittance Request  AND  Incidents > Interface  equals  chewyca)",Transition State And Stop 50-Chewy CA State
Incident,TransitionState_Stop,F57-CA-Vendor Communication Portal AAQ,F57-CA-Accounting AR/Vendor Rebate,Enabled,If (Custom Field > Request Type  equals  Rebate Disputes - Allowances & POs  AND  Incidents > Interface  equals  chewyca),Transition State And Stop 50-Chewy CA State
Incident,TransitionState_Stop,F57-CA-Vendor Communication Portal AAQ,F57-CA-Accounting AP Holds,Enabled,If (Custom Field > Request Type  equals  Invoice Hold Resolution  AND  Incidents > Interface  equals  chewyca),Transition State And Stop 50-Chewy CA State
Incident,TransitionState_Stop,F57-CA-Vendor Communication Portal AAQ,F57-CA-EDI,Enabled,"If (Custom Field > Request Type  equals  Document failure/rejection, Carrier EDI Issue, General Questions, Setup EDI Account  AND  Incidents > Interface  equals  chewyca)",Transition State And Stop 50-Chewy CA State
Incident,TransitionState_Stop,F57-CA-Vendor Communication Portal AAQ,F57-CA-Dropship Supply,Enabled,"If (Custom Field > Request Type  equals  DSCO Questions/Issues, Dropship Shipping or Ordering Questions, Shipping or Ordering Questions, Vendor Performance Scorecard Questions  AND  Incidents > Interface  equals  chewyca)",Transition State And Stop 50-Chewy CA State
Incident,TransitionState_Stop,F57-CA-Vendor Communication Portal AAQ,F57-CA-Map Violation,Enabled,If (Custom Field > Request Type  equals  MAP Violation  AND  Incidents > Interface  equals  chewyca),Transition State And Stop 50-Chewy CA State
Incident,TransitionState_Stop,F57-CA-Vendor Communication Portal AAQ,F57-CA-Transportation,Disabled,If (Custom Field > Request Type  equals  Carrier EDI Issue  AND  Incidents > Interface  equals  chewyca),Transition State And Stop 50-Chewy CA State
Incident,TransitionState_Stop,F57-CA-Vendor Communication Portal AAQ,F57-CA-Transportation - Accessorial,Enabled,If (Custom Field > Request Type  equals  Accessorial Request  AND  Incidents > Interface  equals  chewyca),Transition State And Stop 50-Chewy CA State
Incident,TransitionState_Stop,F57-CA-Vendor Communication Portal AAQ,F57-CA-Transportation - CPU,Enabled,"If (Custom Field > Request Type  equals  Collect Vendor Creating New OTM Profile, Collect Vendor Change/Update RTS Info  AND  Incidents > Interface  equals  chewyca)",Transition State And Stop 50-Chewy CA State
Incident,TransitionState_Stop,F57-CA-Vendor Communication Portal AAQ,F57-CA-Transportation - Prepaid to,Enabled,If (Custom Field > Request Type  equals  Vendor Wanting to join Chewy Collect  AND  Incidents > Interface  equals  chewyca),Transition State And Stop 50-Chewy CA State
Incident,TransitionState_Stop,F57-CA-Vendor Communication Portal AAQ,F57-CA-Transportation - RTS & IB Freight,Enabled,"If (Custom Field > Request Type  equals  Technical Questions for RTS, Transportation Escalations  AND  Incidents > Interface  equals  chewyca)",Transition State And Stop 50-Chewy CA State
Incident,TransitionState_Stop,F57-CA-Vendor Communication Portal AAQ,F57-CA-Dropship Appeal,Enabled,If (Custom Field > Request Type  equals  Dropship Vendor Performance Appeal  AND  Incidents > Interface  equals  chewyca),Transition State And Stop 50-Chewy CA State
Incident,TransitionState_Stop,F57-CA-Vendor Communication Portal AAQ,F57-CA-VSP-Pricing,Enabled,If (Custom Field > Request Type  equals  Update MAP/MSRP  AND  Incidents > Interface  equals  chewyca),Transition State And Stop 50-Chewy CA State
Incident,TransitionState_Stop,F57-CA-Vendor Communication Portal AAQ,F57-CA-VSP-Catalog,Enabled,"If (Custom Field > Request Type  equals  Item/Assortment Transition, Item/Assortment Update Request, Item Discontinuation Submission, Purchase Unit of Measure Update, Catalog Audit  AND  Incidents > Interface  equals  chewyca)",Transition State And Stop 50-Chewy CA State
Incident,TransitionState_Stop,F57-CA-Vendor Communication Portal AAQ,F57-CA-VSP-Feedback,Enabled,"If (Custom Field > Request Type  equals  Feedback or Suggestions, Report Technical Issue  AND  Incidents > Interface  equals  chewyca)",Transition State And Stop 50-Chewy CA State
Incident,TransitionState_Stop,F57-CA-Vendor Communication Portal AAQ,F57-CA-Supply-Planning,Enabled,"If (Custom Field > Request Type  equals  Purchase Order (PO) Issues, Demand Forecasting Inquires, Lead Time Inquires, Ordering Cadence Inquires, Item Availability Dates or OOS Updates  AND  Incidents > Interface  equals  chewyca)",Transition State And Stop 50-Chewy CA State
Incident,TransitionState_Stop,F57-CA-Vendor Communication Portal AAQ,F57-CA-Brand Information,Enabled,If (Custom Field > Request Type  equals  Brand Info Sheet for Customer Service  AND  Incidents > Interface  equals  chewyca),Transition State And Stop 50-Chewy CA State
Incident,TransitionState_Stop,F57-CA-Vendor Communication Portal AAQ,F57-CA-Vendor Outreach,Enabled,If (Custom Field > Request Type  equals  Vendor Outreach Email  AND  Incidents > Interface  equals  chewyca),Transition State And Stop 50-Chewy CA State
Incident,TransitionState_Stop,F57-CA-Vendor Communication Portal AAQ,F57-CA-ROSS,Enabled,If (Custom Field > Request Type  equals  Rebate/Term Changes or Questions  AND  Incidents > Interface  equals  chewyca),Transition State And Stop 50-Chewy CA State
Incident,TransitionState_Stop,F57-CA-Vendor Communication Portal AAQ,F57-CA - Rebate Operations,Enabled,"If (Custom Field > Request Type  equals  Rebate Backup Request - Promo & Lumpsum, Rebate Backup Request - Allowances & POs, Rebate Disputes - Promotion & Lumpsums  AND  Incidents > Interface  equals  chewyca)",Transition State And Stop 50-Chewy CA State
Incident,TransitionState_Stop,F57-CA-Vendor Communication Portal AAQ,F57-CA-Tax,Disabled,If (Custom Field > Request Type  equals  Resale Certificate Request  AND  Incidents > Interface  equals  chewyca),Transition State And Stop 50-Chewy CA State
Incident,TransitionState_Stop,F57-CA-Vendor Communication Portal AAQ,F57-CA-Transition to 50-CA,Enabled,If (Incidents > Interface  equals  chewyca),Transition State And Stop 50-Chewy CA State
Incident,TransitionState_Stop,F58-CA-WOW,F58-CA-WOW Status Approved w/ Modif,Enabled,If (Incidents > Category  equals  WOW Request  AND  Custom Field > Request Status  equals  Approved with Modifications  AND  Custom Field > Request Status  is modified this edit    AND  Incidents > Interface  equals  chewyca),Transition State And Stop 50-Chewy CA State
Incident,TransitionState_Stop,F58-CA-WOW,F58-CA- WOW Status Approved,Enabled,If (Incidents > Category  equals  WOW Request  AND  Custom Field > Request Status  equals  Approved  AND  Custom Field > Request Status  is modified this edit    AND  Incidents > Interface  equals  chewyca),Transition State And Stop 50-Chewy CA State
Incident,TransitionState_Stop,F58-CA-WOW,F58-CA - WOW Status Denied New Code,Enabled,"If (Incidents > Category  equals  WOW Request  AND  Custom Field > Request Status  equals  Denied - Account Verification, Denied - Address Verification, Denied - Photo Quality, Denied - Employee Account  AND  Custom Field > Request Status  is modified this edit    AND  Incidents > Interface  equals  chewyca)",Transition State And Stop 50-Chewy CA State
Incident,TransitionState_Stop,F58-CA-WOW,F58-CA - WOW Status Denied Timing,Enabled,If (Incidents > Category  equals  WOW Request  AND  Custom Field > Request Status  equals  Denied - Timing  AND  Custom Field > Request Status  is modified this edit    AND  Incidents > Interface  equals  chewyca),Transition State And Stop 50-Chewy CA State
Incident,TransitionState_Stop,F58-CA-WOW,F58-CA - WOW Status Denied Duplicat,Enabled,If (Incidents > Category  equals  WOW Request  AND  Custom Field > Request Status  equals  Denied - Duplicate Request  AND  Custom Field > Request Status  is modified this edit    AND  Incidents > Interface  equals  chewyca),Transition State And Stop 50-Chewy CA State
Incident,TransitionState_Stop,F58-CA-WOW,F58-CA - Initial WOW Reply,Enabled,"If (Incidents > Category  equals  WOW Request, Get Well, Celebration, Loss of Loved One, Life Event, Custom  AND  Incidents > Category  is modified this edit    AND  Incidents > Interface  equals  chewyca)",Transition State And Stop 50-Chewy CA State
Incident,TransitionState_Stop,F58-CA-WOW,F58-CA - WOW Status Denied Flagged,Enabled,If (Incidents > Category  equals  WOW Request  AND  Custom Field > Request Status  equals  Denied - Flagged Customer  AND  Custom Field > Request Status  is modified this edit    AND  Incidents > Interface  equals  chewyca),Transition State And Stop 50-Chewy CA State
Incident,TransitionState_Stop,F58-CA-WOW,F58-CA - WOW Status Denied Lacks De,Enabled,If (Incidents > Category  equals  WOW Request  AND  Custom Field > Request Status  equals  Denied - Lacks Detail  AND  Custom Field > Request Status  is modified this edit    AND  Incidents > Interface  equals  chewyca),Transition State And Stop 50-Chewy CA State
Incident,TransitionState_Stop,F59-CA-NPS Routing,F59-CA-Negative Review,Enabled,If ((  Custom Field > Recommend to a friend  equals  Yes  OR  Custom Field > NPS Rating  is null   )  AND  Incidents > Interface  equals  chewyca),Transition State And Stop 50-Chewy CA State
Incident,TransitionState_Stop,F59-CA-NPS Routing,F59-CA-No Recommendation,Enabled,If (Custom Field > Recommend to a friend  equals  No  AND  Incidents > Interface  equals  chewyca),Transition State And Stop 50-Chewy CA State
Incident,TransitionState_Stop,F62-CVC-PMR Escalations,F62-05 Close Completed Appt,Disabled,If (Custom Field > Expiration Date  equals  -1 Days Exactly From Now),Transition State And Stop 05-Chewy Vet Care
Incident,TransitionState_Stop,F62-CVC-PMR Escalations,F62-06 Cycle Escalation,Enabled,If (),Transition State And Stop 05-Chewy Vet Care
Incident,TransitionState_Stop,F63-CVC-48hr Notification,F63-00 48hr Escalation,Enabled,"If ((  Custom Field > Expiration Date  equals  12/04/2025 )  AND  Incidents > Previous Escalation Level  not equals  Rhapsody FollowUp Task, Appt 2 Day  AND  Incidents > Channel  not equals  Email, Email)",Transition State And Stop 05-Chewy Vet Care
Incident,TransitionState_Stop,F63-CVC-48hr Notification,F63-01 Cycle 48hr Escalation,Disabled,If (),Transition State And Stop 05-Chewy Vet Care
Incident,TransitionState_Stop,F72 - LCSR Follow Up,F72 - LCSR Follow Up  CarePlus - Chain,Enabled,If (Incidents > Status  equals  Follow-Up  AND  Incidents > Escalation Level  equals  null  AND  Incidents > Assigned  not equals  Unspecified  AND  Incidents > Queue  equals  CarePlus Waiting  AND  Custom Field > Follow-Up Time  is modified this edit),Transition State And Stop 02-Updated State
Incident,TransitionState_Stop,F999-Interface Check,F999-CA-Move to 50-CA,Enabled,If (Incidents > Interface  equals  chewyca),Transition State And Stop 50-Chewy CA State
Incident,TransitionState_Stop,F999-Interface Check,F999-CA-Move to 04-Pharmacy,Enabled,"If (Incidents > Interface  equals  chewy, Unspecified  AND  Incidents > Queue  equals  Rx ADHOC Email, Rx Aged Order, RX Approval Hub Orders, RX Approval Hub Wrong Clinic, Rx AVP Priority Specialty Meds, Rx AVP Priority Specialty Meds Pending, Rx Cancellation, Rx Clinic Emails, Rx Dirty Queue, Rx First Contact, Rx First Contact - AVP, Rx Lead Follow-up, Rx My Vet Email, Rx My Vet Queue, Rx NCNO, Rx New Order, Rx New Order - AVP, Rx New Order - B2B, Rx Nevada DUR, Rx Partial Approvals, Rx Pending Client : CMM, Rx Pending Client Info, Rx Pharmacy Data Entry, Rx Pharmacy Data Entry – Onsite, Rx Pharmacy Data Entry - AVP, Rx Pharmacy DUR, Rx Pharmacy DUR - AVP, Rx Pharmacy DUR Correction, Rx Pharmacy Fax Pending OCR, Rx Pharmacy Priority Queue, Rx Pharmacy Tech Call, Rx Pharmacy Tech Email, Rx Pharmacy Tech Fax Priority, Rx Pharmacist, Rx Pharmacist Follow-Up, Rx Priority DUR Queue, Rx Priority Order Update, Rx Priority Specialty Meds, Rx Priority Specialty Meds Pending, Rx Put on Files, Rx Reship Queue, Rx Second Contact, Rx Second Contact - AVP, Rx Second Contact Pending, Rx Second Contact Pending - AVP, Rx Technician Follow-Up, Rx TeleMed DUR, Rx Third Contact, Rx Third Contact - AVP, Rx Third Contact Pending, Rx Third Contact Pending - AVP, Rx Vet Account Request, Rx Vet Diet Fax, Rx Waiting Queue)",Transition State And Stop 04-Pharmacy State
Incident,TransitionState_Stop,F999-Interface Check,F999-CA-Move to 03-Vet Diet,Enabled,"If (Incidents > Interface  equals  chewy, Unspecified  AND  Incidents > Queue  equals  Vet Diet, Vet Diet ADHOC, Vet Diet – Autoship, Vet Diet Cst Pick Up, Vet Diet CS Support, Vet Diet Cst Pick Up Pending, Vet Diet Fax, Vet Diet First Contact, Vet Diet Fax Pending OCR, Vet Diet First Contact Pending, Vet Diet - JFFD, Vet Diet + Medication, Vet Diet + Medication Pending, Vet Diet Overflow, Vet Diet Outbound, Vet Diet Outbound Pending, Vet Diet PET Forms, Vet Diet Pending Cancellation, Vet Diet Proactive Tickler, Vet Diet Priority Data Entry, Vet Diet Second Contact, Vet Diet Second Contact Pending, Vet Diet Third Contact, Vet Diet Third Contact Pending, Vet Diet Uploads, Vet Diet Waiting)",Transition State And Stop 03-Vet Diet State
Incident,TransitionState_Stop,F999-Interface Check,F999-CA-Move to 02--Updated,Enabled,"If (Incidents > Interface  equals  chewy, Unspecified  AND  Incidents > Queue  equals  Accessibility, Accounting, Accounting - AP Inventory, Accounting - AP Holds, Accounting - AR/Vendor Rebate Billing, Accounts Payable, Add/Remove Item, ADHOC Email, ADHOC Fax, ADHOC Pharmacy Queue, Advertising Email, AGO, Answer Feedback, AVP1, AVP2, Back in Stock, Bazaarvoice Data Logs, BBB, BNA1, Brand Information for Customer Service, CA - Customer Service, CA - Vendor Request (P49), Cancel Order, Cancel Order (Released to Pharm), Cardwriters, Central Scheduling, Chewy Pro Account Request, Chewy Pro Email, Chewy Shelters, Chewy Technical Issues, Chewy Vet Call Back, Chewy Vet Chat, Chewy Vet Ideas, CHIRP, CLT, CFC, Customer Service, Data Protection, DAY, Denied Incident Holding, Denied Stamp, DFW, Dropship - Appeal, Drop Ship - Merchandising, Drop Ship - Supply Chain - Operations, Drop Ship - Supply Chain - Packaging, Duplicated Incidents, Edd Notifications, EDI, EFC, ESCO, Executive Escalation, FC, FC Management, FC Sample Center, FedEx Exceptions, Fedex Holding Queue, Fish Bowl Request, General Email, General Email Overflow, Gen CS Priority Queue, Vet Diet RX Upload, Hills Rebate, ICF Cleanup, Insurance Chat, Insurance Email, Innovation Form, Insurance Voice, Kentucky Board of Pharmacy, Kwalls Holding, Legal, MCI1, MCO, MDT1, Merch, Medications and Prescriptions, MSS - Catalog, MSS - Content, MSS - Feedback, MSS Ops, MSS Ops Escalation, MSS - Pricing, Multiple Order Sytem Automation, No Reply Queue, NPS, NPS Duplicates, Out Of Stock, PAW, PAW ad hoc, PBC Follow Up.Q1, PET Forms, Petscriptions Emails, Petscriptions Intake Form.Q2, Personalization Updates, PDI, PHX, PR, PracticeHub - Vet Support Email, Prepaid Vendor Going Collect, Private Label, Q&A, Recall, Rescue, Reship Ready, Reship Placeholder Queue, Retriever Form, Return Request, RMA Returns Follow-Up, RNO1, Split PDF Solved, Supervisors, Supply, Supply Mailbox, PAW RRC Abuse Suspected, Supply Planning, Supply Shipping, Supply Warehouse, Team Leads, Team Member Services, The Zoo, Tiger Team Escalation, Tiger Team PET Form, Tiger Team Urgent Queue, TRANSPORTATION – Accesorials, TRANSPORTATION - CPU, TRANSPORTATION - RTS & Inbound Freight, UC Dev Chat, UC Dev Email, VC Disputes, Vendor Specialists, Vet Chat Follow up P0, Vet Chat Follow-Up P1, Vet Chat Follow-Up P2, Vet Chat Follow-Up P3, Vet Chat Follow-Up Pending Customer, Vet Chat Follow-Up Waiting, Vendor Care, Vendor Compliance, Vendor Outreach, Vet & Clinic Verification, VSP - Routing, WFC, WFM, WMO, WOW, Unspecified)",Transition State And Stop 02-Updated State
