Object,Action Type,Rule Group,Rule Name,Status,Condition,Actions
Incident,SetField,01-Initial State,01-CA-WOW Case,Enabled,If (Incidents > Queue  equals  CA - WOW  AND  Incidents > Interface  equals  chewyca),Set Field Incidents > Assigned assign as Unspecified
Incident,SetField,01-Initial State,01-G -Rx Voicemail,Enabled,If (Incidents > Subject  contains  Genesys-US-Pharm-Gabapentin-VM  OR  Incidents > Subject  contains  Genesys-US-Pharm-Nevada-VM  OR  Incidents > Subject  contains  Genesys-US-Pharm-RPhGeneral-VM),Set Field Incidents > Queue assign as Rx Voicemail
Incident,SetField,01-Initial State,01-G -PracticeHub - Vet Support Email VM,Enabled,If (Incidents > Subject  contains  Genesys-US-Pharm-DigitalClinic-VM),Set Field Incidents > Queue assign as PracticeHub - Vet Support Email
Incident,SetField,01-Initial State,01-RxCS Follow-Up [new],Enabled,If (Custom Field > Routing Tags  contains  [new]  AND  Custom Field > Routing Tags  contains  [rxcs]  AND  Custom Field > Routing Tags  contains  [nsfu]  AND  Custom Field > Routing Tags  contains  [digi]),Set Field Incidents > Queue assign as RxCS Follow-Up Waiting | Set Field Incidents > Assigned assign as Unspecified | Set Field Incidents > Status assign as Waiting | Set Field Incidents > Disposition assign as Follow-Up Needed | Set Field Incidents > Mailbox assign as RX | Set Field Custom Field > OpenMethods Status assign as pre-initial
Incident,SetField,01-Initial State,01-CA-Cancel my Order Call to Action,Enabled,"If (Incidents > Subject  match regex  ^\[Please(\s|\+)cancel(\s|\+)my(\s|\+)order(\s|\+)-([0-9]{9,10})-\]$  AND  Incidents > Mailbox  equals  chewyca@custhelp.com)",Set Field Incidents > Category assign as Duplicate Order Placed | Set Field Incidents > Disposition assign as No Action Needed | Set Field Incidents > Queue assign as CA - Cancel Order | Set Field Custom Field > Channel assign as Email | Set Field Incidents > Interface assign as chewyca
Incident,SetField,01-Initial State,01-CA-Ship my Order Call to Action,Enabled,"If (Incidents > Subject  match regex  ^\[Please(\s|\+)ship(\s|\+)my(\s|\+)order(\s|\+)-([0-9]{9,10})-\]$  AND  Incidents > Mailbox  equals  chewyca@custhelp.com)",Set Field Incidents > Category assign as Order Confirmation/Verification | Set Field Incidents > Queue assign as CA - Multiple Order System Automation | Set Field Custom Field > Channel assign as Email | Set Field Incidents > Status assign as Unresolved | Set Field Custom Field > OpenMethods Status assign as pre-initial | Set Field Incidents > Interface assign as chewyca
Incident,SetField,01-Initial State,01-CA- Pricing,Enabled,If (Incidents > Source  equals  Techmail - Service Mailbox  AND (  Incidents > Email Header  match regex  DL-MAP_Administrator@chewy.com  OR  Incidents > Subject  contains  Pricing PoC )  AND  Incidents > Interface  equals  chewyca),Set Field Incidents > Queue assign as CA - Pricing | Set Field Incidents > Status assign as Solved
Incident,SetField,01-Initial State,01-CA-Inbound General Email,Enabled,If (Incidents > Source  equals  Techmail - Service Mailbox  AND  Incidents > Mailbox  equals  chewyca@custhelp.com),Set Field Custom Field > Channel assign as Email
Incident,SetField,01-Initial State,01-CA-Auto Reply,Disabled,If (Incidents > Source  equals  Techmail - Service Mailbox  AND  Incidents > Incoming Mailbox  equals  chewyca@custhelp.com  AND (  Incidents > Subject  match regex  [Aa]uto(matic)*[- ][Rr]eply  OR  Incidents > Subject  match regex  Auto response: )),Set Field Custom Field > Channel assign as Email | Set Field Incidents > Category assign as Automatic Email Reply | Set Field Incidents > Product assign as Not Available | Set Field Incidents > Disposition assign as No Action Needed | Set Field Custom Field > Agent Open Date equal to the value of Now | Set Field Incidents > Queue assign as CA - General Email | Set Field Incidents > Status assign as Solved | Set Field Incidents > Interface assign as chewyca
Incident,SetField,01-Initial State,01-G-CA-Auto Reply,Enabled,If (Incidents > Incoming Mailbox  equals  chewyca@custhelp.com  AND (  Incidents > Subject  match regex  [Aa]uto(matic)*[- ][Rr]eply  OR  Incidents > Subject  match regex  Auto response: )  AND  Incidents > Queue  equals  CA - General Email  AND (  Incidents > Channel  equals  Email  OR  Custom Field > Channel  equals  Email )),Set Field Custom Field > Channel assign as Email | Set Field Incidents > Category assign as Automatic Email Reply | Set Field Incidents > Product assign as Not Available | Set Field Incidents > Disposition assign as No Action Needed | Set Field Custom Field > Agent Open Date equal to the value of Now | Set Field Incidents > Status assign as Solved | Set Field Incidents > Interface assign as chewyca
Incident,SetField,01-Initial State,01-CA-Inbound AAQ,Enabled,If (Incidents > Source  equals  Ask A Question  AND  Custom Field > Request Type  equals  Unspecified  AND  Incidents > Interface  equals  chewyca),Set Field Custom Field > Channel assign as Online Form | Set Field Incidents > Mailbox assign as chewyca@custhelp.com
Incident,SetField,01-Initial State,01-CA-Inbound VC Disputes,Enabled,"If (Incidents > Source  equals  Ask A Question  AND  Custom Field > Request Type  equals  No Call No Show (NCNS), Pallet Damage (PD), PO Acknowledgement Fill Rate (POA), On-Time (OT), Reschedules (RS)  AND  Incidents > Category  equals  Vendor Compliance, Chargeback Dispute  AND  Incidents > Interface  equals  chewyca)",Set Field Custom Field > Channel assign as Online Form | Set Field Incidents > Queue assign as CA - VC Disputes | Set Field Custom Field > Open Date equal to the value of Now | Set Field Incidents > Status assign as Unresolved | Set Field Incidents > Mailbox assign as null
Incident,SetField,01-Initial State,01-CA-Inbound Vendor Portal AAQ,Enabled,"If (Incidents > Source  equals  Ask A Question  AND  Custom Field > Request Type  equals  Item/Assortment Transition, Item/Assortment Update Request, Item Discontinuation Submission, Assortment/Content/Marketing, Request to Receive Audit Reports, Brand Info Sheet for Customer Service, Charegebacks, Item Copy or Image Update, Cost Disputes, Cost Rejection Disputes, Cost Update Request, Create or modify Appointment, Customer Satisfaction Claims, Damage Claims, Document failure/rejection, Dropship Sticker Request, Dropship Vendor Performance Appeal, DSCO Questions/Issues, EDI invoicing issue, Carrier EDI Issue, General Questions, Invoice Payment Disputes, Payment/Invoice Issues or Status, Marketing Request, Mis-shipments , Item/Assortment Setup Request, New Vendor Follow-up, Setup EDI Account, Other Questions, Payment Remittance Request, Playbook Questions, Purchase Order (PO) Issues, Rebate Dispute or Backup Request, Rebate/Term Changes or Questions, Recall/Quality Concerns, Resale Certificate Request, Update MAP/MSRP, MAP Violation, Return to Vendor, Dropship Shipping or Ordering Questions, Shipping or Ordering Questions, Update Preferred Contact List, Vendor Compliance Manual, Vendor Data Services, Vendor Account Information Update, Vendor Performance Scorecard Questions, Violations, Vendor Wanting to join Chewy Collect, Collect Vendor Creating New OTM Profile, Collect Vendor Change/Update RTS Info, Technical Questions for RTS, Transportation Escalations, Accessorial Request, Contact Follow-Up, Report Technical Issue, Purchase Unit of Measure Update, Catalog Audit, Invoice Hold Resolution, Demand Forecasting Inquires, Lead Time Inquires, Ordering Cadence Inquires, Item Availability Dates or OOS Updates, New International Vendor Submission, Contact and Address Update, Banking Information Update, Certificate of Insurance Renewal, Vendor Merger & Acquisition, Rebate Backup Request - Promo & Lumpsum, Rebate Backup Request - Allowances & POs, Rebate Disputes - Promotion & Lumpsums, Rebate Disputes - Allowances & POs, Category Manager Contact  AND  Incidents > Interface  equals  chewyca)",Set Field Incidents > Mailbox assign as vendorgrowthpartners@custhelp.com
Incident,SetField,01-Initial State,01-CA-Inbound Vendor Portal AAQ - Feedba,Enabled,If (Incidents > Source  equals  Ask A Question  AND  Custom Field > Request Type  equals  Feedback or Suggestions  AND  Incidents > Interface  equals  chewyca),Set Field Incidents > Mailbox assign as Chewy Vendor Service Portal
Incident,SetField,01-Initial State,01-CA-Inbound Central Scheduling Cofirm,Enabled,"If (Incidents > Source  equals  Ask A Question  AND  Custom Field > Request Type  equals  Create or Modify Appointment, Reschedule Appt  AND  Incidents > Interface  equals  chewyca)",Set Field Incidents > Queue assign as CA - Central Scheduling | Set Field Incidents > Mailbox assign as null | Set Field Custom Field > Reoccurring Issue assign as Yes | Set Field Custom Field > Sign Off assign as Send Confirmation
Incident,SetField,01-Initial State,01-CA-Inbound Central Scheduling New ord,Enabled,If (Incidents > Source  equals  Ask A Question  AND  Custom Field > Request Type  equals  Message or Question  AND  Incidents > Interface  equals  chewyca),Set Field Incidents > Queue assign as CA - Central Scheduling | Set Field Incidents > Mailbox assign as null | Set Field Custom Field > Reoccurring Issue assign as Yes
Incident,SetField,01-Initial State,01-CA-Q&A Import,Enabled,If (Incidents > Source  equals  Import Tools  AND  Incidents > Queue  equals  CA - Q&A  AND  Incidents > Interface  equals  chewyca),Set Field Custom Field > Channel assign as Q&A | Set Field Incidents > Assigned assign as null | Set Field Custom Field > OpenMethods Status assign as pre-initial
Incident,SetField,01-Initial State,01-CA-Inbound Call,Disabled,"If (Incidents > Source  equals  CX Console, Incident Editor, Contact Editor, Org Editor, Opportunity Editor, Task Ins Editor, Answer Editor, Mailing Editor, Survey Editor, Campaign Editor, Document Editor, Mailing Format Editor, Segment Editor, Contact List Editor, Answer Propose from Incident Editor, Opportunity Create from Incident Editor, Analytics Report, Answer Move, Explorer, Incident Multi Update, Contact Multi Update, Org Multi Update, Opportunity Multi Update, Task Ins Multi Update, Answer Multi Update, Communication Center Notifications, Custom Object Editor, Custom Object Multi Update, Virtual Assistant Editor, Workflow, Asset Editor, Asset Multi-Edit Editor, Console Standard Report, Console Workspace, Console Search, Console Preview, Console Preview, Console External Interface, Console Add-In, Console Reset Password, Web Console, Web Console Incident Editor, Web Console Contact Editor, Web Console Org Editor, Web Console Asset Editor, Web Console Task Editor, Web Console Answer Editor, Web Console Contact List Editor, Web Console Workflow, Web Console Analytics Report, Web Console Incident Multi Update, Web Console Contact Multi Update, Web Console Org Multi Update, Web Console Opportunity Multi Update, Web Console Task Ins Multi Update, Web Console Answer Multi Update, Web Console Asset Multi Update, Web Console Notification, Web Console Custom Object Editor, Web Console Custom Object Multi Update, Web Console Standard Report, Web Console Workspace, Web Console Search, Web Console Preview, Web Console Reset Password  AND  Incidents > Category  not equals  Central Scheduling, Pharmacy, My Vet Order, Workforce Management, Card Writing Process, Fulfillment Center, Product Merch, Sample Center, Supply Planning, Vendor Compliance  AND  Incidents > Mailbox  equals  chewyca@custhelp.com  AND  Incidents > Queue  not equals  CA - General Email, CA - Tiger Team Escalation, CA - Tiger Team Pet Form, CA - Tiger Team Urgent)",Set Field Incidents > Queue assign as CA - Customer Service | Set Field Incidents > Interface assign as chewyca
Incident,SetField,01-Initial State,01-G-CA-Inbound Call,Enabled,"If (Incidents > Category  not equals  Central Scheduling, Pharmacy, My Vet Order, Workforce Management, Card Writing Process, Fulfillment Center, Product Merch, Sample Center, Supply Planning, Vendor Compliance  AND  Incidents > Mailbox  equals  chewyca@custhelp.com  AND  Incidents > Queue  equals  Unspecified, CA - Customer Service)",Set Field Incidents > Interface assign as chewyca
Incident,SetField,01-Initial State,01-CA-NPS Import,Enabled,"If (Incidents > Source  equals  Import Tools  AND  Incidents > Queue  equals  CA - NPS, CA - NPS Duplicates  AND  Incidents > Interface  equals  chewyca)",Set Field Custom Field > Channel assign as NPS
Incident,SetField,01-Initial State,01-CA-Inbound Chat,Disabled,"If (Incidents > Source  equals  Live Chat, Web Console Live Chat  AND  Incidents > Category  not equals  Esco Chat, Card Writing Process  AND  Incidents > Queue  not equals  CA - ESCO  AND  Incidents > Interface  equals  chewyca)",Set Field Incidents > Queue assign as CA - Customer Service | Set Field Custom Field > Channel assign as Chat
Incident,SetField,01-Initial State,01 - AWS Delivery Exceptions - Set Channel Type,Enabled,"If (Incidents > Created By  equals  AWS Lambda, Kelly Williamson  AND  Incidents > Queue  equals  FedEx Exceptions  AND  Custom Field > Supply Escalation Reason  equals  FedEx Delivery Exceptions)",Set Field Incidents > Channel assign as Email
Incident,SetField,01-Initial State,01-Supplier Emails - Discard,Enabled,"If (Incidents > Source  equals  Techmail - Service Mailbox  AND  Incidents > Subject  contains  A&E Cage Co, LLC)",Set Field Incidents > Assigned assign as chat.agent1 chat.agent1
Incident,SetField,01-Initial State,Rx Voicemail,Enabled,If (Incidents > Subject  contains  New group voicemail for),Set Field Incidents > Queue assign as Rx Voicemail
Incident,SetField,01-Initial State,Datalogs Fedex,Disabled,If (Incidents > Mailbox  equals  null  AND  Incidents > Email Header  contains  TrackingUpdates@fedex.com),Set Field Incidents > Queue assign as Fedex Holding Queue | Set Field Incidents > Status assign as Solved
Incident,SetField,01-Initial State,01-WOW Case,Enabled,"If (Incidents > Queue  equals  CVC WOW, WOW)",Set Field Custom Field > OpenMethods Status assign as pre-initial | Set Field Incidents > Assigned assign as Unspecified
Incident,SetField,01-Initial State,EDD Notification Closure,Enabled,If (Incidents > Queue  equals  Edd Notifications),Set Field Incidents > Status assign as Solved | Set Field Incidents > Disposition assign as No Action Needed | Set Field Incidents > Category assign as Lost By Shipper | Set Field Incidents > Product assign as Not Available
Incident,SetField,01-Initial State,01-Special Email Import,Disabled,If (Incidents > Source  equals  Techmail - Service Mailbox  AND  Custom Field > Sign Off  equals  specialemailblast  AND  Custom Field > Sign Off  is modified this edit    AND  Incidents > Updated from  equals  Data Import),Set Field Incidents > Status assign as Solved
Incident,SetField,01-Initial State,01-Special Email Cancel,Disabled,If (Incidents > Source  equals  Data Import  AND  Custom Field > Sign Off  equals  specialvetdietcancel  AND  Incidents > Category  equals  Cancel Order),Set Field Incidents > Status assign as Solved
Incident,SetField,01-Initial State,01-Ad Hoc Email Blast,Disabled,If (Custom Field > Sign Off  equals  adhocemailblast  AND  Custom Field > Sign Off  is modified this edit    AND  Incidents > Updated from  equals  Data Import),Set Field Incidents > Status assign as Solved
Incident,SetField,01-Initial State,01-Damage Exception Email Import,Enabled,If (Incidents > Source  equals  Data Import  AND  Custom Field > Sign Off  equals  damageexceptionemail  AND  Custom Field > Sign Off  is modified this edit),Set Field Incidents > Status assign as Solved
Incident,SetField,01-Initial State,01-Special Coupon $10 Import,Disabled,If (Incidents > Source  equals  Import Tools  AND  Custom Field > Sign Off  equals  specialcouponblast10  AND  Incidents > Subject  equals  We're sorry. Here's $10),Set Field Custom Field > Channel assign as Online Form | Set Field Incidents > Status assign as Solved
Incident,SetField,01-Initial State,01-Special Coupon $15 Import,Disabled,If (Incidents > Source  equals  Import Tools  AND  Custom Field > Sign Off  equals  specialcouponblast15  AND  Incidents > Subject  equals  We're sorry. Here's $15),Set Field Custom Field > Channel assign as Online Form | Set Field Incidents > Status assign as Solved
Incident,SetField,01-Initial State,01-Accessibility Email,Disabled,"If (Incidents > Mailbox  equals  Unspecified, chewyca@custhelp.com, Pet Insurance by Chewy, Vet Care Medical Records, Vet Care Team, vendorgrowthpartners@custhelp.com, vetsupport@custhelp.com, thezoosupport@custhelp.com, Chewy Vendor Care, Supply Mailbox, RX, Vet Diet, Chewy)",Set Field Incidents > Queue assign as Accessibility | Set Field Incidents > Status assign as Unresolved
Incident,SetField,01-Initial State,01-G-Accessibility Email,Enabled,"If (Incidents > Mailbox  equals  Unspecified, chewyca@custhelp.com, Pet Insurance by Chewy, Vet Care Medical Records, Vet Care Team, vendorgrowthpartners@custhelp.com, vetsupport@custhelp.com, thezoosupport@custhelp.com, Chewy Vendor Care, Supply Mailbox, RX, Vet Diet, Chewy  AND  Incidents > Queue  equals  Accessibility)",Set Field Incidents > Status assign as Unresolved
Incident,SetField,01-Initial State,01-Cancel my Order Call to Action,Disabled,"If (Incidents > Subject  match regex  ^\[Please(\s|\+)cancel(\s|\+)my(\s|\+)order(\s|\+)-([0-9]{9,10})-\]$  AND  Incidents > Mailbox  equals  Chewy)",Set Field Incidents > Category assign as Duplicate Order Placed | Set Field Incidents > Disposition assign as No Action Needed | Set Field Incidents > Queue assign as Cancel Order | Set Field Custom Field > Channel assign as Email
Incident,SetField,01-Initial State,01-G-Cancel my Order Call to Action,Enabled,"If (Incidents > Subject  match regex  ^\[Please(\s|\+)cancel(\s|\+)my(\s|\+)order(\s|\+)-([0-9]{9,10})-\]$  AND  Incidents > Mailbox  equals  Chewy  AND  Incidents > Queue  equals  Cancel Order)",Set Field Incidents > Category assign as Duplicate Order Placed | Set Field Incidents > Disposition assign as No Action Needed | Set Field Custom Field > Channel assign as Email
Incident,SetField,01-Initial State,01-Ship my Order Call to Action,Enabled,"If (Incidents > Subject  match regex  ^\[Please(\s|\+)ship(\s|\+)my(\s|\+)order(\s|\+)-([0-9]{9,10})-\]$  AND  Incidents > Mailbox  equals  Chewy)",Set Field Incidents > Category assign as Order Confirmation/Verification | Set Field Incidents > Queue assign as Multiple Order Sytem Automation | Set Field Custom Field > Channel assign as Email | Set Field Incidents > Status assign as Unresolved | Set Field Custom Field > OpenMethods Status assign as pre-initial
Incident,SetField,01-Initial State,01-No Reply Email,Disabled,If (Incidents > Source  equals  Techmail - Service Mailbox  AND  Incidents > Incoming Mailbox  equals  No Reply),Set Field Custom Field > Channel assign as Email
Incident,SetField,01-Initial State,01-No Reply Email NEW,Enabled,If (Incidents > Source  equals  Techmail - Service Mailbox  AND  Incidents > Incoming Mailbox  equals  No Reply),Set Field Custom Field > Channel assign as Email
Incident,SetField,01-Initial State,01 - AS Email Issue TEMP RULE,Disabled,If (Incidents > Incoming Mailbox  equals  No Reply  AND  Incidents > Subject  contains  Your Order is About to Ship. Any Add-ons?),Set Field Custom Field > Channel assign as Email | Set Field Incidents > Mailbox assign as Chewy
Incident,SetField,01-Initial State,01-Inbound SFW Pharmacy Cancel Failure,Enabled,If (Incidents > Source  equals  Connect PHP  AND  Incidents > Category  equals  Pharmacy Item),Set Field Custom Field > Channel assign as Storefront | Set Field Incidents > Mailbox assign as Chewy | Set Field Incidents > Queue assign as Gen CS Priority Queue | Set Field Custom Field > OpenMethods Status assign as pre-initial | Set Field Custom Field > Open Date equal to the value of Now
Incident,SetField,01-Initial State,01-Inbound SFW Cancel Failure,Enabled,"If (Incidents > Source  equals  Connect PHP  AND  Incidents > Category  equals  Cancel Order Failed, Gift Card Item, Email/Order Mismatch, Other)",Set Field Custom Field > Channel assign as Storefront | Set Field Incidents > Mailbox assign as Chewy | Set Field Incidents > Queue assign as Gen CS Priority Queue | Set Field Custom Field > OpenMethods Status assign as pre-initial | Set Field Custom Field > Open Date equal to the value of Now
Incident,SetField,01-Initial State,01 - OCR Vet Diet,Enabled,"If (Incidents > Queue  equals  Vet Diet Overflow, Vet Diet Fax, Vet Diet Fax Pending OCR  AND  Incidents > Source  equals  Custom Process, Custom Process (Async)  AND  Incidents > Mailbox  equals  Vet Diet  AND  Custom Field > Channel  equals  Fax  AND  Incidents > Created By  equals  Unspecified)",Set Field Custom Field > OpenMethods Status assign as pre-initial
Incident,SetField,01-Initial State,01-Inbound Vet Diet Upload,Enabled,If (Incidents > Source  equals  Connect PHP  AND  Incidents > Created By  equals  Rx Manager),Set Field Custom Field > Channel assign as RX Upload | Set Field Incidents > Mailbox assign as Vet Diet | Set Field Incidents > Queue assign as Vet Diet Uploads | Set Field Custom Field > OpenMethods Status assign as pre-initial | Set Field Incidents > Category assign as Customer Uploaded Script | Set Field Custom Field > Open Date equal to the value of Now
Incident,SetField,01-Initial State,01-Auto Reply,Disabled,"If (Incidents > Source  equals  Techmail - Service Mailbox  AND  Incidents > Incoming Mailbox  equals  Chewy, Unspecified  AND (  Incidents > Subject  match regex  [Aa]uto(matic)*[- ][Rr]eply  OR  Incidents > Subject  match regex  Auto response: ))",Set Field Custom Field > Channel assign as Email | Set Field Incidents > Category assign as Automatic Email Reply | Set Field Incidents > Product assign as Not Available | Set Field Incidents > Disposition assign as No Action Needed | Set Field Custom Field > Agent Open Date equal to the value of Now | Set Field Incidents > Queue assign as General Email | Set Field Incidents > Status assign as Solved
Incident,SetField,01-Initial State,01-Auto Reply for VD/Rx and Gen CS,Enabled,"If (Incidents > Source  equals  Techmail - Service Mailbox  AND  Incidents > Incoming Mailbox  equals  No Reply, Chewy Petscriptions, RX, Vet Diet, Chewy  AND (  Incidents > Subject  match regex  [Aa]uto(matic)*[- ][Rr]eply  OR  Incidents > Subject  match regex  Auto response:  OR  Incidents > Subject  match regex  [Oo]ut [Oo]f [Oo]ffice  OR  Incidents > Subject  match regex  [Oo]ut [Oo]f [Tt]he [Oo]ffice  OR  Incidents > Subject  match regex  OUT OF OFFICE  OR  Incidents > Subject  match regex  OUT OF THE OFFICE  OR  Incidents > Subject  match regex  autoresponse  OR  Incidents > Subject  match regex  autoreply  OR  Incidents > Customer thread  contains  This email is to confirm we just faxed back the approved prescription for  OR  Incidents > Customer thread  contains  This email is to confirm we just faxed back the rejected prescription for ))",Set Field Incidents > Status assign as Solved | Set Field Incidents > Queue assign as No Reply Queue | Set Field Incidents > Category assign as Automatic Email Reply | Set Field Incidents > Disposition assign as No Action Needed
Incident,SetField,01-Initial State,01-Inbound Chewy Technical Issues,Enabled,"If (Incidents > Source  equals  Ask A Question  AND  Custom Field > Request Type  equals  Unspecified  AND  Incidents > Category  equals  Cisco, Okta, Oracle, Open Methods, Sharepoint, Virtual Desktop (AWS), VPN, WebEx Teams, Other Tool)",Set Field Custom Field > Channel assign as Online Form | Set Field Incidents > Queue assign as Chewy Technical Issues | Set Field Custom Field > Open Date equal to the value of Now
Incident,SetField,01-Initial State,01-Inbound Chewy Ideas,Enabled,If (Incidents > Source  equals  Ask A Question  AND  Custom Field > Request Type  equals  Unspecified  AND  Incidents > Subject  equals  Chewy Vet Idea Request),Set Field Custom Field > Channel assign as Online Form | Set Field Incidents > Queue assign as Chewy Vet Ideas | Set Field Custom Field > Open Date equal to the value of Now
Incident,SetField,01-Initial State,01-Q&A Email,Disabled,"If (Incidents > Source  equals  CX Console, Incident Editor, Contact Editor, Org Editor, Opportunity Editor, Task Ins Editor, Answer Editor, Mailing Editor, Survey Editor, Campaign Editor, Document Editor, Mailing Format Editor, Segment Editor, Contact List Editor, Answer Propose from Incident Editor, Opportunity Create from Incident Editor, Analytics Report, Answer Move, Explorer, Incident Multi Update, Contact Multi Update, Org Multi Update, Opportunity Multi Update, Task Ins Multi Update, Answer Multi Update, Communication Center Notifications, Custom Object Editor, Custom Object Multi Update, Virtual Assistant Editor, Workflow, Asset Editor, Asset Multi-Edit Editor, Console Standard Report, Console Workspace, Console Search, Console Preview, Console Preview, Console External Interface, Console Add-In, Console Reset Password, Web Console, Web Console Incident Editor, Web Console Contact Editor, Web Console Org Editor, Web Console Asset Editor, Web Console Task Editor, Web Console Answer Editor, Web Console Contact List Editor, Web Console Workflow, Web Console Analytics Report, Web Console Incident Multi Update, Web Console Contact Multi Update, Web Console Org Multi Update, Web Console Opportunity Multi Update, Web Console Task Ins Multi Update, Web Console Answer Multi Update, Web Console Asset Multi Update, Web Console Notification, Web Console Custom Object Editor, Web Console Custom Object Multi Update, Web Console Standard Report, Web Console Workspace, Web Console Search, Web Console Preview, Web Console Reset Password  AND  Incidents > Category  not equals  Central Scheduling, Pharmacy, Workforce Management, Card Writing Process, Fulfillment Center, Product Merch, Sample Center  AND  Incidents > Mailbox  equals  Chewy  AND  Incidents > Queue  equals  Q&A)",Set Field Incidents > Queue assign as Q&A
Incident,SetField,01-Initial State,01-RRC Abuse Suspected,Disabled,If (Incidents > Category  equals  RRC Abuse Suspected  AND  Incidents > Subject  equals  RRC Abuse Suspected),Set Field Incidents > Queue assign as PAW RRC Abuse Suspected
Incident,SetField,01-Initial State,01-Inbound Sumit Email,Disabled,"If (Incidents > Source  equals  Techmail - Service Mailbox  AND  Incidents > Incoming Mailbox  equals  Chewy  AND (  Incidents > Subject  equals  An Update from Chewy CEO: Our Commitment to You  OR  Incidents > Subject  equals  Save Big with Autoship  OR  Incidents > Subject  equals  Autoship - Convenience and 30% Off Savings  OR  Incidents > Subject  equals  Autoship - Save on Repeat Deliveries  OR  Incidents > Subject  equals  An Update from Chewy CEO to Our Valued Autoship Customers  OR  Incidents > Subject  equals  Welcome to Chewy, We're Glad You're Here  OR  Incidents > Subject  equals  Bring in the Green and Get Refreshed with Your Pets  OR  Incidents > Subject  equals  Play, Sleep, Repeat | Essentials from Frisco ))",Set Field Custom Field > Channel assign as Email | Set Field Incidents > Queue assign as No Reply Queue
Incident,SetField,01-Initial State,01-Inbound Welcome Email,Disabled,If (Incidents > Source  equals  Techmail - Service Mailbox  AND  Incidents > Incoming Mailbox  equals  Chewy  AND (  Incidents > Subject  equals  Chewy Pharmacy: Your Online Destination for Pet Health  OR  Incidents > Subject  equals  Never Miss a Moment with Autoship  OR  Incidents > Subject  equals  Get All Your Pet Pharmacy Needs with Chewy  OR  Incidents > Subject  equals  Get Extra Savings and Never Run Out  OR  Incidents > Subject  equals  Protect Their Hearts | Shop Chewy Pharmacy  OR  Incidents > Subject  equals  Keep Calm and Stay Entertained with Your Pets  OR  Incidents > Subject  equals  Save on Seresto Flea & Tick Collars  OR  Incidents > Subject  equals  Bring In Love With Pets Old and New  OR  Incidents > Subject  equals  Explore Grain-Free Dog Food )),Set Field Custom Field > Channel assign as Email | Set Field Incidents > Queue assign as No Reply Queue
Incident,SetField,01-Initial State,01-Inbound General Email -AutoReply,Disabled,If (Incidents > Source  equals  Techmail - Service Mailbox  AND  Incidents > Incoming Mailbox  equals  Chewy),Set Field Custom Field > Channel assign as Email
Incident,SetField,01-Initial State,01 - FedEx Pickup Confirmation,Disabled,If (Incidents > Source  equals  Techmail - Service Mailbox  AND  Incidents > Subject  equals  FedEx Pickup Confirmation),Set Field Incidents > Queue assign as Supply | Set Field Custom Field > Supply Escalation Reason assign as Supply Inbox
Incident,SetField,01-Initial State,01-G- FedEx Pickup Confirmation,Enabled,If (Incidents > Subject  equals  FedEx Pickup Confirmation  AND (  Incidents > Channel  equals  Email  OR  Custom Field > Channel  equals  Email )  AND  Incidents > Queue  equals  Supply),Set Field Custom Field > Supply Escalation Reason assign as Supply Inbox
Incident,SetField,01-Initial State,01- Pricing,Enabled,If (Incidents > Source  equals  Techmail - Service Mailbox  AND (  Incidents > Email Header  match regex  DL-MAP_Administrator@chewy.com  OR  Incidents > Subject  contains  Pricing PoC )),Set Field Incidents > Queue assign as Pricing | Set Field Incidents > Status assign as Solved
Incident,SetField,01-Initial State,01-Inbound General Email - Holding,Disabled,"If (Incidents > Source  equals  Techmail - Service Mailbox  AND  Incidents > Incoming Mailbox  equals  Unspecified, Chewy  AND  Custom Field > Routing Tags  is null)",Set Field Custom Field > Channel assign as Email | Set Field Incidents > Queue assign as Email Routing
Incident,SetField,01-Initial State,01-Inbound General Email - Assign,Disabled,"If (Incidents > Source  equals  Techmail - Service Mailbox, CX Console, Incident Editor, Contact Editor, Analytics Report, Incident Multi Update, Contact Multi Update, Workflow, Console Standard Report, Console Workspace, Console Search, Console External Interface, Console Add-In, Process Designer, Configuration Settings Editor, Message Bases Editor, Web Console, Web Console Incident Editor, Web Console Contact Editor, Web Console Workflow, Web Console Analytics Report, Web Console Incident Multi Update, Web Console Contact Multi Update, Web Console Custom Object Editor, Web Console Custom Object Multi Update, Web Console Standard Report, Web Console Workspace, Web Console Search, Web Console Integrations Editor, Element Manager Editor  AND  Incidents > Incoming Mailbox  equals  Unspecified, Chewy  AND  Custom Field > Routing Tags  is not null)",Set Field Custom Field > Channel assign as Email
Incident,SetField,01-Initial State,01-Inbound General Email,Disabled,"If (Incidents > Source  equals  Techmail - Service Mailbox  AND  Incidents > Incoming Mailbox  equals  Pet Insurance by Chewy, advertising@custhelp.com, unsubscribe@chewy.com)",Set Field Custom Field > Channel assign as Email
Incident,SetField,01-Initial State,01-G-Inbound Email,Enabled,"If (Incidents > Incoming Mailbox  equals  thezoosupport@custhelp.com, unsubscribe@chewy.com, Chewy Accessibility, No Reply, Chewy Pro Narnia, Rescue, Supply Mailbox, Chewy Petscriptions, Chewy Pro, Vet Diet, Chewy  AND (  Incidents > Channel  equals  Email  OR  Custom Field > Channel  equals  Email )  AND  Incidents > Source  not equals  Techmail - Service Mailbox)",Set Field Custom Field > Channel assign as Email
Incident,SetField,01-Initial State,01-Inbound Email,Disabled,"If (Incidents > Source  equals  Techmail - Service Mailbox  AND  Incidents > Incoming Mailbox  equals  Vet Care Medical Records, Vet Care Team, vendorgrowthpartners@custhelp.com, vendors-ca@custhelp.com, vetsupport@custhelp.com, vendorp49, thezoosupport@custhelp.com, Chewy Vendor Care, Chewy Vet, Chewy Merch, Chewy Accounting, Chewy EDI, Chewy Vendor Service Portal, Chewy Transportation, Chewy Vendor Disputes, Chewy Data Protection Team, Chewy Pro Narnia, Rescue, Supply Mailbox, Chewy Petscriptions, Leads, Chewy Cards, RX, Vet Diet, Unspecified)",Set Field Custom Field > Channel assign as Email
Incident,SetField,01-Initial State,01-Inbound Email non G,Enabled,"If (Incidents > Incoming Mailbox  equals  vetsupport@custhelp.com, Chewy Vet, datalogs@custhelp.com, Chewy EDI, Chewy Data Protection Team, Workforce, Leads  AND (  Incidents > Channel  equals  Email  OR  Custom Field > Channel  equals  Email ))",Set Field Custom Field > Channel assign as Email
Incident,SetField,01-Initial State,01-Innovation Form Submission,Enabled,"If (Incidents > Source  equals  Ask A Question  AND  Incidents > Category  equals  Bug, Enhancement, Design, Training, General  AND  Incidents > Subject  equals  Innovation Tracker Submission  AND  Incidents > Updated from  equals  Ask A Question)",Set Field Custom Field > Channel assign as Online Form | Set Field Incidents > Queue assign as Innovation Form | Set Field Incidents > Status assign as Unresolved
Incident,SetField,01-Initial State,01-Inbound B2B Pharmacy,Enabled,If (Incidents > Source  equals  Techmail - Service Mailbox  AND  Incidents > Incoming Mailbox  equals  Chewy Pro),Set Field Custom Field > Channel assign as Email | Set Field Incidents > Queue assign as Rx My Vet Email | Set Field Custom Field > Open Date equal to the value of Now
Incident,SetField,01-Initial State,01-Inbound Chewy Pro Account Request,Enabled,If (Incidents > Source  equals  Connect PHP  AND  Incidents > Disposition  equals  Pending Account Verification  AND  Incidents > Category  equals  Account Request  AND  Custom Field > Channel  equals  Chewy Pro),Set Field Incidents > Queue assign as Chewy Pro Account Request | Set Field Custom Field > Open Date equal to the value of Now | Set Field Incidents > Mailbox assign as null
Incident,SetField,01-Initial State,01-Inbound Answer Feedback,Enabled,If (Incidents > Source  equals  Feedback on Answers  AND  Incidents > Interface  equals  chewykb),Set Field Custom Field > Channel assign as Online Form | Set Field Incidents > Queue assign as Answer Feedback
Incident,SetField,01-Initial State,01-Inbound Workforce,Enabled,If (Incidents > Source  equals  Techmail - Service Mailbox  AND  Incidents > Incoming Mailbox  equals  Workforce),Set Field Custom Field > Channel assign as WFM | Set Field Incidents > Queue assign as WFM | Set Field Custom Field > Open Date equal to the value of Now
Incident,SetField,01-Initial State,01-Inbound AAQ Page,Disabled,If (Incidents > Source  equals  Ask A Question  AND  Custom Field > Request Type  equals  Unspecified),Set Field Custom Field > Channel assign as Phone Inbound
Incident,SetField,01-Initial State,01-Inbound AAQ,Enabled,If (Incidents > Source  equals  Ask A Question  AND  Custom Field > Request Type  equals  Unspecified),Set Field Custom Field > Channel assign as Online Form | Set Field Incidents > Mailbox assign as Chewy
Incident,SetField,01-Initial State,01-Inbound AAQ TEMP,Disabled,If (Incidents > Source  equals  Ask A Question  AND  Custom Field > Request Type  equals  Unspecified  AND (  Incidents > Subject  contains  Your message to Chewy  OR  Incidents > Subject  contains  received an email  OR  Incidents > Subject  contains  received email  OR  Incidents > Subject  contains  got an email  OR  Incidents > Subject  contains  got an e-mail )),Set Field Custom Field > Channel assign as Online Form | Set Field Incidents > Mailbox assign as Chewy
Incident,SetField,01-Initial State,01-Inbound VC Disputes,Enabled,"If (Incidents > Source  equals  Ask A Question  AND  Custom Field > Request Type  equals  No Call No Show (NCNS), Pallet Damage (PD), PO Acknowledgement Fill Rate (POA), On-Time (OT), Reschedules (RS), Collect Failed Pickup (FPU), ASN Fill Rate (ASNFR), ASN On-Time (ASNOT), Overages / Excess Units Shipped (OVRG), Pallet Refusals (PR), Value Added Service (VAS)  AND  Incidents > Category  equals  Vendor Compliance, Chargeback Dispute)",Set Field Custom Field > Channel assign as Online Form | Set Field Incidents > Queue assign as VC Disputes | Set Field Custom Field > Open Date equal to the value of Now | Set Field Incidents > Status assign as Unresolved | Set Field Incidents > Mailbox assign as Chewy Vendor Disputes
Incident,SetField,01-Initial State,01-Inbound Vendor Portal REST New Vendor Company Information,Enabled,If (Incidents > Source  equals  Connect Web Services - REST  AND  Custom Field > Request Type  equals  New Vendor Company Information),Set Field Incidents > Subject assign as Chewy - New Vendor Intake Request Submitted
Incident,SetField,01-Initial State,01-Inbound Vendor Portal AAQ,Enabled,"If (Incidents > Source  equals  Ask A Question, Connect Web Services - REST  AND  Custom Field > Request Type  equals  Item/Assortment Transition, Item/Assortment Update Request, Item Discontinuation Submission, Assortment/Content/Marketing, Request to Receive Audit Reports, Brand Info Sheet for Customer Service, Charegebacks, Item Copy or Image Update, Cost Disputes, Cost Rejection Disputes, Cost Update Request, Create or modify Appointment, Customer Satisfaction Claims, Damage Claims, Document failure/rejection, Dropship Sticker Request, Dropship Vendor Performance Appeal, DSCO Questions/Issues, EDI invoicing issue, Carrier EDI Issue, General Questions, Invoice Payment Disputes, Payment/Invoice Issues or Status, Marketing Request, Mis-shipments , Item/Assortment Setup Request, New Vendor Follow-up, Setup EDI Account, Other Questions, Payment Remittance Request, Playbook Questions, Purchase Order (PO) Issues, Rebate Dispute or Backup Request, Rebate/Term Changes or Questions, Recall/Quality Concerns, Resale Certificate Request, Update MAP/MSRP, MAP Violation, Return to Vendor, Dropship Shipping or Ordering Questions, Shipping or Ordering Questions, Update Preferred Contact List, Vendor Compliance Manual, Vendor Data Services, Vendor Account Information Update, Vendor Performance Scorecard Questions, Violations, Vendor Wanting to join Chewy Collect, Collect Vendor Creating New OTM Profile, Collect Vendor Change/Update RTS Info, Technical Questions for RTS, Transportation Escalations, Accessorial Request, Contact Follow-Up, Report Technical Issue, Purchase Unit of Measure Update, Catalog Audit, Invoice Hold Resolution, Demand Forecasting Inquires, Lead Time Inquires, Ordering Cadence Inquires, Item Availability Dates or OOS Updates, PAF completion/upload questions, Image Update (Existing Products), Video Update (Existing Products), Enhanced Content Request-Formerly Chewy+, Item Copy (Existing Products), New Vendor Company Information, Pawsibilities Product Reviews Request, Contact and Address Update, Banking Information Update, Certificate of Insurance Renewal, Vendor Merger & Acquisition, Rebate Backup Request - Promo & Lumpsum, Rebate Backup Request - Allowances & POs, Rebate Disputes - Promotion & Lumpsums, Rebate Disputes - Allowances & POs, Add Additional Supplier to a SKU, Attribution Update, Availability Date Update, Case Layer Pallet Update, Case UPC Add, Brand Name Change, Discontinuation Request, Item Name Update, Item Dimensions & Weight Update, Move SKU to New Supplier, Extended Content Update, Minimum Order Quantity & Order Multiple, Reactivate Discontinued SKU, Restricted Availability Update, UPC Update, Vendor Part Number VPN Update, Category Manager Contact, Request Access to CPH, Reset CPH Account Password, Reset Multi-Factor Authentication (MFA), Request Access to Catalog Details, Request Access to Invoice Details, Combine Chewy SKUs under Parent Producti, New Dropship FC, Item Ordering Update)",Set Field Incidents > Mailbox assign as vendorgrowthpartners@custhelp.com
Incident,SetField,01-Initial State,01-Inbound Vendor Portal API,Enabled,"If (Incidents > Source  equals  Connect PHP, Connect Web Services - REST  AND  Custom Field > Request Type  equals  Cost Update Request)",Set Field Incidents > Mailbox assign as Chewy Vendor Service Portal
Incident,SetField,01-Initial State,01-Inbound Vendor Portal AAQ - Feedback,Enabled,If (Incidents > Source  equals  Ask A Question  AND  Custom Field > Request Type  equals  Feedback or Suggestions),Set Field Incidents > Mailbox assign as Chewy Vendor Service Portal
Incident,SetField,01-Initial State,01-Vet Diet OB Call,Enabled,"If (Incidents > Source  equals  CX Console, Incident Editor, Contact Editor, Org Editor, Opportunity Editor, Task Ins Editor, Answer Editor, Mailing Editor, Survey Editor, Campaign Editor, Document Editor, Mailing Format Editor, Segment Editor, Contact List Editor, Answer Propose from Incident Editor, Opportunity Create from Incident Editor, Analytics Report, Answer Move, Explorer, Incident Multi Update, Contact Multi Update, Org Multi Update, Opportunity Multi Update, Task Ins Multi Update, Answer Multi Update, Communication Center Notifications, Custom Object Editor, Custom Object Multi Update, Virtual Assistant Editor, Workflow, Asset Editor, Asset Multi-Edit Editor, Console Standard Report, Console Workspace, Console Search, Console Preview, Console Preview, Console External Interface, Console Add-In, Console Reset Password, Console Integrations Editor, Access Control Editor, Process Designer, Configuration Settings Editor, Message Bases Editor, Web Console, Web Console Incident Editor, Web Console Contact Editor, Web Console Org Editor, Web Console Asset Editor, Web Console Opportunity Editor, Web Console Task Editor, Web Console Answer Editor, Web Console Contact List Editor, Web Console Opportunity Create from Incident Editor, Web Console Workflow, Web Console Analytics Report, Web Console Incident Multi Update, Web Console Contact Multi Update, Web Console Org Multi Update, Web Console Opportunity Multi Update, Web Console Task Ins Multi Update, Web Console Answer Multi Update, Web Console Asset Multi Update, Web Console Notification, Web Console Custom Object Editor, Web Console Custom Object Multi Update, Web Console Standard Report, Web Console Workspace, Web Console Search, Web Console Preview, Web Console Reset Password, Web Console Integrations Editor, Element Manager Editor  AND  Incidents > Category  equals  Emailed Approval, Emailed Denial, Denial, Error Fax, Denial> Pet Needs to be Seen, Denial>Wrong Pet, Denial>Wrong Pet, Denial>Wrong Item, Denial>Not a Client, Denial>Other, Denial>JustFoodForDogs, Partial Approval, Outbound Vet Diet Follow-Up  AND  Incidents > Queue  equals  Customer Service, Vet Diet Waiting, Unspecified)",Set Field Custom Field > Channel assign as Phone Inbound
Incident,SetField,01-Initial State,01-Inbound Call,Disabled,"If (Incidents > Source  equals  CX Console, Incident Editor, Contact Editor, Org Editor, Opportunity Editor, Task Ins Editor, Answer Editor, Mailing Editor, Survey Editor, Campaign Editor, Document Editor, Mailing Format Editor, Segment Editor, Contact List Editor, Answer Propose from Incident Editor, Opportunity Create from Incident Editor, Analytics Report, Answer Move, Explorer, Incident Multi Update, Contact Multi Update, Org Multi Update, Opportunity Multi Update, Task Ins Multi Update, Answer Multi Update, Communication Center Notifications, Custom Object Editor, Custom Object Multi Update, Virtual Assistant Editor, Workflow, Asset Editor, Asset Multi-Edit Editor, Console Standard Report, Console Workspace, Console Search, Console Preview, Console Preview, Console External Interface, Console Add-In, Console Reset Password, Web Console, Web Console Incident Editor, Web Console Contact Editor, Web Console Org Editor, Web Console Asset Editor, Web Console Task Editor, Web Console Answer Editor, Web Console Contact List Editor, Web Console Workflow, Web Console Analytics Report, Web Console Incident Multi Update, Web Console Contact Multi Update, Web Console Org Multi Update, Web Console Opportunity Multi Update, Web Console Task Ins Multi Update, Web Console Answer Multi Update, Web Console Asset Multi Update, Web Console Notification, Web Console Custom Object Editor, Web Console Custom Object Multi Update, Web Console Standard Report, Web Console Workspace, Web Console Search, Web Console Preview, Web Console Reset Password  AND  Incidents > Category  not equals  Central Scheduling, Pharmacy, My Vet Order, Workforce Management, Card Writing Process, Fulfillment Center, Product Merch, Sample Center, Supply Planning, Vendor Compliance  AND  Incidents > Mailbox  not equals  Vet Care Medical Records, Vet Care Team, RX  AND  Incidents > Queue  not equals  Chewy Vet Chat, Insurance Voice, NPS, PAW RRC Abuse Suspected, PET Forms, Tiger Team Escalation, Tiger Team PET Form, Tiger Team Urgent Queue, Vet Diet PET Forms  AND  Incidents > Product  not equals  NMA Chat)",Set Field Incidents > Queue assign as Customer Service
Incident,SetField,01-Initial State,01-CVC Inbound Call,Enabled,"If (Incidents > Source  equals  CX Console, Incident Editor, Contact Editor, Org Editor, Opportunity Editor, Task Ins Editor, Answer Editor, Mailing Editor, Survey Editor, Campaign Editor, Document Editor, Mailing Format Editor, Segment Editor, Contact List Editor, Answer Propose from Incident Editor, Opportunity Create from Incident Editor, Analytics Report, Answer Move, Explorer, Incident Multi Update, Contact Multi Update, Org Multi Update, Opportunity Multi Update, Task Ins Multi Update, Answer Multi Update, Communication Center Notifications, Custom Object Editor, Custom Object Multi Update, Virtual Assistant Editor, Workflow, Asset Editor, Asset Multi-Edit Editor, Console Standard Report, Console Workspace, Console Search, Console Preview, Console Preview, Console External Interface, Console Add-In, Console Reset Password, Connect PHP, Web Console, Web Console Incident Editor, Web Console Contact Editor, Web Console Org Editor, Web Console Asset Editor, Web Console Task Editor, Web Console Answer Editor, Web Console Contact List Editor, Web Console Workflow, Web Console Analytics Report, Web Console Incident Multi Update, Web Console Contact Multi Update, Web Console Org Multi Update, Web Console Opportunity Multi Update, Web Console Task Ins Multi Update, Web Console Answer Multi Update, Web Console Asset Multi Update, Web Console Notification, Web Console Custom Object Editor, Web Console Custom Object Multi Update, Web Console Standard Report, Web Console Workspace, Web Console Search, Web Console Preview, Web Console Reset Password  AND (  Incidents > Queue  equals  CVC Concierge, CVC General, CVC Outbound, CVC Medical Request  OR  Incidents > Product  equals  PMR Source ))",Set Field Incidents > Mailbox assign as Vet Care Team
Incident,SetField,01-Initial State,01-Inbound Chewy Shelters,Enabled,If (Custom Field > Channel  equals  Chewy Shelters),Set Field Incidents > Queue assign as Chewy Shelters | Set Field Incidents > Mailbox assign as Rescue
Incident,SetField,01-Initial State,01-Inbound Central Scheduling,Enabled,If (Incidents > Source  equals  Techmail - Service Mailbox  AND  Incidents > Incoming Mailbox  equals  Chewy Scheduling),Set Field Custom Field > Channel assign as Email | Set Field Incidents > Queue assign as Central Scheduling | Set Field Custom Field > Open Date equal to the value of Now
Incident,SetField,01-Initial State,01-Inbound Central Scheduling Confirm,Enabled,"If (Incidents > Source  equals  Ask A Question  AND  Custom Field > Request Type  equals  Create or Modify Appointment, Reschedule Appt)",Set Field Incidents > Queue assign as Central Scheduling | Set Field Incidents > Mailbox assign as null | Set Field Custom Field > Reoccurring Issue assign as Yes | Set Field Custom Field > Sign Off assign as Send Confirmation
Incident,SetField,01-Initial State,01-Inbound Central Scheduling New Other,Enabled,If (Incidents > Source  equals  Ask A Question  AND  Custom Field > Request Type  equals  Message or Question),Set Field Incidents > Queue assign as Central Scheduling | Set Field Incidents > Mailbox assign as null | Set Field Custom Field > Reoccurring Issue assign as Yes
Incident,SetField,01-Initial State,01-Duplicate Hub Account,Enabled,If (Incidents > Source  equals  End-User Pages  AND  Incidents > Subject  equals  Conflicted Approval Hub Account Detected),Set Field Incidents > Queue assign as Petscriptions Intake Form.Q2
Incident,SetField,01-Initial State,01-Inbound Pharmacy Mailin New Order 1,Enabled,If (Incidents > Source  equals  Public API  AND  Incidents > Disposition  equals  Pending Client-Mailer  AND  Incidents > Category  equals  First Contact Sent  AND  Incidents > Status  equals  Waiting  AND  Custom Field > Sign Off  equals  CMM First Notification Sent  AND  Custom Field > Channel  not equals  Gabapentin),Set Field Incidents > Mailbox assign as RX | Set Field Custom Field > Open Date equal to the value of Now | Set Field Custom Field > Channel assign as Rx Order | Set Field Incidents > Queue assign as Rx Waiting Queue | Set Field Incidents > Disposition assign as Unspecified | Set Field Incidents > Category assign as Unspecified | Set Field Incidents > Status assign as Waiting | Set Field Custom Field > OpenMethods Status assign as pre-initial
Incident,SetField,01-Initial State,01-Inbound Pharmacy Mailin NewOrder-AVP,Enabled,If (Incidents > Source  equals  Public API  AND  Incidents > Disposition  equals  Pending Client-Mailer  AND  Incidents > Category  equals  First Contact Sent  AND  Incidents > Status  equals  Waiting  AND  Custom Field > Sign Off  equals  CMM First Notification Sent  AND  Custom Field > Channel  equals  Gabapentin),Set Field Incidents > Mailbox assign as RX | Set Field Custom Field > Open Date equal to the value of Now | Set Field Incidents > Queue assign as Rx Waiting Queue | Set Field Custom Field > OpenMethods Status assign as pre-initial
Incident,SetField,01-Initial State,01-Inbound Pharmacy New Order,Enabled,"If (Incidents > Source  equals  Public API  AND  Incidents > Queue  equals  Rx First Contact, Rx New Order)",Set Field Incidents > Mailbox assign as RX | Set Field Custom Field > Open Date equal to the value of Now | Set Field Custom Field > OpenMethods Status assign as PendingNewOrder
Incident,SetField,01-Initial State,01-Inbound Pharmacy New Order ApprHub,Enabled,"If (Incidents > Source  equals  Public API  AND  Custom Field > Channel  equals  Approval Hub  AND  Incidents > Queue  equals  Rx First Contact, Rx New Order)",Set Field Incidents > Mailbox assign as RX | Set Field Custom Field > Open Date equal to the value of Now | Set Field Custom Field > OpenMethods Status assign as PendingNewOrder
Incident,SetField,01-Initial State,01-Inbound Vet Diet Error Order,Enabled,"If (Incidents > Source  equals  Public API  AND  Custom Field > Channel  equals  Vet Diet, Vet Diet - Autoship  AND  Incidents > Disposition  equals  Vet Diet Missing Info)",Set Field Incidents > Mailbox assign as Vet Diet | Set Field Custom Field > Channel assign as Vet Diet | Set Field Incidents > Queue assign as Vet Diet ADHOC
Incident,SetField,01-Initial State,01-Inbound Vet Diet New Order - NEW,Enabled,If (Incidents > Source  equals  Public API  AND  Custom Field > Channel  equals  Vet Diet  AND  Incidents > Disposition  not equals  Vet Diet Missing Info),Set Field Incidents > Mailbox assign as Vet Diet | Set Field Incidents > Category assign as Outbound Vet Diet Follow-Up
Incident,SetField,01-Initial State,01-Inbound Vet Diet + Med New Order,Enabled,If (Incidents > Source  equals  Public API  AND  Custom Field > Channel  equals  Vet Diet - Medication),Set Field Incidents > Mailbox assign as Vet Diet | Set Field Incidents > Category assign as Outbound Vet Diet Follow-Up
Incident,SetField,01-Initial State,01-Inbound Vet Diet New Clinic Order,Enabled,If (Incidents > Source  equals  Public API  AND  Custom Field > Channel  equals  Clinic Contact),Set Field Incidents > Mailbox assign as Vet Diet | Set Field Incidents > Category assign as Outbound Vet Diet Follow-Up
Incident,SetField,01-Initial State,01-Inbound Vet Diet Data Import,Disabled,If (Incidents > Source  equals  Data Import  AND  Custom Field > Channel  equals  Vet Diet  AND  Custom Field > Sign Off  equals  vetdietfaxupload),Set Field Incidents > Mailbox assign as Vet Diet | Set Field Incidents > Category assign as Outbound Vet Diet Follow-Up | Set Field Custom Field > Channel assign as Vet Diet
Incident,SetField,01-Initial State,01-Inbound Vet Diet Autoship Order,Enabled,If (Incidents > Source  equals  Public API  AND  Custom Field > Channel  equals  Vet Diet - Autoship),Set Field Incidents > Mailbox assign as Vet Diet | Set Field Incidents > Queue assign as Vet Diet – Autoship
Incident,SetField,01-Initial State,01- Pharmacy Null Incidents,Enabled,If (Incidents > Updated from  equals  Data Import  AND  Custom Field > Sign Off  is modified this edit    AND  Custom Field > Sign Off  equals  RxIncidentCreate),Set Field Incidents > Assigned assign as null | Set Field Incidents > Queue assign as ADHOC Pharmacy Queue | Set Field Custom Field > Channel assign as Rx Order | Set Field Incidents > Mailbox assign as RX | Set Field Custom Field > OpenMethods Status assign as pre-initial
Incident,SetField,01-Initial State,01- Vet Diet Null Incidents,Enabled,If (Incidents > Updated from  equals  Data Import  AND  Custom Field > Sign Off  is modified this edit    AND  Custom Field > Sign Off  equals  VetDietIncidentCreate),Set Field Incidents > Assigned assign as null | Set Field Incidents > Queue assign as Vet Diet First Contact | Set Field Custom Field > Channel assign as Vet Diet | Set Field Custom Field > OpenMethods Status assign as pre-initial | Set Field Incidents > Mailbox assign as Vet Diet
Incident,SetField,01-Initial State,01- Vet Diet Null Incidents Email pref,Enabled,If (Incidents > Updated from  equals  Data Import  AND  Custom Field > Sign Off  is modified this edit    AND  Custom Field > Sign Off  equals  VetDietIncidentCreateEmailContact),Set Field Incidents > Assigned assign as null | Set Field Incidents > Mailbox assign as Vet Diet | Set Field Custom Field > Clinic Contact Preference assign as Email | Set Field Custom Field > Sign Off assign as
Incident,SetField,01-Initial State,01- Vet Diet Null Incidents Fax Pref,Enabled,If (Incidents > Updated from  equals  Data Import  AND  Custom Field > Sign Off  is modified this edit    AND  Custom Field > Sign Off  equals  VetDietIncidentCreateFaxContact),Set Field Incidents > Assigned assign as null | Set Field Incidents > Mailbox assign as Vet Diet | Set Field Custom Field > Clinic Contact Preference assign as Fax | Set Field Custom Field > Sign Off assign as
Incident,SetField,01-Initial State,01- Vet Diet Null Incidents Phone pref,Enabled,If (Incidents > Updated from  equals  Data Import  AND  Custom Field > Sign Off  is modified this edit    AND  Custom Field > Sign Off  equals  VetDietIncidentCreatePhoneContact),Set Field Incidents > Assigned assign as null | Set Field Incidents > Mailbox assign as Vet Diet | Set Field Custom Field > Clinic Contact Preference assign as Phone | Set Field Custom Field > Sign Off assign as
Incident,SetField,01-Initial State,01- Vet Diet Null Incidents Null Pref,Enabled,If (Incidents > Updated from  equals  Data Import  AND  Custom Field > Sign Off  is modified this edit    AND  Custom Field > Sign Off  equals  VetDietIncidentCreateNULLContact),Set Field Incidents > Assigned assign as null | Set Field Incidents > Mailbox assign as Vet Diet | Set Field Custom Field > Clinic Contact Preference assign as Unspecified | Set Field Custom Field > Sign Off assign as
Incident,SetField,01-Initial State,01- VMX Incidents Solve,Enabled,If (Incidents > Subject  equals  VMX 2021 Sign up  AND  Incidents > Source  equals  End-User Connect),Set Field Incidents > Status assign as Solved
Incident,SetField,01-Initial State,01-Inbound Pharmacy New Order B2B,Enabled,If (Incidents > Source  equals  Public API  AND  Incidents > Queue  equals  Rx New Order - B2B),Set Field Incidents > Mailbox assign as RX | Set Field Custom Field > Open Date equal to the value of Now | Set Field Custom Field > Channel assign as B2B Rx Order | Set Field Incidents > Category assign as My Vet Order
Incident,SetField,01-Initial State,01-Chewy Vet Chat Set Initial Fields,Enabled,If (Incidents > Category  equals  Chewy Vet),Set Field Incidents > Queue assign as Chewy Vet Chat | Set Field Custom Field > Channel assign as Chat
Incident,SetField,01-Initial State,01-Inbound Desktop Chewy+ Chat,Disabled,"If (Incidents > Source  equals  Live Chat, Web Console Live Chat  AND (  Custom Field > Routing Tags  contains  [c+]  OR  Custom Field > Routing Tags  contains  [c+s] ))",Set Field Incidents > Queue assign as Chewy+ | Set Field Custom Field > Channel assign as Chat | Set Field Incidents > Channel assign as Chat
Incident,SetField,01-Initial State,01-Inbound NMA Chewy+ Chat,Disabled,"If (Incidents > Source  equals  Connect Web Services - REST, Web Console Live Chat  AND  Incidents > Product  equals  Chewy+)",Set Field Incidents > Queue assign as Chewy+ | Set Field Custom Field > Channel assign as Chat | Set Field Incidents > Channel assign as Chat
Incident,SetField,01-Initial State,01-Inbound NMA VD Chat,Disabled,"If (Incidents > Source  equals  Connect Web Services - REST, Web Console Live Chat  AND  Incidents > Created By  equals  Chat API CSRB, Chat Api CSRB  AND  Incidents > Product  equals  Vet Diet CS)",Set Field Incidents > Queue assign as Vet Diet | Set Field Custom Field > Channel assign as Chat | Set Field Incidents > Channel assign as Chat
Incident,SetField,01-Initial State,01-Inbound NMA Get Real Chat,Disabled,"If (Incidents > Source  equals  Connect Web Services - REST, Web Console Live Chat  AND  Incidents > Created By  equals  Chat API CSRB, Chat Api CSRB  AND  Incidents > Product  equals  Get Real)",Set Field Incidents > Queue assign as Get Real | Set Field Custom Field > Channel assign as Chat | Set Field Incidents > Channel assign as Chat
Incident,SetField,01-Initial State,01-Inbound NMA Chat,Disabled,"If (Incidents > Source  equals  Connect Web Services - REST, Web Console Live Chat  AND  Incidents > Created By  equals  Chat API CSRB, Chat Api CSRB)",Set Field Incidents > Queue assign as Customer Service | Set Field Custom Field > Channel assign as Chat | Set Field Incidents > Channel assign as Chat
Incident,SetField,01-Initial State,01-Inbound Chat,Disabled,"If (Incidents > Source  equals  Live Chat, Web Console Live Chat  AND  Incidents > Category  not equals  Esco Chat, Card Writing Process  AND  Incidents > Queue  not equals  ESCO  AND (  Custom Field > Routing Tags  contains  [none]  OR  Custom Field > Routing Tags  contains  [c+i]  OR  Custom Field > Routing Tags  contains  [c+c] )  AND  Incidents > Product  not equals  RX CS BOO Chat)",Set Field Incidents > Queue assign as Customer Service | Set Field Custom Field > Channel assign as Chat | Set Field Incidents > Channel assign as Chat
Incident,SetField,01-Initial State,01-Inbound Escalation Chat,Enabled,"If (Incidents > Source  equals  Live Chat, Web Console Live Chat  AND (  Incidents > Category  equals  Esco Chat  OR  Incidents > Product  equals  RX CS BOO Chat ))",Set Field Incidents > Queue assign as ESCO | Set Field Custom Field > Channel assign as Chat | Set Field Incidents > Channel assign as Chat | Set Field Incidents > Disposition assign as No Action Needed | Set Field Incidents > Category assign as Esco Chat | Set Field Custom Field > Transfer Date equal to the value of Now
Incident,SetField,01-Initial State,01-Cardwriting,Enabled,"If (Incidents > Source  equals  Incident Editor, Web Console Incident Editor  AND  Incidents > Category  equals  Card Writing Process)",Set Field Incidents > Mailbox assign as null
Incident,SetField,01-Initial State,01-Bazaarvoice Data Log Email,Enabled,If (Incidents > Mailbox  equals  null),Set Field Incidents > Queue assign as Bazaarvoice Data Logs | Set Field Incidents > Status assign as Solved
Incident,SetField,01-Initial State,01-NPS Import,Enabled,"If (Incidents > Source  equals  Import Tools  AND  Incidents > Queue  equals  NPS, NPS Duplicates)",Set Field Custom Field > Channel assign as NPS
Incident,SetField,01-Initial State,01-Q&A Import,Enabled,If (Incidents > Source  equals  Import Tools  AND  Incidents > Queue  equals  Q&A),Set Field Incidents > Assigned assign as null | Set Field Custom Field > OpenMethods Status assign as pre-initial
Incident,SetField,01-Initial State,01-CA-PDI Import,Disabled,If (Incidents > Source  equals  Import Tools  AND  Incidents > Queue  equals  PDI  AND  Incidents > Interface  equals  chewyca),Set Field Custom Field > Channel assign as PDI | Set Field Incidents > Assigned assign as null
Incident,SetField,01-Initial State,01-PDI Import,Enabled,If (Incidents > Source  equals  Import Tools  AND  Incidents > Queue  equals  PDI),Set Field Custom Field > Channel assign as PDI | Set Field Incidents > Assigned assign as null
Incident,SetField,02-Updated State,02-Vet Health - Post Vet Interview Email,Enabled,"If (Incidents > Queue  equals  Chewy Vet Chat  AND  Incidents > Disposition  equals  Completed Consultation, Unable to complete - mini ACS  AND  Incidents > Status  equals  Solved  AND  Custom Field > VetHealthConsEmailTriggered  is null)",Set Field Custom Field > VetHealthConsEmailTriggered equal to the value of Now
Incident,SetField,02-Updated State,02- Vet Diet Rule State,Enabled,If (Custom Field > Sign Off  is modified this edit    AND  Custom Field > Sign Off  equals  VDRULESTATE2),Set Field Custom Field > Sign Off assign as VDRULESTATEUPDATED | Set Field Custom Field > Rx Count assign as 1
Incident,SetField,02-Updated State,02- Pharmacy Rule State,Enabled,If (Custom Field > Sign Off  is modified this edit    AND  Custom Field > Sign Off  equals  RxRuleState2),Set Field Custom Field > Sign Off assign as
Incident,SetField,02-Updated State,02-Vet Health - Post Vet Interview NoACS,Enabled,If (Incidents > Queue  equals  Chewy Vet Chat  AND  Incidents > Disposition  equals  Unable to complete - no ACS  AND  Incidents > Status  equals  Solved  AND  Custom Field > VetHealthConsEmailTriggered  is null    AND  Custom Field > Suppress ACS  equals  No),Set Field Custom Field > VetHealthConsEmailTriggered equal to the value of Now | Set Field Custom Field > Suppress ACS assign as None
Incident,SetField,02-Updated State,02- Vet Diet Reopen OCR Closed,Enabled,If (Incidents > Status  equals  Unresolved  AND  Incidents > Disposition  is modified this edit    AND  Incidents > Disposition  equals  Reopen OCR Closed  AND  Custom Field > Channel  equals  Fax  AND  Incidents > Mailbox  equals  Vet Diet  AND  Incidents > Queue  equals  Vet Diet Fax),Set Field Incidents > Queue assign as Vet Diet Priority Data Entry | Set Field Custom Field > OpenMethods Status assign as pre-initial
Incident,SetField,02-Updated State,02-Solved with Live Contact Email Import,Enabled,"If (Custom Field > Sign Off  equals  solvedwithlivecontact  AND  Custom Field > Sign Off  is modified this edit    AND  Incidents > Updated from  equals  Incident Multi Update, Data Import  AND  Incidents > Status  equals  Unresolved, Updated  AND  Incidents > Queue  equals  General Email, ADHOC Email  AND  [No Value]  not equals  livecontactslvd  AND  Custom Field > OpenMethods Status  not equals  accepted)",Set Field Incidents > Status assign as Solved | Set Field Incidents > Category assign as Solved with Live Contact | Set Field Incidents > Disposition assign as No Action Needed | Set Field Custom Field > OpenMethods Status assign as accepted | Set Field [No Value] assign as livecontactslvd
Incident,SetField,02-Updated State,02-Thank You Email Pre-Scan Import,Enabled,"If (Custom Field > Sign Off  equals  thankyouemailprescan  AND  Custom Field > Sign Off  is modified this edit    AND  Incidents > Updated from  equals  Data Import  AND  Incidents > Status  equals  Unresolved, Updated  AND  Incidents > Queue  equals  General Email  AND  Custom Field > OpenMethods Status  not equals  accepted)",Set Field Custom Field > OpenMethods Status assign as pre-scan
Incident,SetField,02-Updated State,02-ADHOC Email Prescan,Enabled,"If (Custom Field > Sign Off  equals  adhocemailprescan  AND  Custom Field > Sign Off  is modified this edit    AND  Incidents > Updated from  equals  Data Import  AND  Incidents > Status  equals  Unresolved, Updated  AND  Incidents > Queue  equals  General Email  AND  Custom Field > OpenMethods Status  not equals  accepted)",Set Field Custom Field > OpenMethods Status assign as accepted | Set Field Incidents > Queue assign as ADHOC Email | Set Field [No Value] assign as adhocemailmove
Incident,SetField,02-Updated State,02-Cancel Failure Escalation,Enabled,"If (Incidents > Escalation Level  is modified this edit    AND  Incidents > Escalation Level  equals  Cancel Order Process, Cancel Order Process 2  AND  Incidents > Category  equals  Duplicate Order Placed, Cancel Order Failed, Cancel Order  AND  Incidents > Status  equals  Unresolved)",Set Field Custom Field > OpenMethods Status assign as pre-initial | Set Field Incidents > Category assign as Other | Set Field Incidents > Queue assign as Gen CS Priority Queue | Set Field Custom Field > Open Date equal to the value of Now
Incident,SetField,02-Updated State,02-Ship Order On Call To Action,Enabled,"If (Incidents > Updated from  equals  Custom Process  AND  Incidents > Subject  match regex  ^\[Please(\s|\+)ship(\s|\+)my(\s|\+)order(\s|\+)-([0-9]{9,10})-\]$  AND  Orders > OrderId  is modified this edit)",Set Field Incidents > Status assign as Solved
Incident,SetField,02-Updated State,02-Updated Special Email Import,Enabled,If (Custom Field > Sign Off  equals  specialemailblast_return  AND  Custom Field > Sign Off  is modified this edit    AND  Incidents > Updated from  equals  Data Import),Set Field Incidents > Status assign as Solved
Incident,SetField,02-Updated State,02-Post OCR LS Processing,Enabled,"If (Incidents > Updated from  equals  Custom PHP, Connect PHP, Custom Process, Custom Process (Async), Oracle Integration  AND  Incidents > Status  equals  Unresolved  AND  Incidents > Queue  equals  Rx Pharmacy Data Entry, Rx Pharmacy Fax Pending OCR  AND  Incidents > Category  is modified this edit    AND  Incidents > Category  equals  LS Outbound Prescription Follow-Up)",Set Field Incidents > Queue assign as Rx Pharmacy Data Entry | Set Field Custom Field > OpenMethods Status assign as pre-initial
Incident,SetField,02-Updated State,02-Vet Diet Upload Channel,Enabled,If (Custom Field > Channel  is modified this edit    AND  Custom Field > Channel  equals  Approval Hub  AND  Incidents > Created By  equals  Rx Manager),Set Field Custom Field > Channel assign as RX Upload
Incident,SetField,02-Updated State,02-Q&A Updated,Enabled,If (Incidents > Mailbox  equals  Chewy  AND  Incidents > Queue  equals  Q&A  AND  Incidents > Updated from  equals  Techmail - Service Mailbox),Set Field Incidents > Assigned assign as null | Set Field Incidents > Status assign as Updated | Set Field Incidents > Disposition assign as Unspecified | Set Field Custom Field > Agent Re-Open Date assign as | Set Field Custom Field > OpenMethods Status assign as pre-initial
Incident,SetField,02-Updated State,02-Trupanion Updated,Enabled,If (Incidents > Mailbox  equals  Chewy  AND  Incidents > Queue  equals  Insurance Email  AND  Incidents > Updated from  equals  Techmail - Service Mailbox),Set Field Incidents > Assigned assign as null | Set Field Incidents > Status assign as Updated | Set Field Incidents > Disposition assign as Unspecified | Set Field Custom Field > Agent Re-Open Date assign as | Set Field Custom Field > OpenMethods Status assign as accepted
Incident,SetField,02-Updated State,02-Split PDF Solved,Enabled,"If (Custom Field > OCR State  equals  OCR Completed, Post OCR Split PDF, [V2] OCR Completed  AND  Incidents > Updated from  equals  Connect PHP  AND  Incidents > Status  equals  Solved  AND  Incidents > Queue  equals  Vet Diet Fax Pending OCR, Rx Pharmacy Fax Pending OCR)",Set Field Incidents > Queue assign as Split PDF Solved
Incident,SetField,02-Updated State,02-Tiger Team Updated,Disabled,"If (Incidents > Mailbox  equals  RX, Vet Diet, Chewy  AND  Incidents > Queue  equals  Tiger Team Escalation, Tiger Team Urgent Queue  AND  Incidents > Updated from  equals  Techmail - Service Mailbox)",Set Field Incidents > Assigned assign as null | Set Field Incidents > Status assign as Updated | Set Field Incidents > Queue assign as Team Leads | Set Field Custom Field > Agent Re-Open Date assign as | Set Field Custom Field > OpenMethods Status assign as pre-initial | Set Field Incidents > Disposition assign as Unspecified
Incident,SetField,02-Updated State,02-G- Tiger Team Updated,Enabled,"If (Incidents > Mailbox  equals  RX, Vet Diet, Chewy  AND  Incidents > Queue  equals  Tiger Team Escalation, Tiger Team Urgent Queue  AND  Incidents > Previous Assigned  equals  Tiger Team)",Set Field Incidents > Assigned assign as null | Set Field Incidents > Status assign as Updated | Set Field Incidents > Queue assign as Team Leads | Set Field Custom Field > Agent Re-Open Date assign as | Set Field Custom Field > OpenMethods Status assign as pre-initial | Set Field Incidents > Disposition assign as Unspecified
Incident,SetField,02-Updated State,02-Rx Tiger Team Updated,Disabled,"If (Incidents > Mailbox  equals  RX, Chewy  AND  Incidents > Queue  equals  Rx Tiger Team  AND  Incidents > Updated from  equals  Techmail - Service Mailbox)",Set Field Incidents > Assigned assign as null | Set Field Incidents > Status assign as Updated | Set Field Incidents > Queue assign as Rx Tiger Team | Set Field Custom Field > Agent Re-Open Date assign as | Set Field Custom Field > OpenMethods Status assign as initial | Set Field Incidents > Disposition assign as Unspecified
Incident,SetField,02-Updated State,02G-Rx Tiger Team Updated,Enabled,"If (Incidents > Mailbox  equals  RX, Chewy  AND  Incidents > Queue  equals  Rx Tiger Team  AND  Incidents > Updated from  equals  Techmail - Service Mailbox)",Set Field Incidents > Assigned assign as null | Set Field Incidents > Status assign as Updated | Set Field Custom Field > Agent Re-Open Date assign as | Set Field Custom Field > OpenMethods Status assign as pre-initial | Set Field Incidents > Disposition assign as Unspecified
Incident,SetField,02-Updated State,02-The Zoo Updated,Disabled,If (Incidents > Mailbox  equals  thezoosupport@custhelp.com  AND  Incidents > Updated from  equals  Techmail - Service Mailbox  AND  Incidents > Previous Status  equals  Solved),Set Field Incidents > Assigned assign as null | Set Field Incidents > Status assign as Updated | Set Field Incidents > Queue assign as The Zoo | Set Field Custom Field > Agent Re-Open Date equal to the value of Now | Set Field Custom Field > OpenMethods Status assign as accepted | Set Field Incidents > Disposition assign as Unspecified
Incident,SetField,02-Updated State,02-Vet Support Email Updated,Enabled,If (Incidents > Mailbox  equals  vetsupport@custhelp.com  AND  Incidents > Updated from  equals  Techmail - Service Mailbox  AND  Incidents > Previous Status  equals  Solved),Set Field Incidents > Assigned assign as null | Set Field Incidents > Status assign as Updated | Set Field Incidents > Queue assign as PracticeHub - Vet Support Email | Set Field Custom Field > Agent Re-Open Date equal to the value of Now | Set Field Custom Field > OpenMethods Status assign as accepted | Set Field Incidents > Disposition assign as Unspecified
Incident,SetField,02-Updated State,02-Answer Feedback Updated,Enabled,If (Incidents > Queue  equals  Answer Feedback  AND  Incidents > Updated from  equals  Techmail - Service Mailbox  AND  Incidents > Interface  equals  chewykb),Set Field Incidents > Assigned assign as null | Set Field Incidents > Status assign as Updated | Set Field Incidents > Disposition assign as Unspecified | Set Field Incidents > Queue assign as Answer Feedback | Set Field Custom Field > Agent Re-Open Date assign as
Incident,SetField,02-Updated State,02-Fishbowl Updated,Enabled,If (Incidents > Queue  equals  CHIRP  AND  Incidents > Updated from  equals  Techmail - Service Mailbox  AND  Incidents > Interface  equals  chewykb),Set Field Incidents > Status assign as Updated | Set Field Incidents > Queue assign as CHIRP | Set Field Custom Field > Agent Re-Open Date assign as | Set Field Incidents > Assigned assign as Cesar Esquide | Set Field Incidents > Product assign as Not Available | Set Field Incidents > Disposition assign as No Action Needed
Incident,SetField,02-Updated State,02-Workforce Updated,Enabled,If (Incidents > Category  equals  Workforce Management  AND  Incidents > Updated from  equals  Techmail - Service Mailbox  AND  Incidents > Mailbox  equals  null),Set Field Incidents > Assigned assign as null | Set Field Incidents > Status assign as Updated | Set Field Incidents > Queue assign as WFM | Set Field Custom Field > Agent Re-Open Date assign as | Set Field Custom Field > Open Date equal to the value of Now | Set Field Incidents > Disposition assign as Unspecified
Incident,SetField,02-Updated State,02-B2B Pharmacy Email Updated,Enabled,If (Incidents > Updated from  equals  Techmail - Service Mailbox  AND  Incidents > Mailbox  equals  null),Set Field Incidents > Assigned assign as null | Set Field Incidents > Status assign as Updated | Set Field Incidents > Disposition assign as Unspecified | Set Field Incidents > Queue assign as Rx My Vet Email | Set Field Custom Field > Agent Re-Open Date assign as
Incident,SetField,02-Updated State,02-Central Scheduling Updated,Enabled,If (Incidents > Updated from  equals  Techmail - Service Mailbox  AND  Incidents > Mailbox  equals  null),Set Field Incidents > Assigned assign as null | Set Field Incidents > Status assign as Updated | Set Field Incidents > Queue assign as Central Scheduling | Set Field Custom Field > Agent Re-Open Date assign as | Set Field Custom Field > Open Date equal to the value of Now | Set Field Incidents > Disposition assign as Unspecified
Incident,SetField,02-Updated State,02 - Send Vet to Verification PICs,Disabled,If (Custom Field > Sign Off  is modified this edit    AND  Custom Field > Sign Off  equals  Send Vet to Verification),Set Field Custom Field > Sign Off assign as
Incident,SetField,02-Updated State,02-Vet Diet Hub Denials,Enabled,"If (Incidents > Category  is modified this edit    AND  Incidents > Category  equals  Denial, Denial> Pet Needs to be Seen, Denial>Wrong Pet, Denial>Wrong Pet, Denial>Wrong Item, Denial>Not a Client, Denial>Other  AND  Incidents > Status  not equals  Solved  AND  Custom Field > Channel  equals  Approval Hub)",Set Field Incidents > Assigned assign as null | Set Field Incidents > Queue assign as Vet Diet Fax | Set Field Custom Field > OpenMethods Status assign as pre-initial | Set Field Incidents > Disposition assign as Unspecified | Set Field Incidents > Status assign as Unresolved
Incident,SetField,02-Updated State,02-Vet Approval Hub Missing Info,Enabled,"If (Custom Field > Channel  equals  Approval Hub  AND  Incidents > Updated from  equals  CX Console, Thin Client, Utilities, Public API, Web Console  AND  Incidents > Disposition  equals  Vet Diet Missing Info)",Set Field Incidents > Queue assign as Vet Diet ADHOC | Set Field Custom Field > Sign Off assign as
Incident,SetField,02-Updated State,02-Vet Approval Hub Waiting,Enabled,"If (Incidents > Disposition  equals  Pending Second Contact, Pending Third Contact, Pending Fourth Contact, Pending 24 Hour Cancellation  AND  Incidents > Status  equals  Waiting  AND  Incidents > Queue  not equals  Rx Cancellation, Rx Waiting Queue  AND  Custom Field > Channel  equals  Approval Hub  AND  Incidents > Category  not equals  Approval)",Set Field Incidents > Queue assign as Rx Waiting Queue | Set Field Custom Field > Transfer Date equal to the value of Now | Set Field Incidents > Mailbox assign as RX | Set Field Incidents > Assigned assign as null
Incident,SetField,02-Updated State,02-Vet Approval Hub RX Update,Enabled,If (Custom Field > Channel  is modified this edit    AND  Custom Field > Channel  equals  Approval Hub),Set Field Incidents > Queue assign as Rx Waiting Queue | Set Field Incidents > Category assign as Outbound Prescription Follow-Up | Set Field Incidents > Disposition assign as Pending Second Contact | Set Field Incidents > Status assign as Waiting | Set Field Custom Field > Transfer Date equal to the value of Now
Incident,SetField,02-Updated State,02-Pharmacy New Order,Enabled,"If (Incidents > Escalation Level  is modified this edit    AND  Incidents > Escalation Level  equals  PharmacyNewOrder  AND  Custom Field > OpenMethods Status  equals  PendingNewOrder  AND  Incidents > Queue  equals  Rx First Contact, Rx New Order)",Set Field Custom Field > OpenMethods Status assign as pre-initial
Incident,SetField,02-Updated State,02-RX Pharmacy Waiting,Enabled,"If (Incidents > Disposition  equals  Pending Second Contact, Pending Auto-Second Contact, Pending Third Contact, Pending Auto-Third Contact, Pending Fourth Contact, Pending 24 Hour Cancellation, Pending LS Second Contact, Pending LS Third Contact, Pending LS 24 Hour, Pending Reship  AND  Incidents > Status  equals  Waiting  AND  Incidents > Queue  not equals  Rx Aged Order, Rx Cancellation  AND  Custom Field > Channel  not equals  Approval Hub, Vet Diet)",Set Field Incidents > Queue assign as Rx Waiting Queue | Set Field Custom Field > Transfer Date equal to the value of Now | Set Field Incidents > Mailbox assign as RX | Set Field Incidents > Assigned assign as null
Incident,SetField,02-Updated State,02-RX Pharmacy Client Mailer,Enabled,If (Incidents > Disposition  equals  Pending Client-Mailer  AND  Incidents > Status  equals  Waiting  AND  Incidents > Queue  not equals  Rx Aged Order),Set Field Incidents > Queue assign as Rx Waiting Queue | Set Field Incidents > Mailbox assign as RX | Set Field Incidents > Assigned assign as null
Incident,SetField,02-Updated State,02-RX Aged Order Import,Enabled,If (Custom Field > Sign Off  is modified this edit    AND  Custom Field > Sign Off  equals  RxAgedOrderImport  AND  Incidents > Updated from  equals  Data Import),Set Field Incidents > Assigned assign as null | Set Field Incidents > Disposition assign as Unspecified | Set Field Incidents > Queue assign as ADHOC Pharmacy Queue | Set Field Incidents > Status assign as Unresolved | Set Field Custom Field > OpenMethods Status assign as pre-initial
Incident,SetField,02-Updated State,02-Vet Diet Hub Reopen,Enabled,"If (Incidents > Disposition  is modified this edit    AND  Incidents > Disposition  equals  Reopen OCR Closed  AND  Incidents > Queue  equals  RX Approval Hub Orders, Rx Waiting Queue  AND  Custom Field > Channel  equals  Fax)",Set Field Incidents > Assigned assign as null | Set Field Incidents > Queue assign as Vet Diet Fax | Set Field Custom Field > OpenMethods Status assign as pre-initial
Incident,SetField,02-Updated State,02-Rx Auth Success B2B to DUR,Enabled,If (Incidents > Queue  equals  Rx New Order - B2B  AND  [No Value]  is modified this edit  None  AND  [No Value]  equals  Yes  AND  Custom Field > Prescription Auth Retry Count  is modified this edit    AND  Custom Field > Prescription Auth Retry Count  less than  0),Set Field Incidents > Queue assign as Rx Pharmacy DUR | Set Field Custom Field > OpenMethods Status assign as pre-initial
Incident,SetField,02-Updated State,02-Email AAQ Updated,Enabled,"If (Incidents > Category  equals  Order Status / Where is my order?, Cancel Order, Add/Remove item from order, Request a return or replacement, Medications and prescriptions, Cancel Order Failed, Other reason  AND  Incidents > Updated from  equals  Techmail - Service Mailbox  AND  Incidents > Mailbox  equals  Chewy)",Set Field Incidents > Assigned assign as null | Set Field Incidents > Disposition assign as Unspecified | Set Field Custom Field > Agent Re-Open Date assign as
Incident,SetField,02-Updated State,02- Accessibility Updated,Enabled,If (Incidents > Updated from  equals  Utilities  AND  Incidents > Mailbox  equals  null  AND  Incidents > Queue  equals  Accessibility),Set Field Incidents > Assigned assign as null | Set Field Incidents > Status assign as Updated | Set Field Custom Field > Agent Re-Open Date assign as
Incident,SetField,02-Updated State,02- Set Queue to Team Leads,Enabled,"If (Incidents > Mailbox  equals  Chewy  AND  Custom Field > Routing Tags  contains  [esctl]  AND  Incidents > Queue  not equals  Rx Tiger Team, Team Leads, Tiger Team Escalation, Tiger Team Urgent Queue  AND  Incidents > Status  not equals  Solved  AND  Incidents > Updated from  equals  Techmail - Service Mailbox)",Set Field Incidents > Assigned assign as null | Set Field Incidents > Status assign as Updated | Set Field Custom Field > OpenMethods Status assign as accepted | Set Field Custom Field > Agent Re-Open Date equal to the value of Now | Set Field Incidents > Disposition assign as Unspecified | Set Field Incidents > Queue assign as Team Leads | Set Field Custom Field > General Escalation Request assign as Repeat Contacts
Incident,SetField,02-Updated State,02-Supply Updated,Enabled,If (Incidents > Category  not equals  Card Writing Process  AND  Incidents > Updated from  equals  Techmail - Service Mailbox  AND  Incidents > Mailbox  equals  Supply Mailbox),Set Field Incidents > Assigned assign as null | Set Field Incidents > Status assign as Updated | Set Field Incidents > Disposition assign as Unspecified | Set Field Incidents > Queue assign as General Email | Set Field Custom Field > Agent Re-Open Date assign as | Set Field Custom Field > OpenMethods Status assign as pre-initial
Incident,SetField,02-Updated State,02-Email Updated,Enabled,"If (Incidents > Category  not equals  Card Writing Process  AND  Incidents > Updated from  equals  Techmail - Service Mailbox  AND  Incidents > Mailbox  not equals  Chewy Vendor Care  AND  Incidents > Queue  not equals  Chewy+, Medications and Prescriptions, NPS, NPS Duplicates, Team Leads, VC Disputes, Vendor Compliance, Q&A, Chewy Vet Chat, Vet Chat Follow up P0, Vendor Specialists, MSS Ops, MSS Ops Escalation, Accounting - AP Inventory, Accounting - AR/Vendor Rebate Billing, EDI, TRANSPORTATION - CPU, TRANSPORTATION - RTS & Inbound Freight, TRANSPORTATION – Accesorials, Drop Ship - Supply Chain - Operations, Drop Ship - Merchandising, Vendor Care, Tiger Team Escalation, Tiger Team Urgent Queue, Insurance Email)",Set Field Incidents > Assigned assign as null | Set Field Incidents > Status assign as Updated | Set Field Incidents > Disposition assign as Unspecified | Set Field Custom Field > Agent Re-Open Date assign as | Set Field Custom Field > OpenMethods Status assign as pre-initial
Incident,SetField,02-Updated State,02- CVC Email Updated,Enabled,"If (Incidents > Updated from  equals  Techmail - Service Mailbox  AND  Incidents > Mailbox  equals  Vet Care Medical Records, Vet Care Team)",Set Field Incidents > Assigned assign as null | Set Field Incidents > Status assign as Updated | Set Field Incidents > Disposition assign as Unspecified | Set Field Incidents > Queue assign as CVC General | Set Field Custom Field > Agent Re-Open Date equal to the value of Now
Incident,SetField,02-Updated State,02- Pet Insurance Email Updated,Enabled,If (Incidents > Updated from  equals  Techmail - Service Mailbox  AND  Incidents > Mailbox  equals  Pet Insurance by Chewy),Set Field Incidents > Assigned assign as null | Set Field Incidents > Status assign as Updated | Set Field Incidents > Queue assign as Insurance Email | Set Field Custom Field > Agent Re-Open Date equal to the value of Now | Set Field Incidents > Disposition assign as Unspecified
Incident,SetField,02-Updated State,02- Chewy+ Email Updated,Enabled,If (Incidents > Updated from  equals  Techmail - Service Mailbox  AND  Incidents > Mailbox  equals  Chewy  AND  Incidents > Queue  equals  Chewy+),Set Field Incidents > Assigned assign as null | Set Field Incidents > Status assign as Updated | Set Field Custom Field > OpenMethods Status assign as pre-initial | Set Field Custom Field > Agent Re-Open Date equal to the value of Now | Set Field Incidents > Disposition assign as Unspecified
Incident,SetField,02-Updated State,02-Healthcare Email Updated,Enabled,"If (Incidents > Category  not equals  Card Writing Process  AND  Incidents > Updated from  equals  Techmail - Service Mailbox  AND  Incidents > Mailbox  not equals  Chewy Vendor Disputes, null, null, Rescue, Supply Mailbox, null  AND  Incidents > Queue  equals  Medications and Prescriptions)",Set Field Incidents > Assigned assign as null | Set Field Incidents > Status assign as Updated | Set Field Incidents > Queue assign as Medications and Prescriptions | Set Field Custom Field > Agent Re-Open Date assign as | Set Field Custom Field > OpenMethods Status assign as pre-initial | Set Field Incidents > Disposition assign as Unspecified
Incident,SetField,02-Updated State,02-NPS Email Updated,Enabled,"If (Incidents > Category  not equals  Card Writing Process  AND  Incidents > Updated from  equals  Techmail - Service Mailbox  AND  Incidents > Mailbox  not equals  Chewy Vendor Disputes, null, null, Rescue, Supply Mailbox, null  AND  Incidents > Queue  equals  NPS, NPS Duplicates)",Set Field Incidents > Assigned assign as null | Set Field Incidents > Status assign as Updated | Set Field Incidents > Queue assign as NPS | Set Field Custom Field > Agent Re-Open Date assign as | Set Field Incidents > Disposition assign as Unspecified
Incident,SetField,02-Updated State,02-Vet Chat Email Updated,Enabled,"If (Incidents > Category  not equals  Card Writing Process  AND  Incidents > Updated from  equals  Techmail - Service Mailbox  AND  Incidents > Mailbox  equals  null  AND  Incidents > Queue  equals  Chewy Vet Chat, Vet Chat Follow up P0, Vet Chat Follow-Up Pending Customer)",Set Field Incidents > Assigned assign as null | Set Field Incidents > Status assign as Updated | Set Field Incidents > Queue assign as Vet Chat Follow up P0 | Set Field Custom Field > Agent Re-Open Date assign as | Set Field Incidents > Disposition assign as Unspecified
Incident,SetField,02-Updated State,02-Chewy Pro Email Updated,Enabled,"If (Incidents > Category  not equals  Card Writing Process  AND  Incidents > Updated from  equals  Techmail - Service Mailbox  AND  Incidents > Mailbox  equals  null  AND  Incidents > Queue  equals  Chewy Pro Account Request, Chewy Pro Email)",Set Field Incidents > Assigned assign as null | Set Field Incidents > Status assign as Updated | Set Field Custom Field > Agent Re-Open Date assign as | Set Field Incidents > Queue assign as General Email | Set Field Incidents > Mailbox assign as Chewy | Set Field Incidents > Disposition assign as Unspecified
Incident,SetField,02-Updated State,02-CCPA Email Updated,Enabled,If (Incidents > Category  not equals  Card Writing Process  AND  Incidents > Updated from  equals  Techmail - Service Mailbox  AND  Incidents > Mailbox  equals  null  AND  Incidents > Queue  equals  Data Protection),Set Field Incidents > Assigned assign as null | Set Field Incidents > Status assign as Updated | Set Field Custom Field > Agent Re-Open Date assign as | Set Field Incidents > Disposition assign as Unspecified
Incident,SetField,02-Updated State,02-Legal Email Updated,Enabled,If (Incidents > Category  not equals  Card Writing Process  AND  Incidents > Updated from  equals  Techmail - Service Mailbox  AND  Incidents > Mailbox  equals  null  AND  Incidents > Queue  equals  Legal),Set Field Incidents > Assigned assign as null | Set Field Incidents > Status assign as Updated | Set Field Custom Field > Agent Re-Open Date assign as | Set Field Incidents > Disposition assign as Unspecified
Incident,SetField,02-Updated State,02-Rescue Updated,Enabled,If (Incidents > Category  not equals  Card Writing Process  AND  Incidents > Updated from  equals  Techmail - Service Mailbox  AND  Incidents > Mailbox  equals  Rescue),Set Field Incidents > Assigned assign as null | Set Field Incidents > Status assign as Updated | Set Field Incidents > Disposition assign as Unspecified | Set Field Incidents > Queue assign as Rescue | Set Field Custom Field > Agent Re-Open Date assign as
Incident,SetField,02-Updated State,02-VC Disputes Updated,Enabled,If (Incidents > Updated from  equals  Techmail - Service Mailbox  AND  Incidents > Queue  equals  VC Disputes  AND  Incidents > Interface  equals  chewy  AND  Incidents > Previous Status  equals  Solved),Set Field Incidents > Status assign as Updated | Set Field Incidents > Queue assign as VC Disputes | Set Field Custom Field > Agent Re-Open Date assign as | Set Field Incidents > Disposition assign as Unspecified
Incident,SetField,02-Updated State,02-Vendor Portal Updated,Enabled,"If (Incidents > Updated from  equals  Techmail - Service Mailbox  AND  Incidents > Mailbox  equals  vendorgrowthpartners@custhelp.com, Chewy Vendor Care, null, null, null, Chewy Vendor Service Portal, null)",Set Field Incidents > Status assign as Updated | Set Field Custom Field > Agent Re-Open Date assign as | Set Field Incidents > Disposition assign as Unspecified
Incident,SetField,02-Updated State,02-Vendor Portal Assigned,Enabled,"If (Incidents > Queue  equals  Central Scheduling, Vendor Compliance, Vendor Specialists, MSS Ops, MSS Ops Escalation, Accounting - AP Inventory, Accounting - AR/Vendor Rebate Billing, Accounting - AP Holds, EDI, TRANSPORTATION - CPU, TRANSPORTATION - RTS & Inbound Freight, TRANSPORTATION – Accesorials, Drop Ship - Supply Chain - Operations, Drop Ship - Supply Chain - Packaging, Drop Ship - Merchandising, VSP - Routing, MSS - Content, Supply Planning, MSS - Pricing, MSS - Catalog, MSS - Feedback  AND  Incidents > Assigned  is modified this edit)",Set Field Custom Field > Agent Re-Open Date assign as
Incident,SetField,02-Updated State,02-Vendor Portal Assigned Updated,Enabled,"If (Incidents > Queue  equals  Central Scheduling, Vendor Compliance, Vendor Specialists, MSS Ops, MSS Ops Escalation, Accounting - AP Inventory, Accounting - AR/Vendor Rebate Billing, Accounting - AP Holds, EDI, TRANSPORTATION - CPU, TRANSPORTATION - RTS & Inbound Freight, TRANSPORTATION – Accesorials, Drop Ship - Supply Chain - Operations, Drop Ship - Supply Chain - Packaging, Drop Ship - Merchandising, VSP - Routing, MSS - Content, Supply Planning, MSS - Pricing, MSS - Catalog, MSS - Feedback  AND  Incidents > Assigned  is not modified this edit    AND  Custom Field > Number of Escalations  is modified this edit    AND  Incidents > Last Survey Score  is modified this edit)",Set Field Custom Field > Agent Re-Open Date assign as
Incident,SetField,02-Updated State,02–Vendor Portal Waiting Update,Enabled,"If (Incidents > Queue  equals  Central Scheduling, Vendor Compliance, Vendor Specialists, MSS Ops, MSS Ops Escalation, Accounting - AP Inventory, Accounting - AR/Vendor Rebate Billing, Accounting - AP Holds, EDI, TRANSPORTATION - CPU, TRANSPORTATION - RTS & Inbound Freight, TRANSPORTATION – Accesorials, Drop Ship - Supply Chain - Operations, Drop Ship - Supply Chain - Packaging, Drop Ship - Merchandising, VSP - Routing, MSS - Content, Supply Planning, MSS - Pricing, MSS - Catalog, MSS - Feedback  AND  Incidents > Status  is modified this edit    AND  Incidents > Status  equals  Updated  AND  Incidents > Disposition  equals  Waiting for Vendor Response)",Set Field Incidents > Disposition assign as Awaiting Chewy Action
Incident,SetField,02-Updated State,02-Vendor Portal Solved,Enabled,"If (Incidents > Updated from  equals  CX Console, Incident Editor, Techmail - Service Mailbox, Data Import, Web Console Incident Editor  AND  Incidents > Status  equals  Solved  AND  Incidents > Status  is modified this edit    AND  Incidents > Queue  equals  Accounting - AP Inventory, Accounting - AP Holds, Accounting - AR/Vendor Rebate Billing, CA - Accounting - AP Inventory, CA - Accounting - AP Holds, CA - Central Scheduling, CA - EDI, CA - MSS - Catalog, CA - MSS - Content, CA - MSS - Feedback, CA - MSS - Pricing, CA - MSS Ops, CA - Supply Planning, CA - VC Disputes, CA - Vendor Compliance, CA - Vendor Outreach, CA - Vendor Specialist, CA - VSP - Routing, Dropship - Appeal, Drop Ship - Merchandising, Drop Ship - Supply Chain - Operations, Drop Ship - Supply Chain - Packaging, EDI, MSS - Catalog, MSS - Content, MSS - Feedback, MSS Ops, MSS Ops Escalation, MSS - Pricing, Prepaid Vendor Going Collect, Supply Planning, TRANSPORTATION – Accesorials, TRANSPORTATION - CPU, TRANSPORTATION - RTS & Inbound Freight, VC Disputes, Vendor Specialists, Vendor Care, Vendor Compliance, Vendor Growth Partners, Vendor Outreach, VSP - Routing  AND  Custom Field > Sign Off  is null    AND  Incidents > Source  equals  Ask A Question  AND  Incidents > Disposition  not equals  OOTO Reply, Auto-Reopened - System Email Loop)",Set Field Custom Field > Sign Off assign as Vendor Survey Sent
Incident,SetField,02-Updated State,02-Vendor Outreach,Enabled,If (Custom Field > Request Type  is modified this edit    AND  Custom Field > Request Type  equals  Vendor Outreach Email),Set Field Incidents > Queue assign as Vendor Outreach
Incident,SetField,02-Updated State,02-Leads Updated,Enabled,If (Incidents > Category  not equals  Card Writing Process  AND  Incidents > Updated from  equals  Techmail - Service Mailbox  AND  Incidents > Mailbox  equals  null),Set Field Incidents > Assigned assign as null | Set Field Incidents > Status assign as Updated | Set Field Incidents > Disposition assign as Unspecified | Set Field Incidents > Queue assign as Team Leads | Set Field Custom Field > Agent Re-Open Date assign as
Incident,SetField,02-Updated State,02-Vet Health -Vet Interview Resend,Enabled,If ([No Value]  is modified this edit    AND  [No Value]  equals  resendACS),Set Field Custom Field > VetHealthConsEmailTriggered equal to the value of Now
Incident,SetField,02-Updated State,02- Get Real Email Updated,Enabled,If (Incidents > Updated from  equals  Techmail - Service Mailbox  AND  Incidents > Mailbox  equals  Chewy  AND  Incidents > Queue  equals  Get Real),Set Field Incidents > Assigned assign as null | Set Field Incidents > Status assign as Updated | Set Field Custom Field > OpenMethods Status assign as pre-initial | Set Field Custom Field > Agent Re-Open Date equal to the value of Now | Set Field Incidents > Disposition assign as Unspecified
Incident,SetField,02-Updated State,02- TL Transfer Routing,Enabled,"If (Incidents > Updated from  equals  CX Console, Web Console  AND  Incidents > Disposition  is modified this edit    AND  Incidents > Disposition  equals  Team Leads)",Set Field Incidents > Assigned assign as null | Set Field Incidents > Status assign as Updated | Set Field Incidents > Disposition assign as Unspecified | Set Field Incidents > Queue assign as Team Leads | Set Field Custom Field > OpenMethods Status assign as pre-initial
Incident,SetField,03-Vet Diet State,Hit Me One More Time,Disabled,If (),Set Field Incidents > Subject append with  Hit
Incident,SetField,03-Vet Diet State,Hit Me,Disabled,"If (Incidents > Updated from  equals  CX Console, Web Console)",Set Field Incidents > Product assign as Fish
Incident,SetField,03-Vet Diet State,03- Bryan Beltran Test Rule,Enabled,If (Incidents > Subject  contains  triggerMyAtomBB),Set Field Incidents > Assigned assign as Unspecified | Set Field Incidents > Mailbox assign as Vet Diet | Set Field Custom Field > Clinic Contact Preference assign as Email | Set Field Custom Field > Sign Off assign as null
Incident,SetField,03-Vet Diet State,03- Transition to PBC,Enabled,If (Custom Field > Sign Off  is modified this edit    AND  Custom Field > Sign Off  equals  Transition to PBC),Set Field Custom Field > Sign Off assign as | Set Field Incidents > Mailbox assign as null | Set Field Incidents > Queue assign as Rx Waiting Queue | Set Field Incidents > Status assign as Waiting | Set Field Incidents > Disposition assign as Pending Second Contact | Set Field Incidents > Category assign as Outbound Prescription Follow-Up | Set Field Custom Field > Channel assign as Approval Hub
Incident,SetField,03-Vet Diet State,03- KW Test Rule,Enabled,If (Custom Field > Sign Off  is modified this edit    AND  Custom Field > Sign Off  equals  KW Test Rule),Set Field Incidents > Assigned assign as null | Set Field Incidents > Queue assign as Vet Diet ADHOC | Set Field Custom Field > Sign Off assign as
Incident,SetField,03-Vet Diet State,03- Pharmacy Rule State,Enabled,If (Custom Field > Sign Off  is modified this edit    AND  Custom Field > Sign Off  equals  RxRuleState2),Set Field Custom Field > Sign Off assign as
Incident,SetField,03-Vet Diet State,03- Cancel Vet Diet Null Order,Enabled,"If (Incidents > Queue  is modified this edit    AND  Incidents > Queue  equals  Vet Diet Pending Cancellation  AND  Incidents > Status  equals  Follow-Up, Unresolved, Updated, Waiting, Unspecified  AND  Orders > OrderId  is null)",Set Field Incidents > Queue assign as Vet Diet ADHOC | Set Field Incidents > Assigned assign as null | Set Field Incidents > Status assign as Unresolved | Set Field Incidents > Disposition assign as Vet Diet Cancellation Failure
Incident,SetField,03-Vet Diet State,03- Cancel Vet Diet Order,Enabled,"If (Incidents > Queue  is modified this edit    AND  Incidents > Queue  equals  Vet Diet Pending Cancellation  AND  Incidents > Status  equals  Follow-Up, Unresolved, Updated, Waiting, Unspecified  AND  Orders > OrderId  is not null)",Set Field Custom Field > Sign Off assign as VD Denial Complete | Set Field Custom Field > Rx Count assign as 0
Incident,SetField,03-Vet Diet State,03- AS Send Request to Clinic,Enabled,"If (Custom Field > Send Rxs To NPC  equals  Yes  AND  Custom Field > Clinic Contact Preference  equals  Email, Fax  AND  Custom Field > Channel  equals  Vet Diet - Autoship)",Set Field Custom Field > Send Rxs To NPC assign as No
Incident,SetField,03-Vet Diet State,03- Solve Vet Diet AS Incident,Enabled,"If ((  Custom Field > Clinic Contact Preference  not equals  Email, Fax  AND  Custom Field > Channel  equals  Vet Diet - Autoship )  OR (  Incidents > Escalation Level  is modified this edit    AND  Incidents > Escalation Level  equals  Autoship Solved ))",Set Field Incidents > Status assign as Solved | Set Field Incidents > Disposition assign as No Action Needed
Incident,SetField,03-Vet Diet State,03- Send Request to Clinic,Enabled,"If (Custom Field > Send Rxs To NPC  equals  Yes  AND  Custom Field > Clinic Contact Preference  equals  Email, Fax  AND  Custom Field > Channel  equals  Vet Diet, Vet Diet - Medication  AND  Incidents > Status  not equals  Solved)",Set Field Custom Field > Send Rxs To NPC assign as No
Incident,SetField,03-Vet Diet State,03- Create Parent Incident,Enabled,If (Custom Field > Sign Off  is modified this edit    AND  Custom Field > Sign Off  equals  VetDietConsolidation  AND  Incidents > Status  not equals  Solved),Set Field Custom Field > Sign Off assign as
Incident,SetField,03-Vet Diet State,03- Parent Child Routing,Enabled,If (Custom Field > Channel  equals  Clinic Contact  AND  Incidents > Status  equals  Unresolved  AND  Incidents > Escalation Level  is not modified this edit),Set Field Incidents > Mailbox assign as Vet Diet
Incident,SetField,03-Vet Diet State,03- Resend Fax/Email,Enabled,If (Custom Field > Sign Off  is modified this edit    AND  Custom Field > Sign Off  equals  VDresendNotification),Set Field Custom Field > Sign Off assign as Resent Notification
Incident,SetField,03-Vet Diet State,03- CancelMiss,Enabled,If (Custom Field > Sign Off  is modified this edit    AND  Custom Field > Sign Off  equals  VDMISSCANCEL),Set Field Custom Field > Sign Off assign as Chain 1
Incident,SetField,03-Vet Diet State,03- Vet Diet Reopen OCR Closed,Enabled,If (Incidents > Disposition  is modified this edit    AND  Incidents > Disposition  equals  Reopen OCR Closed  AND  Custom Field > Channel  equals  Fax  AND  Incidents > Mailbox  equals  Vet Diet),Set Field Incidents > Queue assign as Vet Diet Fax | Set Field Custom Field > OpenMethods Status assign as pre-initial | Set Field Incidents > Assigned assign as null | Set Field Incidents > Status assign as Unresolved | Set Field Custom Field > Rx Count assign as 1
Incident,SetField,03-Vet Diet State,03 - Vet Diet Post-OCR [OCRv3],Enabled,If (Incidents > Source  equals  Connect PHP  AND  Custom Field > OCR State  equals  [V3] OCR Completed  AND  Incidents > Disposition  not equals  Pending 24 Hour Cancellation  AND  Incidents > Queue  is null),Set Field Incidents > Queue assign as Vet Diet Fax | Set Field Custom Field > OpenMethods Status assign as pre-initial | Set Field Incidents > Disposition assign as Unspecified
Incident,SetField,03-Vet Diet State,03- Vet Diet Rx Count Solve,Enabled,"If (Incidents > Status  equals  Unresolved, Updated, Waiting  AND  Incidents > Queue  equals  Vet Diet First Contact Pending, Vet Diet First Contact, Vet Diet Second Contact Pending, Vet Diet Second Contact, Vet Diet Third Contact Pending, Vet Diet Third Contact, Vet Diet Waiting, Vet Diet Cst Pick Up, Vet Diet Cst Pick Up Pending, Vet Diet Pending Cancellation  AND  Custom Field > Channel  not equals  Approval Hub  AND  Custom Field > Rx Count  less than  1  AND  Incidents > Category  not equals  Denial, Denial> Pet Needs to be Seen, Denial>Wrong Pet, Denial>Wrong Pet, Denial>Wrong Item, Denial>Not a Client, Denial>Other  AND  Incidents > Disposition  not equals  Vet Diet Cancellation Failure)",Set Field Incidents > Status assign as Solved | Set Field Incidents > Disposition assign as Auto-Closed Received Fax
Incident,SetField,03-Vet Diet State,03- Vet Diet Cancel Failure,Enabled,"If (Incidents > Disposition  is modified this edit    AND  Incidents > Disposition  equals  Vet Diet Missing Info, Vet Diet Cancellation Failure  AND  Incidents > Queue  equals  Vet Diet Pending Cancellation)",Set Field Incidents > Assigned assign as null | Set Field Incidents > Status assign as Unresolved | Set Field Incidents > Queue assign as Vet Diet ADHOC
Incident,SetField,03-Vet Diet State,03- Vet Diet OCR Complete,Enabled,"If (Incidents > Escalation Level  is modified this edit    AND  Incidents > Escalation Level  equals  OCR2complete, OCRpending  AND  Incidents > Status  not equals  Solved  AND  Incidents > Category  not equals  Denial> Pet Needs to be Seen, Denial>Wrong Pet, Denial>Wrong Pet, Denial>Wrong Item, Denial>Not a Client, Denial>Other)",Set Field Custom Field > OpenMethods Status assign as pre-initial
Incident,SetField,03-Vet Diet State,03- Vet Diet OCR Complete Denied,Enabled,"If (Incidents > Escalation Level  is modified this edit    AND  Incidents > Escalation Level  equals  OCR2complete, OCRpending  AND  Incidents > Status  not equals  Solved  AND  Incidents > Category  equals  Denial> Pet Needs to be Seen, Denial>Wrong Pet, Denial>Wrong Pet, Denial>Wrong Item, Denial>Not a Client, Denial>Other)",Set Field Custom Field > OpenMethods Status assign as pre-initial | Set Field Incidents > Disposition assign as Unspecified
Incident,SetField,03-Vet Diet State,03- Email Updated,Enabled,"If (Incidents > Updated from  equals  Ask A Question, Techmail - Service Mailbox  AND  Incidents > Mailbox  equals  Vet Diet, Chewy)",Set Field Incidents > Assigned assign as null | Set Field Incidents > Status assign as Updated | Set Field Incidents > Disposition assign as Unspecified | Set Field Incidents > Queue assign as Vet Diet | Set Field Custom Field > Agent Re-Open Date assign as | Set Field Custom Field > OpenMethods Status assign as pre-initial
Incident,SetField,03-Vet Diet State,03- Split PDF Solved,Enabled,"If (Custom Field > OCR State  equals  OCR Completed, [V2] OCR Completed  AND  Incidents > Updated from  equals  Connect PHP  AND  Incidents > Status  equals  Solved  AND  Incidents > Queue  equals  Vet Diet Fax Pending OCR)",Set Field Incidents > Queue assign as Split PDF Solved
Incident,SetField,03-Vet Diet State,03-Follow-Up Needed,Disabled,"If (Incidents > Disposition  equals  Follow-Up Needed  AND  Incidents > Disposition  is modified this edit    AND  Incidents > Queue  not equals  PBC Follow Up.Q1, Petscriptions Intake Form.Q2)",Set Field Incidents > Status assign as Follow-Up | Set Field Incidents > Queue assign as Customer Service
Incident,SetField,03-Vet Diet State,03- Vet Diet Rx Count Reopen,Disabled,"If (Incidents > Status  equals  Solved  AND  Incidents > Queue  equals  Vet Diet First Contact Pending, Vet Diet First Contact, Vet Diet Second Contact Pending, Vet Diet Second Contact, Vet Diet Third Contact Pending, Vet Diet Third Contact, Vet Diet Waiting, Vet Diet Cst Pick Up, Vet Diet Cst Pick Up Pending  AND  Custom Field > Channel  not equals  Approval Hub  AND  Custom Field > Rx Count  greater than  0)",Set Field Incidents > Status assign as Unresolved | Set Field Incidents > Queue assign as Vet Diet Overflow | Set Field Custom Field > OpenMethods Status assign as pre-initial | Set Field Incidents > Assigned assign as null
Incident,SetField,03-Vet Diet State,03- Child Routing,Disabled,"If (Custom Field > Channel  equals  Vet Diet, Vet Diet - Medication  AND  Incidents > Status  not equals  Solved  AND  Incidents > Queue  equals  Unspecified  AND  Incidents > Escalation Level  equals  null  AND  Custom Field > Sign Off  not equals  PendingUploadEmail)",Set Field Incidents > Mailbox assign as Vet Diet | Set Field Custom Field > Sign Off assign as PendingUploadEmail
Incident,SetField,03-Vet Diet State,03 - Vet Diet eFax Failures,Enabled,If (Custom Field > Sign Off  equals  Vet Diet eFax Failures  AND  Incidents > Queue  equals  Vet Diet eFax Failures  AND  Custom Field > Channel  equals  Vet Diet Refax  AND  Incidents > Source  equals  Data Import),Set Field Custom Field > Sign Off assign as null | Set Field Incidents > Category assign as eFax Failure: Clinic Call | Set Field Incidents > Disposition assign as No Action Needed | Set Field Incidents > Assigned assign as Unspecified
Incident,SetField,03-Vet Diet State,03. - Set Channel is Unspecified,Enabled,If (Custom Field > Channel  equals  Unspecified),Set Field Custom Field > Channel assign as Vet Diet
Incident,SetField,04-Pharmacy State,S04-Rx Tiger Team Escalation,Enabled,If (Incidents > Disposition  equals  Rx Tiger Team  AND  Incidents > Disposition  is modified this edit),Set Field Incidents > Status assign as Unresolved | Set Field Incidents > Assigned assign as null | Set Field Incidents > Queue assign as Rx Tiger Team | Set Field Custom Field > Follow-Up Time equal to the value of Now | Set Field Custom Field > OpenMethods Status assign as pre-initial
Incident,SetField,04-Pharmacy State,CancelOrder - P3 36274,Disabled,If (Custom Field > Universal Text  equals  CancelOrder102023),Set Field Custom Field > Universal Text assign as CancelOrder102023-Processed
Incident,SetField,04-Pharmacy State,04-Set Channel - Pharmacy New Order,Enabled,"If (Incidents > Source  equals  Public API  AND  Incidents > Queue  equals  Rx First Contact, Rx New Order  AND  Custom Field > Channel  equals  Unspecified)",Set Field Custom Field > Channel assign as Rx Order
Incident,SetField,04-Pharmacy State,04- NV DUR State Change (NP),Disabled,"If (Custom Field > Shipping Address State  is modified this edit    AND  Custom Field > Shipping Address State  equals  NV  AND  Incidents > Queue  equals  Rx Pharmacy DUR, Rx Pharmacy DUR - AVP, Rx Priority DUR Queue)",Set Field Incidents > Queue assign as Rx Nevada DUR
Incident,SetField,04-Pharmacy State,04- AVP Mail-In State Change,Enabled,If (Incidents > Queue  equals  Rx First Contact  AND  Custom Field > Sign Off  equals  CMM First Notification Sent  AND  Custom Field > Channel  equals  Gabapentin),Set Field Incidents > Queue assign as Rx First Contact - AVP
Incident,SetField,04-Pharmacy State,04- AVP DE State Change,Enabled,If (Incidents > Queue  equals  Rx Pharmacy Data Entry  AND  Incidents > Assigned  equals  Unspecified  AND  Custom Field > Channel  equals  Gabapentin),Set Field Incidents > Queue assign as Rx Pharmacy Data Entry - AVP
Incident,SetField,04-Pharmacy State,04- 24 Hr Cancellation Manual,Enabled,If (Custom Field > Sign Off  is modified this edit    AND  Custom Field > Sign Off  equals  skip hydration),Set Field Incidents > Disposition assign as Pending 24 Hour Cancellation
Incident,SetField,04-Pharmacy State,04- Set AVP Data Entry,Enabled,"If (Incidents > Escalation Level  is modified this edit    AND  Incidents > Escalation Level  equals  Pending Contact Sync  AND  Incidents > Previous Escalation Level  not equals  Pending Contact Sync  AND  Incidents > Queue  not equals  Rx Pharmacy DUR, Rx Pharmacy DUR - AVP, Rx Pharmacy DUR Correction, Rx Priority DUR Queue, Rx TeleMed DUR  AND  Custom Field > Channel  equals  Gabapentin)",Set Field Incidents > Queue assign as Rx Pharmacy Data Entry - AVP | Set Field Custom Field > OpenMethods Status assign as pre-initial
Incident,SetField,04-Pharmacy State,04- Set OnSite Data Entry,Enabled,"If (Incidents > Escalation Level  is modified this edit    AND  Incidents > Escalation Level  equals  Pending Contact Sync  AND  Incidents > Previous Escalation Level  not equals  Pending Contact Sync  AND  Incidents > Category  not equals  LS Outbound Prescription Follow-Up  AND  Custom Field > Shipping Address State  equals  AL, OR)",Set Field Incidents > Queue assign as Rx Pharmacy Data Entry – Onsite | Set Field Custom Field > OpenMethods Status assign as pre-initial
Incident,SetField,04-Pharmacy State,04- Set SDF Data Entry,Enabled,If (Incidents > Escalation Level  is modified this edit    AND  Incidents > Escalation Level  equals  Pending Contact Sync  AND  Incidents > Previous Escalation Level  not equals  Pending Contact Sync  AND  Incidents > Category  not equals  LS Outbound Prescription Follow-Up  AND  Custom Field > Channel  not equals  Gabapentin),Set Field Custom Field > OpenMethods Status assign as pre-initial
Incident,SetField,04-Pharmacy State,04-Set Disposition Rx Clinic Emails,Enabled,If (Incidents > Queue  is modified this edit    AND  Incidents > Queue  equals  Rx Clinic Emails),Set Field Incidents > Disposition assign as Clinic Email - Pending 1st Touch
Incident,SetField,04-Pharmacy State,04- Transition to Vet Diet State,Enabled,If (Custom Field > Sign Off  is modified this edit    AND  Custom Field > Sign Off  equals  VDRuleState2),Set Field Custom Field > Sign Off assign as
Incident,SetField,04-Pharmacy State,04- Transfer to General CS,Enabled,If (Incidents > Disposition  is modified this edit    AND  Incidents > Disposition  equals  Customer Service  AND  Incidents > Status Type  not equals  Solved),Set Field Incidents > Queue assign as General Email | Set Field Incidents > Assigned assign as Unspecified | Set Field Custom Field > OpenMethods Status assign as pre-initial | Set Field Incidents > Mailbox assign as Chewy
Incident,SetField,04-Pharmacy State,04- Pharmacy Send Refax,Enabled,If (Custom Field > Sign Off  equals  SendPharmacyFax  AND  Custom Field > Sign Off  is modified this edit),Set Field Custom Field > Sign Off assign as PharmacyFaxResent
Incident,SetField,04-Pharmacy State,04- Send Vet to Verification PICs,Enabled,If (Custom Field > Sign Off  is modified this edit    AND  Custom Field > Sign Off  equals  Send Vet to Verification),Set Field Custom Field > Sign Off assign as
Incident,SetField,04-Pharmacy State,04- Pharmacy New Order,Disabled,"If (Incidents > Escalation Level  is modified this edit    AND  Incidents > Escalation Level  equals  PharmacyNewOrder  AND  Custom Field > OpenMethods Status  equals  PendingNewOrder  AND  Incidents > Queue  equals  Rx First Contact, Rx New Order)",Set Field Custom Field > OpenMethods Status assign as pre-initial
Incident,SetField,04-Pharmacy State,04- Pharmacy New Order - SDF,Enabled,"If (Incidents > Escalation Level  is modified this edit    AND  Incidents > Escalation Level  equals  PharmacyNewOrder  AND  Custom Field > OpenMethods Status  equals  PendingNewOrder  AND  Incidents > Queue  equals  Rx First Contact, Rx New Order  AND  Custom Field > Channel  not equals  Gabapentin)",Set Field Custom Field > OpenMethods Status assign as pre-initial
Incident,SetField,04-Pharmacy State,04- Pharmacy New Order - AVP,Enabled,"If (Incidents > Escalation Level  is modified this edit    AND  Incidents > Escalation Level  equals  PharmacyNewOrder  AND  Custom Field > OpenMethods Status  equals  PendingNewOrder  AND  Incidents > Queue  equals  Rx First Contact, Rx New Order  AND  Custom Field > Channel  equals  Gabapentin)",Set Field Incidents > Queue assign as Rx New Order - AVP | Set Field Custom Field > OpenMethods Status assign as pre-initial
Incident,SetField,04-Pharmacy State,04-RX Pharmacist DUR-Unblocked state,Disabled,If (Incidents > Disposition  equals  RX Pharmacist  AND  Incidents > Category  equals  Refill Order  AND  Incidents > Updated from  equals  Public API  AND  Custom Field > Channel  not equals  Approval Hub  AND  Incidents > Category  is modified this edit),Set Field Incidents > Status assign as Unresolved | Set Field Incidents > Queue assign as Rx Pharmacy DUR | Set Field Custom Field > Transfer Date equal to the value of Now | Set Field Incidents > Assigned assign as null | Set Field Custom Field > OpenMethods Status assign as accepted
Incident,SetField,04-Pharmacy State,04-RX Pharmacist DUR-LS Unblocked state,Disabled,If (Incidents > Disposition  equals  RX Pharmacist  AND  Incidents > Category  equals  LS Refill Order  AND  Incidents > Category  is modified this edit    AND  Incidents > Updated from  equals  Public API  AND  Custom Field > Channel  not equals  Approval Hub),Set Field Incidents > Status assign as Unresolved | Set Field Incidents > Queue assign as Rx Priority DUR Queue | Set Field Custom Field > Transfer Date equal to the value of Now | Set Field Incidents > Assigned assign as null | Set Field Custom Field > OpenMethods Status assign as accepted
Incident,SetField,04-Pharmacy State,04-RX Pharmacist DUR-Entered state,Disabled,"If (Incidents > Disposition  equals  RX Pharmacist  AND  Incidents > Category  equals  Mail Received, Mailer, Put on File, Approval, Verbal Approval  AND  Incidents > Category  is modified this edit    AND  Incidents > Updated from  equals  Public API  AND  Custom Field > Channel  not equals  Rx Order)",Set Field Incidents > Status assign as Unresolved | Set Field Incidents > Queue assign as Rx Pharmacy DUR | Set Field Custom Field > Transfer Date equal to the value of Now | Set Field Incidents > Assigned assign as null | Set Field Custom Field > OpenMethods Status assign as accepted
Incident,SetField,04-Pharmacy State,04-RX Pharmacist DUR - New state,Disabled,"If (Incidents > Disposition  equals  RX Pharmacist  AND  Incidents > Category  equals  Mail Received, Mailer, Put on File, Approval, Verbal Approval  AND  Incidents > Category  is modified this edit    AND  Incidents > Updated from  equals  CX Console, Web Console)",Set Field Incidents > Status assign as Unresolved | Set Field Incidents > Queue assign as Rx Pharmacy DUR | Set Field Custom Field > Transfer Date equal to the value of Now | Set Field Incidents > Assigned assign as null | Set Field Custom Field > OpenMethods Status assign as accepted
Incident,SetField,04-Pharmacy State,04- Rx Waiting Call Function,Enabled,"If (Incidents > Status  equals  Waiting  AND  Incidents > Queue  not equals  Cancel Order (Released to Pharm), Rx Aged Order, Rx Cancellation  AND ( (  Incidents > Disposition  equals  Pending Second Contact, Pending Auto-Second Contact, Pending Third Contact, Pending Auto-Third Contact, Pending 24 Hour Cancellation, Pending LS Second Contact, Pending LS Third Contact, Pending LS 24 Hour, Pending Reship  AND  Custom Field > Channel  not equals  Approval Hub, Vet Diet )  OR (  Incidents > Escalation Level  is modified this edit    AND  Incidents > Escalation Level  equals  Cancel Pharmacy Order Fix, Pharmacy Pending Reship, Pharmacy Waiting 24 Cancel, Pharmacy Waiting First Touch, Pharmacy Waiting LS 24 Cancel, Pharmacy Waiting Move To Cancel, Pharmacy Waiting Touch 2, Pharmacy Waiting Touch 2.0, Pharmacy Waiting Touch 3, Pharmacy Waiting Touch 3.0, Pharmacy Waiting Touch LS 2, Pharmacy Waiting Touch LS 3, RX Partial Approval AVP, RX Partial Approval SDF ) ))",Set Field Incidents > Queue assign as Rx Waiting Queue | Set Field Incidents > Assigned assign as null
Incident,SetField,04-Pharmacy State,04- Split PDF Solved,Enabled,"If (Custom Field > OCR State  equals  OCR Completed, Post OCR Split PDF, [V2] OCR Completed  AND  Incidents > Updated from  equals  Connect PHP  AND  Incidents > Status  equals  Solved  AND  Incidents > Queue  equals  Rx Pharmacy Fax Pending OCR, Vet Diet Fax Pending OCR)",Set Field Incidents > Queue assign as Split PDF Solved
Incident,SetField,04-Pharmacy State,04- Post OCR LS Processing,Enabled,"If (Incidents > Updated from  equals  Custom PHP, Connect PHP, Custom Process, Custom Process (Async), Oracle Integration  AND  Incidents > Status  equals  Unresolved  AND  Incidents > Queue  equals  Rx Pharmacy Data Entry, Rx Pharmacy Fax Pending OCR  AND  Incidents > Category  is modified this edit    AND  Incidents > Category  equals  LS Outbound Prescription Follow-Up)",Set Field Incidents > Queue assign as Rx Pharmacy Data Entry | Set Field Custom Field > OpenMethods Status assign as pre-initial
Incident,SetField,04-Pharmacy State,04- Vet Diet Hub Denials,Enabled,"If (Incidents > Category  is modified this edit    AND  Incidents > Category  equals  Denial, Denial> Pet Needs to be Seen, Denial>Wrong Pet, Denial>Wrong Pet, Denial>Wrong Item, Denial>Not a Client, Denial>Other  AND  Incidents > Status  not equals  Solved  AND  Custom Field > Channel  equals  Approval Hub)",Set Field Incidents > Assigned assign as null | Set Field Incidents > Queue assign as Vet Diet Fax | Set Field Custom Field > OpenMethods Status assign as pre-initial | Set Field Incidents > Disposition assign as Unspecified | Set Field Incidents > Status assign as Unresolved
Incident,SetField,04-Pharmacy State,04- Vet Diet Hub Reopen,Enabled,"If (Incidents > Disposition  is modified this edit    AND  Incidents > Disposition  equals  Reopen OCR Closed  AND  Incidents > Queue  equals  Rx Waiting Queue, RX Approval Hub Orders  AND  Custom Field > Channel  equals  Approval Hub)",Set Field Incidents > Assigned assign as null | Set Field Incidents > Queue assign as Vet Diet Priority Data Entry | Set Field Custom Field > OpenMethods Status assign as pre-initial
Incident,SetField,04-Pharmacy State,04- Vet Diet Hub Missing Info,Enabled,"If (Custom Field > Channel  equals  Approval Hub  AND  Incidents > Updated from  equals  CX Console, Thin Client, Utilities, Public API, Web Console  AND  Incidents > Disposition  equals  Vet Diet Missing Info)",Set Field Incidents > Queue assign as Vet Diet ADHOC | Set Field Custom Field > Sign Off assign as
Incident,SetField,04-Pharmacy State,04- Vet Approval Hub Waiting,Enabled,"If (Incidents > Disposition  equals  Pending Second Contact, Pending Third Contact, Pending Fourth Contact, Pending 24 Hour Cancellation  AND  Incidents > Status  equals  Waiting  AND  Incidents > Queue  not equals  Rx TeleMed DUR, Rx Waiting Queue, Rx Cancellation  AND  Custom Field > Channel  equals  Approval Hub  AND  Incidents > Category  not equals  Approval)",Set Field Incidents > Queue assign as Rx Waiting Queue | Set Field Custom Field > Transfer Date equal to the value of Now | Set Field Incidents > Mailbox assign as RX | Set Field Incidents > Assigned assign as null
Incident,SetField,04-Pharmacy State,04- Vet Approval Hub Rx Update,Enabled,If (Custom Field > Channel  is modified this edit    AND  Custom Field > Channel  equals  Approval Hub  AND  Incidents > Queue  not equals  Rx TeleMed DUR),Set Field Incidents > Queue assign as Rx Waiting Queue | Set Field Incidents > Category assign as Outbound Prescription Follow-Up | Set Field Incidents > Disposition assign as Pending Second Contact | Set Field Incidents > Status assign as Waiting | Set Field Custom Field > Transfer Date equal to the value of Now
Incident,SetField,04-Pharmacy State,04- Rx Aged Order Import,Enabled,If (Custom Field > Sign Off  is modified this edit    AND  Custom Field > Sign Off  equals  RxAgedOrderImport  AND  Incidents > Updated from  equals  Data Import),Set Field Incidents > Assigned assign as null | Set Field Incidents > Disposition assign as Unspecified | Set Field Incidents > Queue assign as ADHOC Pharmacy Queue | Set Field Incidents > Status assign as Unresolved | Set Field Custom Field > OpenMethods Status assign as pre-initial
Incident,SetField,04-Pharmacy State,04- Rx Auth Success B2B to DUR,Enabled,If (Incidents > Queue  equals  Rx New Order - B2B  AND  [No Value]  is modified this edit  None  AND  [No Value]  equals  Yes  AND  Custom Field > Prescription Auth Retry Count  is modified this edit    AND  Custom Field > Prescription Auth Retry Count  less than  0),Set Field Incidents > Queue assign as Rx Pharmacy DUR | Set Field Custom Field > OpenMethods Status assign as pre-initial
Incident,SetField,04-Pharmacy State,04- B2B Pharmacy Email Updated,Enabled,If (Incidents > Updated from  equals  Techmail - Service Mailbox  AND  Incidents > Mailbox  equals  null),Set Field Incidents > Assigned assign as null | Set Field Incidents > Status assign as Updated | Set Field Incidents > Disposition assign as Unspecified | Set Field Incidents > Queue assign as Rx My Vet Email | Set Field Custom Field > Agent Re-Open Date assign as
Incident,SetField,04-Pharmacy State,04- Not Pharmacy Q Transition State,Enabled,"If (Incidents > Queue  not equals  Medications and Prescriptions, Rx Aged Order, Rx Aged Order - AVP, Rx Clinic Emails - AVP, RxCS Follow-Up, RxCS Follow-Up Waiting, Rx First Contact Pending, Rx Lead Follow-up - AVP, Rx New Order - B2B, Rx First Contact, Rx Northstar Holding, Rx Pharmacy Data Entry – Onsite, Rx Pharmacy DUR Correction - AVP, Rx Pharmacy Tech Call, Rx Reship Queue - AVP, Rx Reship Ready - AVP, Rx Second Contact, Rx Technician Follow-Up - AVP, Rx TeleMed DUR, Rx Third Contact, Rx Priority Specialty Meds, Rx AVP Priority Specialty Meds, Rx New Order, Rx Second Contact Pending, Rx Third Contact Pending, Rx Priority Specialty Meds Pending, Rx AVP Priority Specialty Meds Pending, Rx First Contact - AVP, Rx Second Contact - AVP, Rx Third Contact - AVP, Rx New Order - AVP, Rx Second Contact Pending - AVP, Rx Third Contact Pending - AVP, Rx Pharmacy Data Entry - AVP, Rx Pharmacy Data Entry, Rx Pharmacy Tech Fax Priority, Rx Pharmacy DUR, Rx Pharmacy DUR - AVP, Rx Priority DUR Queue, Rx Nevada DUR, Rx Pharmacy DUR Correction, Rx Partial Approvals, Rx Put on Files, Rx Clinic Emails, ADHOC Pharmacy Queue, Rx Pharmacy Tech Email, Rx Reship Queue, Reship Ready, Reship Placeholder Queue, Rx My Vet Email, Rx NCNO, Rx Pending Client Info, Rx Pending Client : CMM, Rx Tiger Team, Rx Waiting Queue, Rx Cancellation, Rx Dirty Queue, Denied Stamp, Cancel Order (Released to Pharm), Rx Pharmacy Priority Queue, Rx Priority Order Update, Rx My Vet Queue, Rx Pharmacist, Rx Pharmacist Follow-Up, Rx Lead Follow-up, Rx Technician Follow-Up, RX Approval Hub Wrong Clinic, Rx Vet Account Request, Rx ADHOC Email, Rx Pharmacy Fax Pending OCR, Rx Vet Diet Fax, RX Approval Hub Orders, PBC Follow Up.Q1, Petscriptions Intake Form.Q2, Petscriptions Emails, Vet & Clinic Verification  AND  Incidents > Queue  is modified this edit)",Set Field Incidents > Assigned assign as Unspecified | Set Field Incidents > Status assign as Unresolved | Set Field Custom Field > OpenMethods Status assign as pre-initial
Incident,SetField,04-Pharmacy State,04 - RX Intended for Vet Diet,Enabled,If (Incidents > Disposition  equals  Vet Diet  AND  Incidents > Category  equals  Intended for Vet Diet),Set Field Incidents > Status assign as Unresolved | Set Field Incidents > Assigned assign as null | Set Field Incidents > Queue assign as Vet Diet | Set Field Custom Field > Transfer Date equal to the value of Now | Set Field Custom Field > OpenMethods Status assign as pre-initial
Incident,SetField,04-Pharmacy State,04- Rx Pharmacy Waiting,Disabled,"If (Incidents > Disposition  equals  Pending Second Contact, Pending Auto-Second Contact, Pending Third Contact, Pending Auto-Third Contact, Pending Fourth Contact, Pending 24 Hour Cancellation, Pending LS Second Contact, Pending LS Third Contact, Pending LS 24 Hour, Pending Reship  AND  Incidents > Status  equals  Waiting  AND  Incidents > Queue  not equals  Rx Aged Order, Rx Cancellation  AND  Custom Field > Channel  not equals  Approval Hub, Vet Diet)",Set Field Incidents > Queue assign as Rx Waiting Queue | Set Field Custom Field > Transfer Date equal to the value of Now | Set Field Incidents > Mailbox assign as RX | Set Field Incidents > Assigned assign as null
Incident,SetField,04-Pharmacy State,04- Rx Pharmacy Email Updated,Disabled,"If (Incidents > Queue  equals  Rx Pharmacy Tech Email, Rx Waiting Queue  AND  Incidents > Mailbox  equals  RX, Chewy  AND  Incidents > Updated from  equals  Techmail - Service Mailbox  AND  Incidents > Status Type  is modified this edit)",Set Field Incidents > Assigned assign as null | Set Field Incidents > Status assign as Updated | Set Field Incidents > Disposition assign as Unspecified | Set Field Custom Field > Agent Re-Open Date assign as | Set Field Incidents > Mailbox assign as RX | Set Field Incidents > Queue assign as Rx Pharmacy Tech Email | Set Field Custom Field > OpenMethods Status assign as pre-initial
Incident,SetField,04-Pharmacy State,04g- Rx Pharmacy Email Updated,Enabled,"If (Incidents > Queue  equals  Rx Pharmacy Tech Email, Rx Waiting Queue  AND  Incidents > Mailbox  equals  RX, Chewy  AND  Incidents > Updated from  equals  Techmail - Service Mailbox  AND  Incidents > Status Type  is modified this edit)",Set Field Incidents > Assigned assign as null | Set Field Incidents > Status assign as Updated | Set Field Incidents > Disposition assign as Unspecified | Set Field Custom Field > Agent Re-Open Date assign as | Set Field Incidents > Mailbox assign as RX | Set Field Incidents > Queue assign as Rx Pharmacy Tech Email | Set Field Custom Field > OpenMethods Status assign as pre-initial
Incident,SetField,05-Chewy Vet Care,05-00a Set Queue for Auto Gen PMRs,Enabled,"If (Incidents > Product  equals  Rhapsody, SSOS  AND  Incidents > Queue  is null)",Set Field Incidents > Queue assign as CVC Medical Request | Set Field Incidents > Status assign as Waiting | Set Field Incidents > Disposition assign as CVC Medical Records Request | Set Field Incidents > Category assign as Previous Medical Records Request | Set Field Incidents > Mailbox assign as Vet Care Medical Records | Set Field Custom Field > OpenMethods Status assign as accepted
Incident,SetField,05-Chewy Vet Care,05-01 Appointment Routing,Enabled,"If (Incidents > Queue  equals  CVC General, CVC Outbound  AND  Incidents > Assigned  equals  Unspecified  AND  Incidents > Previous Assigned  equals  Unspecified  AND  Incidents > Status  not equals  Solved, Follow-Up, Updated  AND (  Custom Field > Channel  not equals  Email, Rhapsody Task )  AND  Incidents > Category  not equals  CVC Email)",Set Field Custom Field > Channel assign as Chewy Vet Clinic | Set Field Incidents > Disposition assign as New CVC Appointment | Set Field Custom Field > OpenMethods Status assign as pre-initial | Set Field Incidents > Status assign as Updated
Incident,SetField,05-Chewy Vet Care,05-01b Appointment Routing,Enabled,"If (Incidents > Queue  equals  CVC General, CVC Outbound  AND  Incidents > Assigned  equals  Unspecified  AND  Incidents > Previous Assigned  equals  Unspecified  AND  Custom Field > Channel  not equals  Email, Rhapsody Task  AND  Incidents > Status  equals  Follow-Up)",Set Field Custom Field > Channel assign as Chewy Vet Clinic | Set Field Incidents > Disposition assign as New CVC Appointment | Set Field Custom Field > OpenMethods Status assign as accepted
Incident,SetField,05-Chewy Vet Care,05-02 CVC PMR Email Updated,Enabled,"If (Incidents > Updated from  equals  Techmail - Service Mailbox, Techmail - Outreach Mailbox  AND  Incidents > Queue  equals  CVC Medical Request)",Set Field Incidents > Assigned assign as null | Set Field Incidents > Status assign as Updated | Set Field Custom Field > OpenMethods Status assign as pre-initial | Set Field Incidents > Category assign as Previous Medical Records Received
Incident,SetField,05-Chewy Vet Care,05-03 CVC General Email Updated,Enabled,"If (Incidents > Updated from  equals  Techmail - Service Mailbox, Techmail - Outreach Mailbox  AND  Incidents > Queue  equals  CVC Concierge, CVC General  AND  Incidents > Status  not equals  Follow-Up)",Set Field Incidents > Assigned assign as null | Set Field Incidents > Status assign as Updated | Set Field Incidents > Queue assign as CVC General | Set Field Custom Field > OpenMethods Status assign as pre-initial | Set Field Custom Field > Agent Re-Open Date equal to the value of Now
Incident,SetField,05-Chewy Vet Care,05.06 Transfer to other teams,Enabled,"If (Incidents > Disposition  equals  Accounting, Customer Service, FC, PAW, Rescue, RX Pharmacy Tech, Supply, Team Leads, Vet Diet, Q&A, Legal, Merch, Tiger Team Escalation, The Zoo, Canada Team, Chewy+, CarePlus, Get Real)",Set Field Incidents > Assigned assign as null | Set Field Incidents > Mailbox assign as Chewy | Set Field Incidents > Status assign as Updated | Set Field Custom Field > Channel assign as Email
Incident,SetField,06-Rx Pharmacy Initial Routing,06-Rx Pharmacy DUR NSP Hold [nsp][dverb],Enabled,If (Custom Field > Routing Tags  contains  [nsp]  AND  Custom Field > Routing Tags  contains  [dverb]),Set Field Incidents > Queue assign as Rx Northstar Holding | Set Field Incidents > Channel assign as Email | Set Field Incidents > Category assign as Verbal Approval | Set Field Incidents > Disposition assign as RX Pharmacist | Set Field Custom Field > OpenMethods Status assign as accepted | Set Field Incidents > Assigned assign as Unspecified | Set Field Incidents > Status assign as Solved | Set Field Incidents > Mailbox assign as RX
Incident,SetField,06-Rx Pharmacy Initial Routing,06-Snail Mail Pilot [snl][nsp],Enabled,If (Custom Field > Routing Tags  contains  [snl]  AND  Custom Field > Routing Tags  contains  [nsp]),Set Field Incidents > Queue assign as Rx Northstar Holding | Set Field Incidents > Channel assign as Email | Set Field Incidents > Disposition assign as RX Pharmacist | Set Field Incidents > Mailbox assign as RX | Set Field Incidents > Assigned assign as Unspecified | Set Field Incidents > Status assign as Solved
Incident,SetField,06-Rx Pharmacy Initial Routing,06-Rx Pharmacy DUR - AVP [dur][hipr][gaba],Enabled,If (Custom Field > Routing Tags  contains  [dur]  AND  Custom Field > Routing Tags  contains  [hipr]  AND  Custom Field > Routing Tags  contains  [gaba]  AND  Custom Field > Routing Tags  does not contain  [dverb]),Set Field Incidents > Queue assign as Rx Pharmacy DUR - AVP | Set Field Incidents > Channel assign as Email | Set Field Incidents > Category assign as LS Refill Order | Set Field Incidents > Disposition assign as RX Pharmacist | Set Field Custom Field > OpenMethods Status assign as pre-initial
Incident,SetField,06-Rx Pharmacy Initial Routing,06-Rx DUR POF Gaba [dur][pof][gaba],Enabled,If (Custom Field > Routing Tags  contains  [dur]  AND  Custom Field > Routing Tags  contains  [pof]  AND  Custom Field > Routing Tags  contains  [gaba]),Set Field Incidents > Queue assign as Rx Pharmacy DUR - AVP | Set Field Incidents > Channel assign as Email | Set Field Incidents > Category assign as Put on File | Set Field Incidents > Disposition assign as RX Pharmacist | Set Field Custom Field > OpenMethods Status assign as pre-initial | Set Field Incidents > Assigned assign as Unspecified | Set Field Custom Field > Channel assign as Snail Mail
Incident,SetField,06-Rx Pharmacy Initial Routing,06-Rx Pharmacy DUR - AVP DV [dur][dverb][gaba],Enabled,If (Custom Field > Routing Tags  contains  [dur]  AND  Custom Field > Routing Tags  contains  [dverb]  AND  Custom Field > Routing Tags  contains  [gaba]),Set Field Incidents > Queue assign as Rx Pharmacy DUR - AVP | Set Field Incidents > Channel assign as Email | Set Field Incidents > Category assign as Verbal Approval | Set Field Incidents > Disposition assign as RX Pharmacist | Set Field Custom Field > OpenMethods Status assign as pre-initial | Set Field Incidents > Assigned assign as Unspecified | Set Field Incidents > Status assign as Unresolved | Set Field Incidents > Mailbox assign as RX
Incident,SetField,06-Rx Pharmacy Initial Routing,06-Rx Pharmacist Follow-Up [pfu][gaba],Enabled,If (Custom Field > Routing Tags  contains  [pfu]  AND  Custom Field > Routing Tags  contains  [gaba]),Set Field Incidents > Queue assign as Rx Pharmacist Follow-Up | Set Field Incidents > Channel assign as Email | Set Field Incidents > Category assign as Pharmacist Follow-Up | Set Field Incidents > Disposition assign as Pharmacist Follow-Up - Pending 1st Touch | Set Field Custom Field > OpenMethods Status assign as pre-initial
Incident,SetField,06-Rx Pharmacy Initial Routing,06-Rx DV Priority DUR [dur][dverb][hipr],Enabled,If (Custom Field > Routing Tags  contains  [dur]  AND  Custom Field > Routing Tags  contains  [dverb]  AND  Custom Field > Routing Tags  contains  [hipr]),Set Field Incidents > Queue assign as Rx Priority DUR Queue | Set Field Incidents > Channel assign as Email | Set Field Incidents > Category assign as Verbal Approval | Set Field Incidents > Disposition assign as RX Pharmacist | Set Field Custom Field > OpenMethods Status assign as pre-initial | Set Field Incidents > Assigned assign as Unspecified | Set Field Incidents > Status assign as Unresolved | Set Field Incidents > Mailbox assign as RX
Incident,SetField,06-Rx Pharmacy Initial Routing,06-Rx DUR POF non-gaba/non-hipr [dur][pof],Enabled,If (Custom Field > Routing Tags  contains  [dur]  AND  Custom Field > Routing Tags  contains  [pof]),Set Field Incidents > Queue assign as Rx Pharmacy DUR | Set Field Incidents > Channel assign as Email | Set Field Incidents > Category assign as Put on File | Set Field Incidents > Disposition assign as RX Pharmacist | Set Field Custom Field > OpenMethods Status assign as pre-initial | Set Field Incidents > Assigned assign as Unspecified | Set Field Custom Field > Channel assign as Snail Mail
Incident,SetField,06-Rx Pharmacy Initial Routing,06-Rx Pharmacy DUR DV [dur][dverb],Enabled,If (Custom Field > Routing Tags  contains  [dur]  AND  Custom Field > Routing Tags  contains  [dverb]),Set Field Incidents > Queue assign as Rx Pharmacy DUR | Set Field Incidents > Channel assign as Email | Set Field Incidents > Category assign as Verbal Approval | Set Field Incidents > Disposition assign as RX Pharmacist | Set Field Custom Field > OpenMethods Status assign as pre-initial | Set Field Incidents > Assigned assign as Unspecified | Set Field Incidents > Status assign as Unresolved | Set Field Incidents > Mailbox assign as RX
Incident,SetField,06-Rx Pharmacy Initial Routing,06-Rx Pharmacist Follow-Up [pfu],Enabled,If (Custom Field > Routing Tags  contains  [pfu]),Set Field Incidents > Queue assign as Rx Pharmacist Follow-Up | Set Field Incidents > Channel assign as Email | Set Field Incidents > Category assign as Pharmacist Follow-Up | Set Field Incidents > Disposition assign as Pharmacist Follow-Up - Pending 1st Touch | Set Field Custom Field > OpenMethods Status assign as pre-initial
Incident,SetField,06-Rx Pharmacy Initial Routing,"06-Rx NCNO"" Queue [ncno]",Enabled,If (Custom Field > Routing Tags  contains  [ncno]),Set Field Incidents > Queue assign as Rx NCNO | Set Field Incidents > Channel assign as Email | Set Field Incidents > Category assign as Put on File | Set Field Incidents > Disposition assign as Pending NCNO | Set Field Custom Field > OpenMethods Status assign as pre-initial
Incident,SetField,06-Rx Pharmacy Initial Routing,06-Snail Mail AVP [snl][avp]/[gaba],Enabled,If (Custom Field > Routing Tags  contains  [snl]  AND (  Custom Field > Routing Tags  contains  [avp]  OR  Custom Field > Routing Tags  contains  [gaba] )  AND  Custom Field > Routing Tags  does not contain  [nsp]),Set Field Incidents > Queue assign as Rx Pharmacy Data Entry - AVP | Set Field Incidents > Channel assign as Email | Set Field Incidents > Disposition assign as RX Pharmacist | Set Field Custom Field > OpenMethods Status assign as pre-initial | Set Field Incidents > Mailbox assign as RX
Incident,SetField,06-Rx Pharmacy Initial Routing,06-Snail Mail SDF [snl][sdf],Enabled,If (Custom Field > Routing Tags  contains  [snl]  AND  Custom Field > Routing Tags  contains  [sdf]  AND  Custom Field > Routing Tags  does not contain  [nsp]),Set Field Incidents > Queue assign as Rx Pharmacy Tech Fax Priority | Set Field Incidents > Channel assign as Email | Set Field Incidents > Disposition assign as RX Pharmacist | Set Field Custom Field > OpenMethods Status assign as pre-initial | Set Field Incidents > Mailbox assign as RX
Incident,SetField,06-Rx Pharmacy Initial Routing,06-Rx Pharmacy DUR - AVP DV [dur][gaba],Enabled,If (Custom Field > Routing Tags  contains  [dur]  AND  Custom Field > Routing Tags  contains  [gaba]  AND  Custom Field > Routing Tags  does not contain  [dverb]),Set Field Incidents > Queue assign as Rx Pharmacy DUR - AVP | Set Field Incidents > Channel assign as Email | Set Field Incidents > Category assign as Verbal Approval | Set Field Incidents > Disposition assign as RX Pharmacist | Set Field Custom Field > OpenMethods Status assign as pre-initial | Set Field Incidents > Assigned assign as Unspecified | Set Field Incidents > Status assign as Unresolved
Incident,SetField,06-Rx Pharmacy Initial Routing,06-Rx DV Priority DUR [dur][hipr],Enabled,If (Custom Field > Routing Tags  contains  [dur]  AND  Custom Field > Routing Tags  contains  [hipr]  AND  Custom Field > Routing Tags  does not contain  [dverb]),Set Field Incidents > Queue assign as Rx Priority DUR Queue | Set Field Incidents > Channel assign as Email | Set Field Incidents > Category assign as Verbal Approval | Set Field Incidents > Disposition assign as RX Pharmacist | Set Field Custom Field > OpenMethods Status assign as pre-initial | Set Field Incidents > Assigned assign as Unspecified | Set Field Incidents > Status assign as Unresolved
Incident,SetField,06-Rx Pharmacy Initial Routing,06-Rx Pharmacy DUR DV [dur],Enabled,If (Custom Field > Routing Tags  contains  [dur]  AND  Custom Field > Routing Tags  does not contain  [dverb]),Set Field Incidents > Queue assign as Rx Pharmacy DUR | Set Field Incidents > Channel assign as Email | Set Field Incidents > Category assign as Verbal Approval | Set Field Incidents > Disposition assign as RX Pharmacist | Set Field Custom Field > OpenMethods Status assign as pre-initial | Set Field Incidents > Assigned assign as Unspecified | Set Field Incidents > Status assign as Unresolved
Incident,SetField,50-Chewy CA State,50-CA-Solved with Live Contact Emaiil im,Enabled,"If (Custom Field > Sign Off  equals  solvedwithlivecontact  AND  Custom Field > Sign Off  is modified this edit    AND  Incidents > Updated from  equals  Incident Multi Update, Data Import  AND  Incidents > Status  equals  Unresolved, Updated  AND  Incidents > Queue  equals  CA - ADHOC Email  AND  [No Value]  not equals  livecontactslvd  AND  Custom Field > OpenMethods Status  not equals  accepted  AND  Incidents > Interface  equals  chewyca)",Set Field Incidents > Status assign as Solved | Set Field Incidents > Category assign as Solved with Live Contact | Set Field Incidents > Disposition assign as No Action Needed | Set Field Custom Field > OpenMethods Status assign as accepted | Set Field [No Value] assign as livecontactslvd
Incident,SetField,50-Chewy CA State,50-CA-Cancel Failure Escalation,Enabled,"If (Incidents > Escalation Level  is modified this edit    AND  Incidents > Escalation Level  equals  CA-Cancel Order Process, CA-Cancel Order Process 2  AND  Incidents > Category  equals  Duplicate Order Placed, Cancel Order Failed, Cancel Order  AND  Incidents > Status  equals  Unresolved  AND  Incidents > Interface  equals  chewyca)",Set Field Custom Field > OpenMethods Status assign as pre-initial | Set Field Incidents > Category assign as Other | Set Field Incidents > Queue assign as CA - Gen CS Priority Queue | Set Field Custom Field > Open Date equal to the value of Now
Incident,SetField,50-Chewy CA State,50-CA-Ship Order On Call To Action,Enabled,"If (Incidents > Updated from  equals  Custom Process  AND  Incidents > Subject  match regex  ^\[Please(\s|\+)ship(\s|\+)my(\s|\+)order(\s|\+)-([0-9]{9,10})-\]$  AND  Incidents > Interface  equals  chewyca  AND  Orders > OrderId  is modified this edit)",Set Field Incidents > Status assign as Solved
Incident,SetField,50-Chewy CA State,50-CA-Central Scheduling Updated,Enabled,If (Incidents > Updated from  equals  Techmail - Service Mailbox  AND  Incidents > Mailbox  equals  null  AND  Incidents > Interface  equals  chewyca),Set Field Incidents > Assigned assign as null | Set Field Incidents > Status assign as Updated | Set Field Incidents > Queue assign as CA - Central Scheduling | Set Field Custom Field > Agent Re-Open Date assign as | Set Field Custom Field > Open Date equal to the value of Now | Set Field Incidents > Disposition assign as Unspecified
Incident,SetField,50-Chewy CA State,50-CA-Email AAQ Updated,Enabled,"If (Incidents > Category  equals  Cancel Order Failed, Order Status / Where is my order?, Cancel Order, Add/Remove item from order, Request a return or replacement, Medications and prescriptions, Other reason  AND  Incidents > Updated from  equals  Techmail - Service Mailbox  AND  Incidents > Mailbox  equals  chewyca@custhelp.com  AND  Incidents > Interface  equals  chewyca)",Set Field Incidents > Assigned assign as null | Set Field Incidents > Disposition assign as Unspecified | Set Field Custom Field > Agent Re-Open Date assign as
Incident,SetField,50-Chewy CA State,50-CA-Email Updated,Enabled,"If (Incidents > Category  not equals  Card Writing Process  AND  Incidents > Updated from  equals  Techmail - Service Mailbox  AND  Incidents > Mailbox  not equals  null, null, Chewy Vendor Care, null, null, null, null, null, Chewy Vendor Service Portal, null, Chewy Vendor Disputes, null, null, null, Rescue, Supply Mailbox, null  AND  Incidents > Queue  not equals  Accounting - AP Inventory, Accounting - AR/Vendor Rebate Billing, Chewy Vet Chat, Drop Ship - Merchandising, Drop Ship - Supply Chain - Operations, EDI, Insurance Email, Medications and Prescriptions, MSS Ops, MSS Ops Escalation, NPS, NPS Duplicates, Q&A, Tiger Team Escalation, Tiger Team Urgent Queue, TRANSPORTATION – Accesorials, TRANSPORTATION - CPU, TRANSPORTATION - RTS & Inbound Freight, Vendor Specialists, Vet Chat Follow up P0, Vendor Care, Vendor Compliance  AND  Incidents > Interface  equals  chewyca)",Set Field Incidents > Assigned assign as null | Set Field Incidents > Status assign as Updated | Set Field Incidents > Disposition assign as Unspecified | Set Field Custom Field > Agent Re-Open Date assign as
Incident,SetField,50-Chewy CA State,50-CA-VC Disputes Updated,Enabled,If (Incidents > Updated from  equals  Techmail - Service Mailbox  AND  Incidents > Queue  equals  CA - VC Disputes  AND  Incidents > Interface  equals  chewyca),Set Field Incidents > Status assign as Updated | Set Field Custom Field > Agent Re-Open Date assign as
Incident,SetField,50-Chewy CA State,50-CA-Vendor Portal Assigned,Enabled,"If (Incidents > Queue  equals  CA - Accounting - AP Inventory, CA - Accounting - AP Holds, CA - Accounting - AR/Ven. Rebate Billing, CA - Central Scheduling, CA - Drop Ship - Merchandising, CA - Drop Ship - SC - Operation, CA - Drop Ship - SC - Packing, CA - EDI, CA - MSS - Catalog, CA - MSS - Content, CA - MSS - Feedback, CA - MSS - Pricing, CA - MSS Ops, CA - MSS Ops Escalation, CA - Supply Planning, CA -TRANSPORATION - Accesorials, CA - TRANSPORATION - CPU, CA - TRANSPORATION - RTS & Inbound, CA - Vendor Compliance, CA - Vendor Specialist, CA - VSP - Routing  AND  Incidents > Assigned  is modified this edit    AND  Incidents > Interface  equals  chewyca)",Set Field Custom Field > Agent Re-Open Date assign as
Incident,SetField,50-Chewy CA State,50-CA-Vendor Portal Assigned Update,Enabled,"If (Incidents > Queue  equals  CA - Accounting - AP Inventory, CA - Accounting - AP Holds, CA - Accounting - AR/Ven. Rebate Billing, CA - Central Scheduling, CA - Drop Ship - Merchandising, CA - Drop Ship - SC - Operation, CA - Drop Ship - SC - Packing, CA - EDI, CA - MSS - Content, CA - MSS - Feedback, CA - MSS - Pricing, CA - MSS Ops, CA - MSS Ops Escalation, CA - Supply Planning, CA -TRANSPORATION - Accesorials, CA - TRANSPORATION - CPU, CA - TRANSPORATION - RTS & Inbound, CA - Vendor Compliance, CA - Vendor Specialist, CA - VSP - Routing  AND  Incidents > Interface  equals  chewyca  AND  Custom Field > Number of Escalations  is modified this edit    AND  Incidents > Last Survey Score  is modified this edit)",Set Field Custom Field > Agent Re-Open Date assign as
Incident,SetField,50-Chewy CA State,50-CA-Vendor Portal Waiting Update,Enabled,"If (Incidents > Queue  equals  CA - Accounting - AP Inventory, CA - Accounting - AP Holds, CA - Accounting - AR/Ven. Rebate Billing, CA - Central Scheduling, CA - Drop Ship - Merchandising, CA - Drop Ship - SC - Operation, CA - Drop Ship - SC - Packing, CA - EDI, CA - MSS - Catalog, CA - MSS - Content, CA - MSS - Feedback, CA - MSS - Pricing, CA - MSS Ops, CA - MSS Ops Escalation, CA - Supply Planning, CA -TRANSPORATION - Accesorials, CA - TRANSPORATION - CPU, CA - TRANSPORATION - RTS & Inbound, CA - Vendor Compliance, CA - Vendor Specialist, CA - VSP - Routing  AND  Incidents > Interface  equals  chewyca  AND  Incidents > Status  is modified this edit    AND  Incidents > Status  equals  Updated  AND  Incidents > Disposition  equals  Waiting for Vendor Response)",Set Field Incidents > Disposition assign as Awaiting Chewy Action
Incident,SetField,50-Chewy CA State,50-CA-Vendor Portal Solved,Enabled,"If (Incidents > Updated from  equals  CX Console, Incident Editor, Data Import, Web Console Incident Editor  AND  Incidents > Status  equals  Solved  AND  Incidents > Status  is modified this edit    AND  Incidents > Queue  equals  CA - Accounting - AP Inventory, CA - Accounting - AP Holds, CA - Accounting - AR/Ven. Rebate Billing, CA - Drop Ship - Merchandising, CA - Drop Ship - SC - Operation, CA - Drop Ship - SC - Packing, CA - MSS - Content, CA - MSS - Feedback, CA - MSS - Pricing, CA - MSS Ops, CA - MSS Ops Escalation, CA - Supply Planning, CA -TRANSPORATION - Accesorials, CA - TRANSPORATION - CPU, CA - TRANSPORATION - RTS & Inbound, CA - Vendor Compliance, CA - Vendor Specialist, CA - VSP - Routing  AND  Custom Field > Sign Off  is null    AND  Incidents > Source  equals  Ask A Question  AND  Incidents > Disposition  not equals  OOTO Reply, Auto-Reopened - System Email Loop  AND  Incidents > Interface  equals  chewyca)",Set Field Custom Field > Sign Off assign as Vendor Survey Sent
Incident,SetField,50-Chewy CA State,50-CA-Vendor Outreach,Enabled,If (Custom Field > Request Type  is modified this edit    AND  Custom Field > Request Type  equals  Vendor Outreach Email  AND  Incidents > Interface  equals  chewyca),Set Field Incidents > Queue assign as CA - Vendor Outreach
Incident,SetField,50-Chewy CA State,50-CA-Leads Updated,Enabled,If (Incidents > Category  not equals  Card Writing Process  AND  Incidents > Updated from  equals  Techmail - Service Mailbox  AND  Incidents > Mailbox  equals  null  AND  Incidents > Interface  equals  chewyca),Set Field Incidents > Assigned assign as null | Set Field Incidents > Status assign as Updated | Set Field Incidents > Disposition assign as Unspecified | Set Field Incidents > Queue assign as CA - Team Leads | Set Field Custom Field > Agent Re-Open Date assign as
Incident,SetField,50-Chewy CA State,50-CA-Supply Updated,Enabled,If (Incidents > Category  not equals  Card Writing Process  AND  Incidents > Updated from  equals  Techmail - Service Mailbox  AND  Incidents > Mailbox  equals  Supply Mailbox  AND  Incidents > Interface  equals  chewyca),Set Field Incidents > Assigned assign as null | Set Field Incidents > Status assign as Updated | Set Field Incidents > Disposition assign as Unspecified | Set Field Incidents > Queue assign as CA - General Email | Set Field Custom Field > Agent Re-Open Date assign as
Incident,SetField,50-Chewy CA State,50-CA-VendorP49 Updated,Enabled,"If (Incidents > Mailbox  equals  null, null  AND  Incidents > Updated from  equals  Techmail - Service Mailbox  AND  Incidents > Interface  equals  chewyca  AND  Incidents > Queue  not equals  CA - Vendor Request (P49))",Set Field Incidents > Assigned assign as null | Set Field Incidents > Status assign as Updated | Set Field Incidents > Queue assign as CA - Vendor Request (P49) | Set Field Custom Field > Agent Re-Open Date equal to the value of Now | Set Field Custom Field > OpenMethods Status assign as accepted
Incident,SetField,50-Chewy CA State,50-CA-Q&A Updated,Enabled,If (Incidents > Mailbox  equals  chewyca@custhelp.com  AND  Incidents > Queue  equals  CA - Q&A  AND  Incidents > Updated from  equals  Techmail - Service Mailbox  AND  Incidents > Interface  equals  chewyca),Set Field Incidents > Assigned assign as null | Set Field Incidents > Status assign as Updated | Set Field Incidents > Disposition assign as Unspecified | Set Field Custom Field > Agent Re-Open Date assign as | Set Field Custom Field > OpenMethods Status assign as pre-initial
Incident,SetField,50-Chewy CA State,50-CA-NPS Email Updated,Enabled,"If (Incidents > Category  not equals  Card Writing Process  AND  Incidents > Updated from  equals  Techmail - Service Mailbox  AND  Incidents > Mailbox  not equals  Chewy Vendor Disputes, null, null, Rescue, Supply Mailbox, null  AND  Incidents > Queue  equals  CA - NPS, CA - NPS Duplicates  AND  Incidents > Interface  equals  chewyca)",Set Field Incidents > Assigned assign as null | Set Field Incidents > Status assign as Updated | Set Field Incidents > Queue assign as CA - NPS | Set Field Custom Field > Agent Re-Open Date assign as
Incident,SetField,F01-Email Routing,01-Vet Diet Approval needed for Vet Rec,Disabled,If (Incidents > Subject  contains  Approval needed for Vet recommended foods),Set Field Incidents > Queue assign as Vet Diet | Set Field Custom Field > Open Date equal to the value of Now | Set Field Incidents > Mailbox assign as Vet Diet | Set Field Custom Field > OpenMethods Status assign as pre-initial
Incident,SetField,F01-Email Routing,01-Route to No Reply,Disabled,If (Incidents > Mailbox  equals  Chewy  AND (  Incidents > Subject  contains  An Update from Chewy CEO: Our Commitment to You  OR  Incidents > Subject  contains  Pet Rx without Disruption with Chewy  OR  Incidents > Subject  contains  Save BIG on Veterinary Diets!  OR  Incidents > Subject  contains  Pests Don't Stand A Chance! Shop Flea & Tick  OR  Incidents > Subject  contains  An Update from Chewy CEO to Our Valued Autoship Customers )),Set Field Incidents > Queue assign as No Reply Queue
Incident,SetField,F01-Email Routing,01-Route to AGO,Enabled,If (Incidents > Mailbox  equals  Chewy  AND  Incidents > Email Header  contains  agoescalations@chewy.com),Set Field Incidents > Queue assign as AGO
Incident,SetField,F01-Email Routing,01-Route to KBOP,Enabled,If (Incidents > Mailbox  equals  Chewy  AND  Incidents > Email Header  contains  healthcareescalations@chewy.com),Set Field Incidents > Queue assign as Kentucky Board of Pharmacy
Incident,SetField,F01-Email Routing,01-Route to BBB,Enabled,If (Incidents > Mailbox  equals  Chewy  AND  Incidents > Email Header  contains  DL-Chewy_BBB_Reviews@chewy.com),Set Field Incidents > Queue assign as BBB
Incident,SetField,F01-Email Routing,01-Data Protection Routing,Enabled,If (Incidents > Mailbox  equals  null),Set Field Incidents > Queue assign as Data Protection | Set Field Custom Field > Open Date equal to the value of Now | Set Field Incidents > Mailbox assign as null | Set Field Incidents > Category assign as Escalations
Incident,SetField,F01-Email Routing,01-Vet Chat Email Routing,Enabled,If (Incidents > Mailbox  equals  null),Set Field Incidents > Queue assign as Vet Chat Follow up P0 | Set Field Custom Field > Open Date equal to the value of Now | Set Field Incidents > Mailbox assign as null | Set Field Custom Field > OpenMethods Status assign as pre-initial
Incident,SetField,F01-Email Routing,01-ADHOC Emails,Disabled,"If ((  Incidents > Subject  equals  Your next Autoship order is coming up!  OR  Incidents > Subject  contains  Your payment has been declined  OR  Incidents > Subject  equals  Thanks for your Autoship order!  OR  Incidents > Subject  equals  Thanks for your Chewy order! )  AND  Incidents > Mailbox  equals  Chewy  AND  Incidents > Queue  not equals  General Email, General Email Overflow, Gen CS Priority Queue)",Set Field Incidents > Queue assign as ADHOC Email | Set Field Incidents > Assigned assign as null | Set Field Custom Field > OpenMethods Status assign as accepted | Set Field Custom Field > Open Date equal to the value of Now
Incident,SetField,F01-Email Routing,01-ADHOC Email (BCE),Enabled,If (Incidents > Subject  contains  URGENT RECALL NOTICE - Victor Dry Dog & Cat Food  AND  Incidents > Mailbox  equals  Chewy),Set Field Incidents > Queue assign as ADHOC Email | Set Field Incidents > Assigned assign as null | Set Field Custom Field > OpenMethods Status assign as pre-initial | Set Field Custom Field > Open Date equal to the value of Now
Incident,SetField,F01-Email Routing,01-ADHOC Email (BCE) - Pharmacy,Enabled,If (Incidents > Subject  contains  RX Impact Email),Set Field Incidents > Queue assign as ADHOC Pharmacy Queue | Set Field Incidents > Assigned assign as null | Set Field Custom Field > OpenMethods Status assign as pre-initial | Set Field Custom Field > Open Date equal to the value of Now
Incident,SetField,F01-Email Routing,01-Advertising Emails,Enabled,If (Incidents > Mailbox  equals  null),Set Field Incidents > Queue assign as Advertising Email | Set Field Incidents > Assigned assign as null | Set Field Custom Field > OpenMethods Status assign as accepted | Set Field Custom Field > Open Date equal to the value of Now
Incident,SetField,F01-Email Routing,F01-CVC Mails,Enabled,If (Incidents > Mailbox  equals  Vet Care Team),Set Field Incidents > Queue assign as CVC General | Set Field Incidents > Assigned assign as null | Set Field Custom Field > OpenMethods Status assign as pre-initial | Set Field Custom Field > Open Date equal to the value of Now | Set Field Incidents > Category assign as CVC Email
Incident,SetField,F01-Email Routing,F01-PMR Mails,Enabled,If (Incidents > Mailbox  equals  Vet Care Medical Records),Set Field Incidents > Queue assign as CVC Medical Request | Set Field Incidents > Assigned assign as null | Set Field Custom Field > OpenMethods Status assign as pre-initial | Set Field Custom Field > Open Date equal to the value of Now
Incident,SetField,F01-Email Routing,F01- Pet Insurance Emails,Enabled,If (Incidents > Mailbox  equals  Pet Insurance by Chewy),Set Field Incidents > Queue assign as Insurance Email | Set Field Incidents > Assigned assign as null | Set Field Custom Field > OpenMethods Status assign as accepted | Set Field Custom Field > Open Date equal to the value of Now
Incident,SetField,F01-Email Routing,01-The Zoo Emails,Enabled,If (Incidents > Mailbox  equals  thezoosupport@custhelp.com),Set Field Incidents > Queue assign as The Zoo | Set Field Incidents > Assigned assign as null | Set Field Custom Field > OpenMethods Status assign as accepted | Set Field Custom Field > Open Date equal to the value of Now
Incident,SetField,F01-Email Routing,F01-Writing Team Leads Set Flag,Enabled,If (Incidents > Email Header  match regex  writingteamleads@chewy.com),Set Field Incidents > Queue assign as General Email | Set Field Custom Field > OpenMethods Status assign as pre-initial | Set Field Custom Field > Open Date equal to the value of Now | Set Field Custom Field > Channel assign as Writing Team Leads
Incident,SetField,F01-Email Routing,01-VendorP49 Emails,Enabled,"If (Incidents > Mailbox  equals  null, null)",Set Field Incidents > Queue assign as CA - Vendor Request (P49) | Set Field Incidents > Assigned assign as null | Set Field Custom Field > OpenMethods Status assign as accepted | Set Field Custom Field > Open Date equal to the value of Now | Set Field Incidents > Interface assign as chewyca
Incident,SetField,F01-Email Routing,01-Vet Support Emails,Enabled,If (Incidents > Mailbox  equals  vetsupport@custhelp.com),Set Field Incidents > Queue assign as PracticeHub - Vet Support Email | Set Field Incidents > Assigned assign as null | Set Field Custom Field > OpenMethods Status assign as accepted | Set Field Custom Field > Open Date equal to the value of Now
Incident,SetField,F01-Email Routing,01-Healthcare Email Routing,Enabled,"If ((  Incidents > Subject  equals  Update on your order: Veterinary diet item needs authorization  OR  Incidents > Subject  equals  Please contact us about your veterinary diet item  OR  Incidents > Subject  equals  Vet Authorization Request Form  OR  Incidents > Subject  equals  Please contact your vet clinic  OR  Incidents > Subject  contains  Approval needed for Vet recommended foods )  AND  Incidents > Mailbox  equals  Chewy  AND  Incidents > Queue  not equals  General Email, General Email Overflow, Gen CS Priority Queue)",Set Field Incidents > Queue assign as Vet Diet | Set Field Incidents > Assigned assign as null | Set Field Custom Field > OpenMethods Status assign as pre-initial | Set Field Custom Field > Open Date equal to the value of Now
Incident,SetField,F01-Email Routing,01-Urgent Emails,Disabled,If ((  Incidents > Subject  contains  We're preparing your Autoship!  OR  Incidents > Subject  equals  3 days left to change your Autoship! )  AND  Incidents > Mailbox  equals  Chewy  AND  Incidents > Subject  does not contain  Delivery Exception),Set Field Incidents > Queue assign as Gen CS Priority Queue | Set Field Incidents > Assigned assign as null | Set Field Custom Field > OpenMethods Status assign as pre-initial | Set Field Custom Field > Open Date equal to the value of Now
Incident,SetField,F01-Email Routing,01-Humane Society Emails,Disabled,If ((  Incidents > Subject  contains  humane society  OR  Incidents > Customer thread  contains  humane society  OR  Incidents > Customer thread  contains  HSUS  OR  Incidents > Subject  contains  HSUS )  AND  Incidents > Mailbox  equals  Chewy  AND  Incidents > Status  not equals  Updated),Set Field Incidents > Queue assign as Duplicated Incidents | Set Field Incidents > Assigned assign as null | Set Field Custom Field > Open Date equal to the value of Now
Incident,SetField,F01-Email Routing,01-Cancel Order Emails,Enabled,If (Incidents > Subject  contains  Cancel  AND  Incidents > Mailbox  equals  Chewy),Set Field Incidents > Queue assign as General Email | Set Field Incidents > Assigned assign as null | Set Field Custom Field > OpenMethods Status assign as pre-initial | Set Field Custom Field > Open Date equal to the value of Now
Incident,SetField,F01-Email Routing,01-Autoship Update Email,Enabled,If (Incidents > Subject  equals  Important Update About Your Autoship Order  AND  Incidents > Mailbox  equals  Chewy),Set Field Incidents > Queue assign as Gen CS Priority Queue | Set Field Incidents > Assigned assign as null | Set Field Custom Field > OpenMethods Status assign as initial
Incident,SetField,F01-Email Routing,01-Save 5 Autoship,Disabled,If (Incidents > Subject  contains  Want $5 Off Your Upcoming Autoship?  AND  Incidents > Mailbox  equals  Chewy),Set Field Incidents > Queue assign as Recall | Set Field Incidents > Assigned assign as null
Incident,SetField,F01-Email Routing,01-Recall Emails,Disabled,"If (Incidents > Subject  contains  A&E Cage Co, LLC  AND  Incidents > Mailbox  equals  Chewy)",Set Field Incidents > Queue assign as Recall | Set Field Incidents > Assigned assign as null
Incident,SetField,F01-Email Routing,01-Recall Emails Routing,Disabled,If (Incidents > Subject  contains  Your Order is About to Ship. Any Add-ons?  AND  Incidents > Mailbox  equals  Chewy),Set Field Incidents > Queue assign as Recall | Set Field Incidents > Assigned assign as null | Set Field Incidents > Category assign as Spam
Incident,SetField,F01-Email Routing,01-ADHOC Email Routing,Disabled,If ((  Incidents > Subject  contains  Your message to Chewy  OR  Incidents > Subject  contains  received an email  OR  Incidents > Subject  contains  received email  OR  Incidents > Subject  contains  I got an email  OR  Incidents > Subject  contains  I just got an email  OR  Incidents > Subject  contains  I just got an e-mail )  AND  Incidents > Mailbox  equals  Chewy),Set Field Incidents > Queue assign as ADHOC Email | Set Field Incidents > Assigned assign as null
Incident,SetField,F01-Email Routing,01- Pharmacy Recall Emails,Enabled,If (Incidents > Subject  equals  Important Update about your Chewy Pharmacy Order  AND  Incidents > Mailbox  equals  Chewy),Set Field Incidents > Queue assign as Rx Pharmacy Tech Email | Set Field Incidents > Assigned assign as null | Set Field Incidents > Mailbox assign as RX | Set Field Custom Field > OpenMethods Status assign as pre-initial
Incident,SetField,F01-Email Routing,01-iOS Feedback Emails,Enabled,If ((  Incidents > Subject  equals  iOS App Feedback: What went well?  OR  Incidents > Subject  equals  iOS App Feedback: How can we improve? )  AND  Incidents > Mailbox  equals  Chewy),Set Field Incidents > Status assign as Solved | Set Field Incidents > Disposition assign as No Action Needed
Incident,SetField,F01-Email Routing,01- Vendor Disputes Email Routing,Enabled,If (Incidents > Incoming Mailbox  equals  Chewy Vendor Disputes),Set Field Incidents > Queue assign as VC Disputes | Set Field Custom Field > Open Date equal to the value of Now | Set Field Incidents > Mailbox assign as Chewy Vendor Disputes
Incident,SetField,F01-Email Routing,01- Vendor Specialist Email Routing,Enabled,If (Incidents > Incoming Mailbox  equals  Chewy Merch),Set Field Incidents > Queue assign as Vendor Specialists | Set Field Custom Field > Open Date equal to the value of Now | Set Field Incidents > Category assign as Consumables | Set Field Incidents > Mailbox assign as null
Incident,SetField,F01-Email Routing,01- Vendor Care Email Routing,Enabled,If (Incidents > Incoming Mailbox  equals  Chewy Vendor Care),Set Field Incidents > Queue assign as Vendor Care | Set Field Custom Field > Open Date equal to the value of Now | Set Field Incidents > Mailbox assign as Chewy Vendor Care
Incident,SetField,F01-Email Routing,01 - Vendor Growth Email Routing,Enabled,If (Incidents > Mailbox  equals  vendorgrowthpartners@custhelp.com),Set Field Incidents > Queue assign as Vendor Growth Partners | Set Field Custom Field > Open Date equal to the value of Now
Incident,SetField,F01-Email Routing,01- Vendor Accounting Email Routing,Enabled,If (Incidents > Incoming Mailbox  equals  Chewy Accounting),Set Field Incidents > Queue assign as Accounting - AP Inventory | Set Field Custom Field > Open Date equal to the value of Now | Set Field Incidents > Mailbox assign as null
Incident,SetField,F01-Email Routing,01- Vendor EDI Email Routing,Enabled,If (Incidents > Incoming Mailbox  equals  Chewy EDI),Set Field Incidents > Queue assign as EDI | Set Field Custom Field > Open Date equal to the value of Now | Set Field Incidents > Mailbox assign as null
Incident,SetField,F01-Email Routing,01- Vendor Compliance Email Routing,Enabled,If (Incidents > Incoming Mailbox  equals  Chewy Vendor Service Portal),Set Field Incidents > Queue assign as Vendor Compliance | Set Field Custom Field > Open Date equal to the value of Now | Set Field Incidents > Mailbox assign as Chewy Vendor Service Portal
Incident,SetField,F01-Email Routing,01- Vendor Transportation Email Routing,Enabled,If (Incidents > Incoming Mailbox  equals  Chewy Transportation),Set Field Incidents > Queue assign as Central Scheduling | Set Field Custom Field > Open Date equal to the value of Now | Set Field Incidents > Mailbox assign as null
Incident,SetField,F01-Email Routing,F01- Chewy Rx Pharmacy Snail Mail SDF,Enabled,If (Incidents > Subject  contains  Chewy Snail Mail SDF  AND  Incidents > Source  equals  Techmail - Service Mailbox),Set Field Incidents > Queue assign as Rx Pharmacy Tech Fax Priority | Set Field Custom Field > Channel assign as Snail Mail | Set Field Incidents > Disposition assign as RX Pharmacist | Set Field Incidents > Status assign as Unresolved | Set Field Incidents > Mailbox assign as RX | Set Field Incidents > Channel assign as Email
Incident,SetField,F01-Email Routing,F01- Chewy Rx Pharmacy Snail Mail AVP,Enabled,If (Incidents > Subject  contains  Chewy Snail Mail AVP  AND  Incidents > Source  equals  Techmail - Service Mailbox),Set Field Incidents > Queue assign as Rx Pharmacy Data Entry - AVP | Set Field Custom Field > Channel assign as Snail Mail | Set Field Incidents > Disposition assign as RX Pharmacist | Set Field Incidents > Channel assign as Email | Set Field Incidents > Mailbox assign as RX | Set Field Incidents > Status assign as Unresolved
Incident,SetField,F01-Email Routing,01- Unsubscribe Email Routing,Enabled,If (Incidents > Queue  equals  Unspecified  AND  Incidents > Mailbox  equals  null  AND  Incidents > Category  equals  Unspecified),Set Field Incidents > Queue assign as General Email | Set Field Custom Field > Open Date equal to the value of Now | Set Field Custom Field > OpenMethods Status assign as initial | Set Field Incidents > Category assign as Email
Incident,SetField,F01-Email Routing,01- Leads Email Routing,Enabled,If (Incidents > Incoming Mailbox  equals  Leads),Set Field Incidents > Queue assign as Team Leads | Set Field Custom Field > Open Date equal to the value of Now | Set Field Incidents > Mailbox assign as null
Incident,SetField,F01-Email Routing,01- Supply Reply General Routing,Enabled,"If (Incidents > Queue  equals  General Email, General Email Overflow, Supply, Supply Shipping, Supply Warehouse  AND  Custom Field > Supply Escalation Reason  equals  Box Request, Defective, Exceptions, Infestation, OOS Request, Overnight Request, Past Expiration, PDI, Pick-Up Request, Pull-Back Request, Reroute Request, RMA Request, Shipper/Delivery Complaints, Warehouse/Packaging Complaints, RMA Refund Failed, FedEx Delivery Exceptions, Unspecified  AND  Incidents > Incoming Mailbox  equals  Supply Mailbox, Chewy, Unspecified  AND  Incidents > Updated from  equals  Utilities)",Set Field Incidents > Queue assign as General Email | Set Field Custom Field > Open Date equal to the value of Now | Set Field Incidents > Mailbox assign as Chewy | Set Field Custom Field > OpenMethods Status assign as initial
Incident,SetField,F01-Email Routing,01- Rescue Routing,Enabled,If (Incidents > Queue  equals  Unspecified  AND  Incidents > Incoming Mailbox  equals  Rescue),Set Field Custom Field > Open Date equal to the value of Now | Set Field Incidents > Queue assign as Rescue | Set Field Incidents > Assigned assign as null | Set Field Custom Field > Channel assign as Email
Incident,SetField,F01-G Email Routing,F01-G- General Email Routing - Cold Chain,Enabled,If (Custom Field > Routing Tags  contains  [cold]),Set Field Incidents > Queue assign as Cold Chain | Set Field Custom Field > Channel assign as Email
Incident,SetField,F01-G Email Routing,F01-G-CVC Mails,Enabled,If (Incidents > Mailbox  equals  Vet Care Team  AND  Incidents > Queue  equals  CVC General  AND (  Incidents > Channel  equals  Email  OR  Custom Field > Channel  equals  Email )),Set Field Incidents > Assigned assign as null | Set Field Custom Field > OpenMethods Status assign as pre-initial | Set Field Custom Field > Open Date equal to the value of Now | Set Field Incidents > Category assign as CVC Email
Incident,SetField,F01-G Email Routing,F01-G-PMR Mails,Enabled,If (Incidents > Mailbox  equals  Vet Care Medical Records  AND  Incidents > Queue  equals  CVC Medical Request  AND (  Incidents > Channel  equals  Email  OR  Custom Field > Channel  equals  Email )),Set Field Incidents > Assigned assign as null | Set Field Custom Field > OpenMethods Status assign as pre-initial | Set Field Custom Field > Open Date equal to the value of Now
Incident,SetField,F01-G Email Routing,F01-G- Pet Insurance Emails,Enabled,If (Incidents > Mailbox  equals  Pet Insurance by Chewy  AND  Incidents > Queue  equals  Insurance Email  AND (  Incidents > Channel  equals  Email  OR  Custom Field > Channel  equals  Email )),Set Field Incidents > Assigned assign as null | Set Field Custom Field > OpenMethods Status assign as accepted | Set Field Custom Field > Open Date equal to the value of Now | Set Field Custom Field > OpenMethods Status assign as pre-initial
Incident,SetField,F01-G Email Routing,F01-G-The Zoo Emails,Enabled,If (Incidents > Mailbox  equals  thezoosupport@custhelp.com  AND (  Incidents > Channel  equals  Email  OR  Custom Field > Channel  equals  Email )  AND  Incidents > Queue  equals  The Zoo),Set Field Incidents > Queue assign as The Zoo | Set Field Incidents > Assigned assign as null | Set Field Custom Field > OpenMethods Status assign as accepted | Set Field Custom Field > Open Date equal to the value of Now | Set Field Custom Field > OpenMethods Status assign as pre-initial
Incident,SetField,F01-G Email Routing,F01-G-Healthcare Email Routing,Enabled,If ((  Incidents > Subject  equals  Update on your order: Veterinary diet item needs authorization  OR  Incidents > Subject  equals  Please contact us about your veterinary diet item  OR  Incidents > Subject  equals  Vet Authorization Request Form  OR  Incidents > Subject  equals  Please contact your vet clinic  OR  Incidents > Subject  contains  Approval needed for Vet recommended foods )  AND  Incidents > Mailbox  equals  Chewy  AND  Incidents > Queue  equals  Vet Diet  AND (  Incidents > Channel  equals  Email  OR  Custom Field > Channel  equals  Email )),Set Field Incidents > Assigned assign as null | Set Field Custom Field > OpenMethods Status assign as pre-initial | Set Field Custom Field > Open Date equal to the value of Now
Incident,SetField,F01-G Email Routing,F01-G-Cancel Order Emails,Enabled,If (Incidents > Subject  contains  Cancel  AND  Incidents > Mailbox  equals  Chewy  AND  Incidents > Queue  equals  General Email  AND (  Incidents > Channel  equals  Email  OR  Custom Field > Channel  equals  Email )),Set Field Incidents > Assigned assign as null | Set Field Custom Field > OpenMethods Status assign as pre-initial | Set Field Custom Field > Open Date equal to the value of Now
Incident,SetField,F01-G Email Routing,F01-G-Autoship Update Email,Enabled,If (Incidents > Subject  equals  Important Update About Your Autoship Order  AND  Incidents > Mailbox  equals  Chewy  AND  Incidents > Queue  equals  Gen CS Priority Queue  AND (  Incidents > Channel  equals  Email  OR  Custom Field > Channel  equals  Email )),Set Field Incidents > Queue assign as Gen CS Priority Queue | Set Field Incidents > Assigned assign as null | Set Field Custom Field > OpenMethods Status assign as pre-initial
Incident,SetField,F01-G Email Routing,F01-G- Pharmacy Recall Emails,Enabled,If (Incidents > Subject  equals  Important Update about your Chewy Pharmacy Order  AND  Incidents > Mailbox  equals  Chewy  AND  Incidents > Queue  equals  Rx Pharmacy Tech Email  AND (  Incidents > Channel  equals  Email  OR  Custom Field > Channel  equals  Email )),Set Field Incidents > Assigned assign as null | Set Field Incidents > Mailbox assign as RX | Set Field Custom Field > OpenMethods Status assign as pre-initial
Incident,SetField,F01-G Email Routing,F01-G- Unsubscribe Email Routing,Enabled,If (Incidents > Queue  equals  General Email  AND  Incidents > Category  equals  Unspecified  AND (  Incidents > Channel  equals  Email  OR  Custom Field > Channel  equals  Email )),Set Field Custom Field > Open Date equal to the value of Now | Set Field Custom Field > OpenMethods Status assign as initial | Set Field Incidents > Category assign as Email
Incident,SetField,F01-G Email Routing,F01-G- Leads Email Routing,Enabled,If (Incidents > Incoming Mailbox  equals  Leads  AND  Incidents > Queue  equals  Team Leads  AND (  Incidents > Channel  equals  Email  OR  Custom Field > Channel  equals  Email )),Set Field Custom Field > Open Date equal to the value of Now | Set Field Incidents > Mailbox assign as null
Incident,SetField,F01-G Email Routing,F01-G- Rescue Routing,Enabled,If (Incidents > Incoming Mailbox  equals  Rescue  AND  Incidents > Queue  equals  Rescue  AND (  Incidents > Channel  equals  Email  OR  Custom Field > Channel  equals  Email )),Set Field Custom Field > Open Date equal to the value of Now | Set Field Incidents > Assigned assign as null | Set Field Custom Field > Channel assign as Email | Set Field Custom Field > OpenMethods Status assign as pre-initial
Incident,SetField,F02-Cardwriting Update,02-400 Quantity,Enabled,If (Custom Field > Box Number  contains  400-),Set Field [No Value] assign as null
Incident,SetField,F02-Cardwriting Update,02-200 Quantity,Enabled,If (Custom Field > Box Number  contains  200-),Set Field [No Value] assign as null
Incident,SetField,F02-Cardwriting Update,02-100 Quantity,Enabled,If (Custom Field > Box Number  contains  100-),Set Field [No Value] assign as null
Incident,SetField,F02-Cardwriting Update,02-Picked Up Email,Enabled,If (Incidents > Category  equals  Card Writing Process  AND  Incidents > Disposition  equals  Picked-Up  AND  Incidents > Status  not equals  Solved),Set Field Incidents > Queue assign as Cardwriters
Incident,SetField,F03-Cardwriting Process,03-Complete Card Writing Process,Enabled,If (Incidents > Disposition  equals  Completed  AND  Incidents > Status  not equals  Solved  AND  Incidents > Disposition  is modified this edit),Set Field Incidents > Status assign as Solved
Incident,SetField,F04-Case Update,04-Re-Assign Emails,Enabled,"If (Incidents > Assigned  is modified this edit    AND  Incidents > Assigned  equals  Unspecified  AND  Custom Field > OpenMethods Status  equals  accepted  AND  Custom Field > Channel  equals  Email  AND  Incidents > Queue  equals  General Email, General Email Overflow, Gen CS Priority Queue  AND  Incidents > Updated from  equals  CX Console, Thin Client, Web Console Incident Editor, Web Console Analytics Report)",Set Field Incidents > Queue assign as General Email Overflow | Set Field Custom Field > OpenMethods Status assign as initial
Incident,SetField,F04-Case Update,04-Cancel Pharmacy Null Order,Enabled,"If (Incidents > Queue  is modified this edit    AND  Incidents > Queue  equals  Rx Cancellation  AND  Incidents > Status  equals  Follow-Up, Unresolved, Updated, Waiting, Unspecified  AND  Orders > OrderId  is null)",Set Field Incidents > Queue assign as Cancel Order (Released to Pharm) | Set Field Incidents > Assigned assign as null | Set Field Incidents > Status assign as Unresolved | Set Field Incidents > Disposition assign as Pharmacy Cancellation Failure
Incident,SetField,F04-Case Update,04-Cancel Vet Diet Null Order,Enabled,"If (Incidents > Queue  is modified this edit    AND  Incidents > Queue  equals  Vet Diet Pending Cancellation  AND  Incidents > Status  equals  Follow-Up, Unresolved, Updated, Waiting, Unspecified  AND  Orders > OrderId  is null)",Set Field Incidents > Queue assign as Vet Diet ADHOC | Set Field Incidents > Assigned assign as null | Set Field Incidents > Status assign as Unresolved | Set Field Incidents > Disposition assign as Vet Diet Cancellation Failure
Incident,SetField,F04-Case Update,04-Cancel Vet Diet Order,Enabled,"If (Incidents > Queue  is modified this edit    AND  Incidents > Queue  equals  Vet Diet Pending Cancellation  AND  Incidents > Status  equals  Follow-Up, Unresolved, Updated, Waiting, Unspecified  AND  Orders > OrderId  is not null)",Set Field Custom Field > Rx Count assign as 0
Incident,SetField,F04-Case Update,04-Cancel Pharmacy Email,Disabled,If (Incidents > Status  is modified this edit    AND  Incidents > Status  equals  Solved  AND  Incidents > Queue  equals  Rx Cancellation  AND  Incidents > Updated from  equals  Connect PHP  AND  Custom Field > Sign Off  not equals  Cancel Notice Sent),Set Field Incidents > Mailbox assign as RX | Set Field Custom Field > Sign Off assign as Cancel Notice Sent
Incident,SetField,F04-Case Update,04-Set Shipper OnTrac,Enabled,If (Custom Field > Tracking Number  is modified this edit    AND  Custom Field > Tracking Number  contains  D1001  AND  Custom Field > Shipper  equals  Unspecified),Set Field Custom Field > Shipper assign as OnTrac
Incident,SetField,F04-Case Update,04-Set Shipper FedEx,Enabled,If (Custom Field > Tracking Number  is modified this edit    AND  Custom Field > Tracking Number  does not contain  1LS  AND  Custom Field > Shipper  equals  Unspecified  AND  Custom Field > Tracking Number  does not contain  D1001),Set Field Custom Field > Shipper assign as FedEx
Incident,SetField,F04-Case Update,04-PAW Escalation,Enabled,If (Incidents > Disposition  equals  PAW  AND  Incidents > Queue  not equals  PAW  AND  Incidents > Disposition  is modified this edit),Set Field Incidents > Status assign as Unresolved | Set Field Incidents > Assigned assign as null | Set Field Incidents > Queue assign as PAW | Set Field Custom Field > Transfer Date equal to the value of Now | Set Field Custom Field > OpenMethods Status assign as pre-initial
Incident,SetField,F04-Case Update,04-01 Supply Transfer Unassign,Enabled,"If (Incidents > Disposition  equals  Supply  AND  Incidents > Queue  not equals  Supply, Supply Mailbox, PAW RRC Abuse Suspected, Supply Planning, Supply Shipping, Supply Warehouse  AND  Incidents > Disposition  is modified this edit    AND  Custom Field > Supply Escalation Reason  equals  PDI)",Set Field Incidents > Status assign as Unresolved | Set Field Incidents > Assigned assign as null | Set Field Custom Field > Transfer Date equal to the value of Now | Set Field Incidents > Queue assign as Supply | Set Field Custom Field > OpenMethods Status assign as pre-initial
Incident,SetField,F04-Case Update,04-Supply Customer Escalation,Enabled,"If (Incidents > Disposition  equals  Supply  AND  Incidents > Queue  not equals  Supply, Unspecified  AND  Incidents > Disposition  is modified this edit    AND  Custom Field > Supply Escalation Reason  equals  AJ Replacement, Supply Inbox, Unspecified)",Set Field Incidents > Status assign as Unresolved | Set Field Incidents > Assigned assign as null | Set Field Incidents > Queue assign as Supply | Set Field Custom Field > Transfer Date equal to the value of Now
Incident,SetField,F04-Case Update,04-OOS Escalation,Enabled,"If (Incidents > Disposition  equals  Supply  AND  Incidents > Queue  not equals  Out Of Stock, Unspecified  AND  Incidents > Disposition  is modified this edit    AND  Custom Field > Supply Escalation Reason  equals  OOS Request)",Set Field Incidents > Status assign as Unresolved | Set Field Incidents > Assigned assign as null | Set Field Incidents > Queue assign as Out Of Stock | Set Field Custom Field > Transfer Date equal to the value of Now
Incident,SetField,F04-Case Update,04-Legal Escalation,Enabled,If (Incidents > Disposition  equals  Legal  AND  Incidents > Disposition  is modified this edit),Set Field Incidents > Status assign as Unresolved | Set Field Incidents > Assigned assign as null | Set Field Incidents > Queue assign as Legal | Set Field Custom Field > Transfer Date equal to the value of Now
Incident,SetField,F04-Case Update,04-Supply Shipping Escalation,Enabled,"If (Incidents > Disposition  equals  Supply  AND  Incidents > Queue  not equals  Supply Shipping  AND  Custom Field > Supply Escalation Reason  equals  Exceptions, FedEx Preferred, Pick-Up Request, Pull-Back Request, Reroute Request, RMA Request  AND  Custom Field > Tracking Status  equals  Delivered, N/A - In R-Status, Unspecified  AND  Custom Field > Delivery Exception Type  not equals  Incorrect Address  AND  Incidents > Disposition  is modified this edit)",Set Field Incidents > Status assign as Unresolved | Set Field Incidents > Assigned assign as null | Set Field Incidents > Queue assign as Supply Shipping | Set Field Custom Field > Transfer Date equal to the value of Now | Set Field Custom Field > OpenMethods Status assign as pre-initial
Incident,SetField,F04-Case Update,04-Supply Wharehouse Escalation,Enabled,"If (Incidents > Disposition  equals  Supply  AND  Incidents > Queue  not equals  Supply, Supply Warehouse  AND  Incidents > Disposition  is modified this edit    AND  Custom Field > Supply Escalation Reason  equals  Box Request, Overnight Request)",Set Field Incidents > Status assign as Unresolved | Set Field Incidents > Assigned assign as null | Set Field Incidents > Queue assign as Supply Warehouse | Set Field Custom Field > Transfer Date equal to the value of Now | Set Field Custom Field > OpenMethods Status assign as pre-initial
Incident,SetField,F04-Case Update,04-Supply Walkthrough Escalation,Enabled,"If (Incidents > Disposition  equals  Supply  AND  Incidents > Queue  not equals  Supply, Supply Warehouse, Unspecified  AND  Custom Field > Supply Escalation Reason  equals  Walkthrough Request)",Set Field Incidents > Status assign as Unresolved | Set Field Incidents > Assigned assign as null | Set Field Incidents > Queue assign as Supply Warehouse | Set Field Custom Field > Transfer Date equal to the value of Now
Incident,SetField,F04-Case Update,04-Supply Personalization Escalation,Enabled,If (Incidents > Disposition  equals  Supply  AND  Incidents > Queue  not equals  Personalization Updates  AND  Custom Field > Supply Escalation Reason  equals  Personalization Update),Set Field Incidents > Status assign as Unresolved | Set Field Incidents > Assigned assign as null | Set Field Incidents > Queue assign as Personalization Updates | Set Field Custom Field > Transfer Date equal to the value of Now
Incident,SetField,F04-Case Update,04-New Supply Wharehouse Escalation,Enabled,"If (Incidents > Disposition  equals  Supply  AND  Incidents > Queue  not equals  Supply, Unspecified  AND  Incidents > Disposition  is modified this edit    AND  Custom Field > Warehouse Complaints  equals  Case Pack Discrepancy, Contamination/Leak, Defective, Expired, Incorrect Item, Infestation/Mold, Non-Product in Box  AND  Custom Field > Supply Escalation Reason  equals  Warehouse/Packaging Complaints)",Set Field Incidents > Status assign as Unresolved | Set Field Incidents > Assigned assign as null | Set Field Incidents > Queue assign as Supply Warehouse | Set Field Custom Field > Transfer Date equal to the value of Now
Incident,SetField,F04-Case Update,04-New Supply Warehouse Closed,Enabled,"If (Incidents > Disposition  equals  Supply  AND  Incidents > Queue  not equals  Supply, Supply Warehouse, Unspecified  AND  Incidents > Disposition  is modified this edit    AND  Custom Field > Warehouse Complaints  equals  Carton/Package Open, Crushed, Item(s) Missing From Shipment, No Void Fill/Can Toppers, Oversized Box/Excessive Void Fill, Ripped/Torn, Weight Issue (Too Heavy)  AND  Custom Field > Supply Escalation Reason  equals  Warehouse/Packaging Complaints)",Set Field Incidents > Status assign as Solved | Set Field Incidents > Queue assign as Supply Warehouse | Set Field Custom Field > Transfer Date equal to the value of Now | Set Field Custom Field > OpenMethods Status assign as pre-initial
Incident,SetField,F04-Case Update,04-Supply Pullback-Reroute R Status,Enabled,"If (Custom Field > Tracking Status  equals  N/A - In R-Status  AND  Custom Field > Supply Escalation Reason  equals  Pull-Back Request, Reroute Request  AND  Custom Field > Tracking Number  is not null    AND  Custom Field > Shipper  not equals  Lasership  AND  Custom Field > Tracking Number  is modified this edit)",Set Field Incidents > Status assign as Solved | Set Field Incidents > Assigned assign as null | Set Field Incidents > Queue assign as Supply | Set Field Custom Field > Transfer Date equal to the value of Now | Set Field Custom Field > Pullback Date equal to the value of Now
Incident,SetField,F04-Case Update,04-New Pullback Request Close,Enabled,"If (Custom Field > Tracking Status  equals  In Transit, Out for Delivery, No Information Found  AND  Custom Field > Supply Escalation Reason  equals  Pull-Back Request  AND  Incidents > Disposition  is modified this edit)",Set Field Incidents > Status assign as Solved | Set Field Incidents > Assigned assign as null | Set Field Incidents > Queue assign as Supply | Set Field Custom Field > Transfer Date equal to the value of Now | Set Field Custom Field > Pullback Date equal to the value of Now
Incident,SetField,F04-Case Update,04-Address Correction Close,Enabled,If (Custom Field > Supply Escalation Reason  equals  Exceptions  AND  Custom Field > Shipper  equals  FedEx  AND  Custom Field > Delivery Exception Type  is modified this edit    AND  Custom Field > Delivery Exception Type  equals  Incorrect Address),Set Field Incidents > Status assign as Solved | Set Field Incidents > Assigned assign as null | Set Field Incidents > Queue assign as Supply Shipping | Set Field Custom Field > Transfer Date equal to the value of Now | Set Field Custom Field > Pullback Date equal to the value of Now
Incident,SetField,F04-Case Update,04-New Reroute Request Closed,Enabled,"If (Custom Field > Tracking Status  equals  In Transit, Out for Delivery, No Information Found  AND  Custom Field > Supply Escalation Reason  equals  Reroute Request  AND  Custom Field > Shipper  not equals  Lasership  AND  Custom Field > Supply Escalation Reason  is modified this edit)",Set Field Incidents > Status assign as Solved | Set Field Incidents > Assigned assign as null | Set Field Incidents > Queue assign as Supply | Set Field Custom Field > Transfer Date equal to the value of Now | Set Field Custom Field > Pullback Date equal to the value of Now
Incident,SetField,F04-Case Update,04-New Send to Shipper Complaints,Enabled,"If (Custom Field > Supply Escalation Reason  equals  Shipper/Delivery Complaints  AND  Custom Field > Shipper Request  equals  Deliver to Front Door, Deliver to Back Door, Bring order to Apt. door, Deliver to Front Door/Ring Doorbell, Order damaged/open upon delivery, Order shows delivered did not receive, Package left in rain without cover  AND  Incidents > Queue  not equals  Supply Shipping  AND  Incidents > Disposition  is modified this edit)",Set Field Incidents > Status assign as Solved | Set Field Incidents > Queue assign as Supply Shipping | Set Field Custom Field > Transfer Date equal to the value of Now | Set Field Custom Field > Pullback Date equal to the value of Now
Incident,SetField,F04-Case Update,04-New Send to Supply,Enabled,"If (Custom Field > Supply Escalation Reason  equals  Shipper/Delivery Complaints  AND  Custom Field > Shipper Request  equals  Witnessed driver mishandling package, Other, Unspecified  AND  Incidents > Disposition  is modified this edit)",Set Field Incidents > Status assign as Unresolved | Set Field Incidents > Queue assign as Supply Shipping | Set Field Custom Field > Transfer Date equal to the value of Now | Set Field Incidents > Assigned assign as null | Set Field Custom Field > OpenMethods Status assign as pre-initial
Incident,SetField,F04-Case Update,04-FedEx Send to Shipper Update,Enabled,"If (Custom Field > Supply Escalation Reason  equals  Shipper/Delivery Complaints  AND  Custom Field > Tracking Number  is not null    AND  Custom Field > Shipper  equals  FedEx  AND  Custom Field > Shipper Request  equals  Deliver to Front Door, Deliver to Back Door, Bring order to Apt. door, Deliver to Front Door/Ring Doorbell, Order damaged/open upon delivery, Order shows delivered did not receive, Package left in rain without cover  AND  Incidents > Status  is modified this edit    AND  Incidents > Status  equals  Solved  AND  Custom Field > Pullback Date  is null)",Set Field Incidents > Status assign as Solved | Set Field Custom Field > Pullback Date equal to the value of Now
Incident,SetField,F04-Case Update,04-OnTrac Send to Shipper Update,Enabled,"If (Custom Field > Supply Escalation Reason  equals  Shipper/Delivery Complaints  AND  Custom Field > Tracking Number  is not null    AND  Custom Field > Shipper  equals  OnTrac  AND  Custom Field > Shipper Request  equals  Deliver to Front Door, Deliver to Back Door, Bring order to Apt. door, Deliver to Front Door/Ring Doorbell, Order damaged/open upon delivery, Order shows delivered did not receive, Package left in rain without cover, Witnessed driver mishandling package, Other  AND  Incidents > Status  is modified this edit    AND  Incidents > Status  equals  Solved  AND  Custom Field > Pullback Date  is null)",Set Field Incidents > Status assign as Solved | Set Field Custom Field > Pullback Date equal to the value of Now
Incident,SetField,F04-Case Update,04-Vet Diet Escalation,Enabled,"If (Incidents > Disposition  equals  Vet Diet  AND  Incidents > Queue  not equals  Vet Diet Uploads  AND  Incidents > Disposition  is modified this edit    AND  Custom Field > Vet Diet Escalation Reason  equals  Approval, Approval Hub, Denial, Fax Request , Pharmacy Escalation, Unspecified  AND  Custom Field > Channel  equals  Email, Fax)",Set Field Incidents > Status assign as Unresolved | Set Field Incidents > Assigned assign as null | Set Field Incidents > Queue assign as Vet Diet Fax | Set Field Custom Field > Transfer Date equal to the value of Now | Set Field Custom Field > OpenMethods Status assign as pre-initial
Incident,SetField,F04-Case Update,04-Vet Diet Escalation 4 Other Channels,Enabled,"If (Incidents > Disposition  equals  Vet Diet  AND  Incidents > Queue  not equals  Vet Diet Uploads  AND  Incidents > Disposition  is modified this edit    AND  Custom Field > Channel  not equals  Chat, Email, Fax)",Set Field Incidents > Status assign as Unresolved | Set Field Incidents > Assigned assign as null | Set Field Incidents > Queue assign as Vet Diet | Set Field Custom Field > Transfer Date equal to the value of Now | Set Field Custom Field > OpenMethods Status assign as pre-initial
Incident,SetField,F04-Case Update,04-Vet Diet Escalation for Chat incident,Enabled,"If (Incidents > Disposition  equals  Vet Diet  AND  Incidents > Queue  not equals  Vet Diet Uploads  AND  Incidents > Disposition  is modified this edit    AND  Custom Field > Vet Diet Escalation Reason  equals  Approval, Approval Hub, Denial, Fax Request , Pharmacy Escalation, Unspecified  AND  Custom Field > Channel  equals  Chat)",Set Field Incidents > Status assign as Unresolved | Set Field Incidents > Assigned assign as null | Set Field Incidents > Queue assign as Vet Diet | Set Field Custom Field > Transfer Date equal to the value of Now | Set Field Custom Field > OpenMethods Status assign as pre-initial
Incident,SetField,F04-Case Update,04-RMA Follow-up,Enabled,"If (Incidents > Disposition  equals  Supply  AND  Incidents > Queue  not equals  RMA Returns Follow-Up, Unspecified  AND  Incidents > Disposition  is modified this edit    AND  Custom Field > Supply Escalation Reason  equals  RMA Refund Failed)",Set Field Incidents > Status assign as Unresolved | Set Field Incidents > Assigned assign as null | Set Field Incidents > Queue assign as RMA Returns Follow-Up | Set Field Custom Field > Transfer Date equal to the value of Now | Set Field Custom Field > OpenMethods Status assign as pre-initial
Incident,SetField,F04-Case Update,04-Executive Esco,Enabled,If (Incidents > Disposition  equals  Executive Esco  AND  Incidents > Queue  not equals  Executive Escalation  AND  Incidents > Disposition  is modified this edit),Set Field Incidents > Status assign as Unresolved | Set Field Incidents > Assigned assign as null | Set Field Incidents > Queue assign as Executive Escalation | Set Field Custom Field > Transfer Date equal to the value of Now
Incident,SetField,F04-Case Update,F04-The Zoo Escalation,Enabled,If (Incidents > Disposition  equals  The Zoo  AND  Incidents > Disposition  is modified this edit),Set Field Incidents > Status assign as Updated | Set Field Incidents > Assigned assign as null | Set Field Incidents > Queue assign as The Zoo | Set Field Custom Field > Transfer Date equal to the value of Now | Set Field Incidents > Mailbox assign as thezoosupport@custhelp.com | Set Field Custom Field > OpenMethods Status assign as pre-initial
Incident,SetField,F04-Case Update,F04-Chewy+ Escalation,Enabled,If ((  Incidents > Disposition  equals  Chewy+  AND  Incidents > Disposition  is modified this edit   )),Set Field Incidents > Status assign as Updated | Set Field Incidents > Assigned assign as null | Set Field Incidents > Queue assign as Chewy+ | Set Field Custom Field > Transfer Date equal to the value of Now | Set Field Incidents > Mailbox assign as Chewy | Set Field Custom Field > OpenMethods Status assign as pre-initial
Incident,SetField,F04-Case Update,F04-CVC VCR Escalation,Enabled,If ((  Incidents > Disposition  equals  Chewy Vet Care Representative  AND  Incidents > Disposition  is modified this edit   )  OR  Incidents > Queue  equals  CVC General),Set Field Incidents > Status assign as Updated | Set Field Incidents > Assigned assign as null | Set Field Incidents > Queue assign as CVC General | Set Field Custom Field > Transfer Date equal to the value of Now | Set Field Incidents > Mailbox assign as Vet Care Team | Set Field Custom Field > OpenMethods Status assign as pre-initial
Incident,SetField,F04-Case Update,F04-Pet Insurance Escalation,Enabled,If ((  Incidents > Disposition  equals  CarePlus  AND  Incidents > Disposition  is modified this edit    AND  Incidents > Queue  not equals  CarePlus Waiting  AND  Custom Field > Follow-Up Time  is not null   )),Set Field Incidents > Status assign as Updated | Set Field Incidents > Assigned assign as null | Set Field Incidents > Queue assign as Insurance Email | Set Field Custom Field > Transfer Date equal to the value of Now | Set Field Incidents > Mailbox assign as Pet Insurance by Chewy | Set Field Custom Field > OpenMethods Status assign as pre-initial
Incident,SetField,F04-Case Update,04-Vet Diet Hills Escalation,Enabled,If (Incidents > Disposition  equals  Vet Diet  AND  Incidents > Queue  not equals  Hills Rebate  AND  Incidents > Disposition  is modified this edit    AND  Custom Field > Vet Diet Escalation Reason  equals  Hill's Rebate Program),Set Field Incidents > Status assign as Unresolved | Set Field Incidents > Assigned assign as null | Set Field Incidents > Queue assign as Hills Rebate | Set Field Custom Field > Transfer Date equal to the value of Now
Incident,SetField,F04-Case Update,04-RX Hollywood Escalation,Enabled,If (Incidents > Disposition  equals  RX Hollywood  AND  Incidents > Disposition  is modified this edit),Set Field Incidents > Status assign as Unresolved | Set Field Incidents > Assigned assign as null | Set Field Incidents > Queue assign as Rx Priority Order Update | Set Field Custom Field > Transfer Date equal to the value of Now | Set Field Incidents > Mailbox assign as RX
Incident,SetField,F04-Case Update,04-RX Pharmacy Tech Esc - Dep,Disabled,If (Incidents > Disposition  equals  RX Pharmacy Tech  AND  Incidents > Disposition  is modified this edit    AND  Incidents > Queue  not equals  Cancel Order (Released to Pharm)),Set Field Incidents > Status assign as Unresolved | Set Field Incidents > Queue assign as Rx Pharmacy Priority Queue | Set Field Custom Field > Transfer Date equal to the value of Now | Set Field Incidents > Assigned assign as null
Incident,SetField,F04-Case Update,04-RX Pharmacy Cancel Requests,Enabled,"If (Incidents > Disposition  equals  RX Pharmacy Tech  AND  Incidents > Disposition  is modified this edit    AND  Incidents > Category  equals  Incomplete Order/Backorder, Scheduling Mistake, Shipped Before Next Fulfillment Date (NFD), Used Wrong Credit Card (CC), Cancel Order, Cancel Order Request (Released to Pharmacy), Cancel Order)",Set Field Incidents > Status assign as Unresolved | Set Field Incidents > Queue assign as Cancel Order (Released to Pharm) | Set Field Custom Field > Transfer Date equal to the value of Now | Set Field Incidents > Assigned assign as null
Incident,SetField,F04-Case Update,04-RX Pharmacy Pending Escalation,Disabled,If (Incidents > Disposition  equals  Pharmacy Pending  AND  Incidents > Disposition  is modified this edit),Set Field Incidents > Status assign as Unresolved | Set Field Incidents > Queue assign as Rx Waiting Queue | Set Field Custom Field > Transfer Date equal to the value of Now | Set Field Incidents > Assigned assign as null
Incident,SetField,F04-Case Update,04-RX Pharmacist Escalation,Disabled,"If (Incidents > Disposition  equals  RX Pharmacist  AND  Incidents > Disposition  is modified this edit    AND  Incidents > Category  not equals  Mailer, Put on File, Reship, Approval, Partial Approval, Verbal Approval, Refill Order, Outbound Prescription Follow-Up, LS Outbound Prescription Follow-Up)",Set Field Incidents > Status assign as Unresolved | Set Field Incidents > Queue assign as Rx Pharmacist | Set Field Custom Field > Transfer Date equal to the value of Now | Set Field Incidents > Assigned assign as null
Incident,SetField,F04-Case Update,F04-RX Pharmacist DUR CA,Disabled,"If (Incidents > Queue  is modified this edit    AND  Incidents > Queue  equals  Rx Pharmacy DUR, Rx TeleMed DUR  AND  Custom Field > Shipping Address State  equals  CA)",Set Field Incidents > Status assign as Unresolved | Set Field Incidents > Queue assign as Rx Nevada DUR | Set Field Custom Field > Transfer Date equal to the value of Now | Set Field Incidents > Assigned assign as null | Set Field Custom Field > OpenMethods Status assign as accepted
Incident,SetField,F04-Case Update,04-RX Pharmacist DUR-Unblocked,Enabled,"If (Incidents > Disposition  equals  RX Pharmacist  AND  Incidents > Category  equals  Refill Order  AND  Incidents > Updated from  equals  Public API  AND  Custom Field > Channel  not equals  Approval Hub, Gabapentin)",Set Field Incidents > Status assign as Unresolved | Set Field Incidents > Queue assign as Rx Pharmacy DUR | Set Field Custom Field > Transfer Date equal to the value of Now | Set Field Incidents > Assigned assign as null | Set Field Custom Field > OpenMethods Status assign as accepted
Incident,SetField,F04-Case Update,04-RX Pharmacist DUR-LS Unblocked,Enabled,If (Incidents > Disposition  equals  RX Pharmacist  AND  Incidents > Category  equals  LS Refill Order  AND  Incidents > Category  is modified this edit    AND  Incidents > Updated from  equals  Public API  AND  Custom Field > Channel  not equals  Gabapentin),Set Field Incidents > Status assign as Unresolved | Set Field Incidents > Queue assign as Rx Priority DUR Queue | Set Field Custom Field > Transfer Date equal to the value of Now | Set Field Incidents > Assigned assign as null | Set Field Custom Field > OpenMethods Status assign as accepted
Incident,SetField,F04-Case Update,04-RX Pharmacist DUR-Entered,Enabled,"If (Incidents > Disposition  equals  RX Pharmacist  AND  Incidents > Updated from  equals  Public API  AND ( (  Incidents > Category  equals  Verbal Approval, Approval, Mail Received, Mailer, Put on File  AND  Incidents > Category  is modified this edit    AND  Custom Field > Channel  not equals  Rx Order, Gabapentin )  OR (  Incidents > Queue  not equals  Rx Nevada DUR, Rx Pharmacy DUR, Rx Pharmacy DUR - AVP, Rx Pharmacist Follow-Up, Rx Priority DUR Queue  AND  Custom Field > Channel  equals  Rx Order  AND  Incidents > Category  equals  Approval, Refill Order, LS Refill Order  AND  Incidents > Status  not equals  Solved, Follow-Up ) ))",Set Field Incidents > Status assign as Unresolved | Set Field Incidents > Queue assign as Rx Pharmacy DUR | Set Field Custom Field > Transfer Date equal to the value of Now | Set Field Incidents > Assigned assign as null | Set Field Custom Field > OpenMethods Status assign as accepted
Incident,SetField,F04-Case Update,04-RX Pharmacist DUR - New,Enabled,"If (Incidents > Disposition  equals  RX Pharmacist  AND  Incidents > Category  equals  Mail Received, Mailer, Put on File, Approval, Verbal Approval  AND  Incidents > Category  is modified this edit    AND  Incidents > Updated from  equals  CX Console, Web Console  AND  Custom Field > Channel  not equals  Gabapentin)",Set Field Incidents > Status assign as Unresolved | Set Field Incidents > Queue assign as Rx Pharmacy DUR | Set Field Custom Field > Transfer Date equal to the value of Now | Set Field Incidents > Assigned assign as null | Set Field Custom Field > OpenMethods Status assign as accepted
Incident,SetField,F04-Case Update,04-Rx Pharmacist NV DUR-Unblocked,Disabled,If (Incidents > Disposition  equals  RX Pharmacist  AND  Incidents > Category  equals  Refill Order  AND  Incidents > Category  is modified this edit    AND  Incidents > Updated from  equals  Public API  AND  Custom Field > Channel  not equals  Approval Hub  AND  Custom Field > Shipping Address State  equals  NV),Set Field Incidents > Status assign as Unresolved | Set Field Incidents > Queue assign as Rx Nevada DUR | Set Field Custom Field > Transfer Date equal to the value of Now | Set Field Incidents > Assigned assign as null | Set Field Custom Field > OpenMethods Status assign as accepted
Incident,SetField,F04-Case Update,04-Rx Pharmacist NV DUR-LS Unblocked,Disabled,"If (Incidents > Disposition  equals  RX Pharmacist  AND  Incidents > Category  equals  LS Refill Order  AND  Incidents > Category  is modified this edit    AND  Incidents > Updated from  equals  Public API  AND  Custom Field > Channel  not equals  Approval Hub, Gabapentin)",Set Field Incidents > Status assign as Unresolved | Set Field Incidents > Queue assign as Rx Nevada DUR | Set Field Custom Field > Transfer Date equal to the value of Now | Set Field Incidents > Assigned assign as null | Set Field Custom Field > OpenMethods Status assign as accepted
Incident,SetField,F04-Case Update,04-Rx Pharmacist NV DUR-Entered,Disabled,"If (Incidents > Disposition  equals  RX Pharmacist  AND  Incidents > Category  equals  Mail Received, Mailer, Put on File, Approval, Verbal Approval  AND  Incidents > Category  is modified this edit    AND  Incidents > Updated from  equals  Public API  AND  Custom Field > Channel  not equals  Rx Order  AND  Custom Field > Shipping Address State  equals  NV)",Set Field Incidents > Status assign as Unresolved | Set Field Incidents > Queue assign as Rx Nevada DUR | Set Field Custom Field > Transfer Date equal to the value of Now | Set Field Incidents > Assigned assign as null | Set Field Custom Field > OpenMethods Status assign as accepted
Incident,SetField,F04-Case Update,04-Rx Pharmacist NV DUR - New,Disabled,"If (Incidents > Disposition  equals  RX Pharmacist  AND  Incidents > Category  equals  Mail Received, Mailer, Put on File, Approval, Verbal Approval  AND  Incidents > Category  is modified this edit    AND  Incidents > Updated from  equals  CX Console, Web Console  AND  Custom Field > Shipping Address State  equals  NV)",Set Field Incidents > Status assign as Unresolved | Set Field Incidents > Queue assign as Rx Nevada DUR | Set Field Custom Field > Transfer Date equal to the value of Now | Set Field Incidents > Assigned assign as null | Set Field Custom Field > OpenMethods Status assign as accepted
Incident,SetField,F04-Case Update,04-Rx Pharmacist AVP DUR-Unblocked,Enabled,If (Incidents > Disposition  equals  RX Pharmacist  AND  Incidents > Category  equals  Refill Order  AND  Incidents > Category  is modified this edit    AND  Incidents > Updated from  equals  Public API  AND  Custom Field > Channel  equals  Gabapentin),Set Field Incidents > Status assign as Unresolved | Set Field Incidents > Queue assign as Rx Pharmacy DUR - AVP | Set Field Custom Field > Transfer Date equal to the value of Now | Set Field Incidents > Assigned assign as null | Set Field Custom Field > OpenMethods Status assign as accepted
Incident,SetField,F04-Case Update,04-Rx Pharmacist AVP DUR-LS Unblocked,Enabled,If (Incidents > Disposition  equals  RX Pharmacist  AND  Incidents > Category  equals  LS Refill Order  AND  Incidents > Category  is modified this edit    AND  Incidents > Updated from  equals  Public API  AND  Custom Field > Channel  equals  Gabapentin),Set Field Incidents > Status assign as Unresolved | Set Field Incidents > Queue assign as Rx Pharmacy DUR - AVP | Set Field Custom Field > Transfer Date equal to the value of Now | Set Field Incidents > Assigned assign as null | Set Field Custom Field > OpenMethods Status assign as accepted
Incident,SetField,F04-Case Update,04-Rx Pharmacist AVP DUR-Entered,Enabled,"If (Incidents > Disposition  equals  RX Pharmacist  AND  Incidents > Category  equals  Mail Received, Mailer, Put on File, Approval, Verbal Approval  AND  Incidents > Category  is modified this edit    AND  Incidents > Updated from  equals  Public API  AND  Custom Field > Channel  equals  Gabapentin)",Set Field Incidents > Status assign as Unresolved | Set Field Incidents > Queue assign as Rx Pharmacy DUR - AVP | Set Field Custom Field > Transfer Date equal to the value of Now | Set Field Incidents > Assigned assign as null | Set Field Custom Field > OpenMethods Status assign as accepted
Incident,SetField,F04-Case Update,04-Rx Pharmacist AVP DUR - New,Enabled,"If (Incidents > Disposition  equals  RX Pharmacist  AND  Incidents > Category  equals  Mail Received, Mailer, Put on File, Approval, Verbal Approval  AND  Incidents > Category  is modified this edit    AND  Incidents > Updated from  equals  CX Console, Web Console  AND  Custom Field > Channel  equals  Gabapentin)",Set Field Incidents > Status assign as Unresolved | Set Field Incidents > Queue assign as Rx Pharmacy DUR - AVP | Set Field Custom Field > Transfer Date equal to the value of Now | Set Field Incidents > Assigned assign as null | Set Field Custom Field > OpenMethods Status assign as accepted
Incident,SetField,F04-Case Update,04-RX Pharmacist Reship,Enabled,If (Incidents > Disposition  equals  RX Pharmacist  AND  Incidents > Category  equals  Reship  AND  Incidents > Category  is modified this edit    AND  Custom Field > Channel  not equals  Gabapentin),Set Field Incidents > Status assign as Unresolved | Set Field Incidents > Queue assign as Rx Reship Queue | Set Field Custom Field > Transfer Date equal to the value of Now | Set Field Incidents > Assigned assign as null
Incident,SetField,F04-Case Update,04-RX Pharmacist Reship AVP - Gaba,Enabled,If (Incidents > Disposition  equals  RX Pharmacist  AND  Incidents > Category  equals  Reship  AND  Incidents > Category  is modified this edit    AND  Custom Field > Channel  equals  Gabapentin),Set Field Incidents > Status assign as Unresolved | Set Field Incidents > Queue assign as Rx Reship Queue - AVP | Set Field Custom Field > Transfer Date equal to the value of Now | Set Field Incidents > Assigned assign as null
Incident,SetField,F04-Case Update,04-Rescue Escalation,Enabled,"If (Incidents > Disposition  equals  Rescue  AND  Incidents > Queue  not equals  Rescue, Unspecified  AND  Incidents > Disposition  is modified this edit    AND  Custom Field > General Escalation Request  not equals  Pet Adoptions)",Set Field Incidents > Status assign as Unresolved | Set Field Incidents > Assigned assign as null | Set Field Incidents > Queue assign as Rescue | Set Field Incidents > Mailbox assign as Rescue | Set Field Custom Field > OpenMethods Status assign as pre-initial
Incident,SetField,F04-Case Update,04-WOW Escalation,Disabled,If (Incidents > Disposition  equals  WOW  AND  Incidents > Disposition  is modified this edit    AND  Incidents > Group  not equals  Admin),Set Field Incidents > Status assign as Unresolved | Set Field Incidents > Assigned assign as null | Set Field Incidents > Queue assign as WOW
Incident,SetField,F04-Case Update,04-WOW Transfer to Print,Enabled,If (Incidents > Disposition  equals  Supply  AND  Incidents > Disposition  is modified this edit    AND  Custom Field > Supply Escalation Reason  equals  RMA Request  AND  Custom Field > RMA Request Type  equals  Snail Mail  AND  Custom Field > Sign Off  not equals  WOWtoSupply),Set Field Incidents > Status assign as Unresolved | Set Field Incidents > Assigned assign as null | Set Field Incidents > Queue assign as WOW RMA
Incident,SetField,F04-Case Update,04-Adoption Inquiry,Enabled,"If (Incidents > Disposition  equals  Rescue  AND  Incidents > Queue  not equals  Rescue, Unspecified  AND  Incidents > Disposition  is modified this edit    AND  Custom Field > General Escalation Request  equals  Pet Adoptions)",Set Field Incidents > Status assign as Solved | Set Field Incidents > Assigned assign as null | Set Field Incidents > Queue assign as Rescue | Set Field Incidents > Mailbox assign as Rescue
Incident,SetField,F04-Case Update,04-Accounting Escalation,Enabled,If (Incidents > Disposition  equals  Accounting  AND  Incidents > Queue  not equals  Accounting  AND  Incidents > Disposition  is modified this edit),Set Field Incidents > Status assign as Unresolved | Set Field Incidents > Assigned assign as null | Set Field Incidents > Queue assign as Accounting | Set Field Custom Field > OpenMethods Status assign as pre-initial
Incident,SetField,F04-Case Update,04-Back to CSR,Enabled,"If (Incidents > Disposition  equals  Customer Service  AND  Incidents > Queue  not equals  Customer Service, Rx Pharmacy DUR, Rx Pharmacy Data Entry, Rx Pharmacy Tech Email, Rx Pharmacy Priority Queue, Rx Pharmacist, Rx TeleMed DUR  AND  Incidents > Disposition  is modified this edit)",Set Field Incidents > Status assign as Updated | Set Field Incidents > Queue assign as Customer Service | Set Field Custom Field > OpenMethods Status assign as pre-initial
Incident,SetField,F04-Case Update,04-Team Lead Escalation from other States,Enabled,If (Incidents > Disposition  equals  Team Leads  AND  Incidents > Disposition  is modified this edit    AND  Incidents > Queue  equals  Team Leads  AND  Incidents > Queue  is modified this edit),Set Field Incidents > Status assign as Unresolved | Set Field Incidents > Assigned assign as null | Set Field Custom Field > OpenMethods Status assign as pre-initial
Incident,SetField,F04-Case Update,04-Team Lead Escalation,Enabled,"If (Incidents > Disposition  equals  Team Leads  AND  Incidents > Disposition  is modified this edit    AND  Custom Field > General Escalation Request  equals  Compliment, Flag Request , Free Order Request, Phone Messages, Snail Mail Request)",Set Field Incidents > Status assign as Unresolved | Set Field Incidents > Assigned assign as null | Set Field Incidents > Queue assign as Team Leads | Set Field Custom Field > Follow-Up Time equal to the value of Now | Set Field Custom Field > Follow-Up Time increment by +1 Hours Exactly | Set Field Custom Field > OpenMethods Status assign as pre-initial
Incident,SetField,F04-Case Update,F04-Rx Tiger Team Escalation,Enabled,If (Incidents > Disposition  equals  Rx Tiger Team  AND  Incidents > Disposition  is modified this edit),Set Field Incidents > Status assign as Unresolved | Set Field Incidents > Assigned assign as null | Set Field Incidents > Queue assign as Rx Tiger Team | Set Field Custom Field > Follow-Up Time equal to the value of Now | Set Field Custom Field > OpenMethods Status assign as pre-initial
Incident,SetField,F04-Case Update,04-Q&A Escalation,Enabled,If (Incidents > Disposition  equals  Q&A  AND  Incidents > Disposition  is modified this edit    AND  Incidents > Queue  not equals  Q&A),Set Field Incidents > Status assign as Unresolved | Set Field Incidents > Assigned assign as null | Set Field Incidents > Queue assign as Q&A | Set Field Custom Field > Follow-Up Time equal to the value of Now | Set Field Custom Field > OpenMethods Status assign as pre-initial
Incident,SetField,F04-Case Update,04 - Supervisor Escalation,Enabled,"If (Incidents > Disposition  equals  Managers  AND  Incidents > Queue  not equals  Supervisors, Unspecified  AND  Incidents > Disposition  is modified this edit    AND  Custom Field > General Escalation Request  equals  Compliment, Customer Call Back, Escalated Shipping Issues, Free Order Request, Local Purchase, Multiple Replacements, Phone Messages, Request for Manager, RX Inquiries, Manager Follow-Up, Transportation Issues, Vet Diet Inquiries)",Set Field Incidents > Status assign as Unresolved | Set Field Incidents > Assigned assign as null | Set Field Incidents > Queue assign as Supervisors
Incident,SetField,F04-Case Update,04-Team Lead Follow-Up,Enabled,"If (Incidents > Disposition  equals  Team Leads  AND  Incidents > Queue  not equals  Team Leads, Unspecified  AND  Incidents > Disposition  is modified this edit    AND  Custom Field > General Escalation Request  equals  Lead Follow-up)",Set Field Incidents > Status assign as Unresolved | Set Field Incidents > Assigned assign as null | Set Field Incidents > Queue assign as Team Leads | Set Field Custom Field > OpenMethods Status assign as pre-initial
Incident,SetField,F04-Case Update,04-Emails Resolved Not Sent,Enabled,"If (Incidents > Disposition  equals  Resolved  AND  Incidents > Disposition  is modified this edit    AND  Incidents > Channel  equals  Email, Outreach Email, Email  AND  Incidents > Response Sent  equals  No  AND  Incidents > Queue  equals  General Email, General Email Overflow, Customer Service, Unspecified  AND  Incidents > Status  not equals  Solved)",Set Field Incidents > Status assign as Unresolved | Set Field Incidents > Disposition assign as Unspecified | Set Field Custom Field > OpenMethods Status assign as pre-initial
Incident,SetField,F04-Case Update,04-Follow-Up Needed,Enabled,"If (Incidents > Disposition  equals  Follow-Up Needed  AND  Incidents > Disposition  is modified this edit    AND  Incidents > Queue  not equals  Insurance Chat, Insurance Email, Insurance Voice, Petscriptions Intake Form.Q2, PBC Follow Up.Q1, RxCS Follow-Up, RxCS Follow-Up Waiting, Rx Pharmacy Tech Call, Rx Pharmacy Tech Email)",Set Field Incidents > Status assign as Follow-Up | Set Field Incidents > Queue assign as Customer Service
Incident,SetField,F04-Case Update,04-OOS Disco Notification,Enabled,If (Incidents > Disposition  equals  OOS Disco Notification Sent  AND  Incidents > Queue  equals  Out Of Stock  AND  Incidents > Disposition  is modified this edit    AND  Custom Field > Supply Escalation Reason  equals  OOS Request  AND  Custom Field > SKU#  is not null    AND  Custom Field > Product Name  is not null    AND  Incidents > Status  not equals  Solved),Set Field Incidents > Status assign as Solved
Incident,SetField,F04-Case Update,04-Solve Case,Enabled,"If (Incidents > Disposition  equals  Resolved, Accidental Contact, No Action Needed, In Transit, Delivered, Replaced Order, Refunded Customer, 3rd Party Review, No Purchase, Offered RMA, Previously Resolved, Recommended Vet Contact, Frozen Release Cancel OB, OOS Notification Sent, OOS Disco Notification Sent, Confidence Check, Knowledge Gap, Valid Question, ON Approved, ON Denied, Accepted Recommendation, Canceled Order, Declined Recommendation, No Answer, Unauthorized purchase, Reseller/Dropshipper, Police Report, Compromised Account, General PAW Request/Inquiry, Flagged Customer, Did Not Flag Customer  AND  Incidents > Disposition  is modified this edit    AND  Incidents > Status  not equals  Waiting  AND  Incidents > Queue  not equals  CVC WOW, CVC WOW Flowers, CVC WOW Other, WOW, WOW Flowers, WOW Tea and Honey, WOW Baby/Pet Toy, WOW Logo, WOW RMA)",Set Field Incidents > Status assign as Solved
Incident,SetField,F04-Case Update,04-NPS Quick Solve,Enabled,If (Custom Field > Channel  equals  NPS  AND  Incidents > Status  is modified this edit    AND  Incidents > Status  equals  Solved  AND  Incidents > Category  equals  Unspecified  AND  Incidents > Disposition  equals  Unspecified),Set Field Incidents > Category assign as Positive Review | Set Field Incidents > Disposition assign as No Action Needed
Incident,SetField,F04-Case Update,04- Tiger Team Urgent,Enabled,"If (Incidents > Status  equals  Updated  AND  Incidents > Status  is modified this edit    AND  Incidents > Category  equals  Bad Image, Description Discrepancy, Ingredient Discrepancy, Title Discrepancy)",Set Field Incidents > Queue assign as Tiger Team Urgent Queue | Set Field Incidents > Assigned assign as null | Set Field Custom Field > OpenMethods Status assign as pre-initial
Incident,SetField,F04-Case Update,04-Team Lead CSR Escalation,Enabled,"If (Incidents > Disposition  equals  Team Leads  AND  Incidents > Queue  not equals  Team Leads, Unspecified  AND  Incidents > Disposition  is modified this edit    AND  Custom Field > General Escalation Request  equals  CSR Adjustment)",Set Field Incidents > Status assign as Solved | Set Field Incidents > Queue assign as Team Leads
Incident,SetField,F04-Case Update,F04- Get Real Escalation,Enabled,If ((  Incidents > Disposition  equals  Get Real  AND  Incidents > Disposition  is modified this edit   )),Set Field Incidents > Status assign as Updated | Set Field Incidents > Assigned assign as null | Set Field Incidents > Queue assign as Get Real | Set Field Custom Field > Transfer Date equal to the value of Now | Set Field Incidents > Mailbox assign as Chewy
Incident,SetField,F04-Case Update,F04-Cold Chain Escalation,Enabled,If (Incidents > Disposition  equals  Cold Chain  AND  Incidents > Disposition  is modified this edit),Set Field Incidents > Status assign as Updated | Set Field Incidents > Assigned assign as null | Set Field Incidents > Queue assign as Cold Chain | Set Field Custom Field > Transfer Date equal to the value of Now | Set Field Incidents > Mailbox assign as Chewy | Set Field Custom Field > OpenMethods Status assign as pre-initial
Incident,SetField,F04-Case Update,F04- Queue Catchall,Enabled,If (Incidents > Queue  is null),Set Field Incidents > Queue assign as Customer Service
Incident,SetField,F04-Case Update,Supply Catchall,Enabled,"If (Incidents > Disposition  equals  Supply  AND  Incidents > Disposition  is modified this edit    AND  Incidents > Queue  not equals  Supply, Supply Mailbox, Supply Planning, Supply Shipping, Supply Warehouse)",Set Field Incidents > Queue assign as Supply | Set Field Incidents > Assigned assign as Unspecified | Set Field Custom Field > OpenMethods Status assign as pre-initial | Set Field Incidents > Status assign as Unresolved
Incident,SetField,F05-NPS Routing,05-Positive Reviews,Disabled,If (Custom Field > NPS Rating  greater than  6  AND  Custom Field > Recommend to a friend  equals  Yes),Set Field Incidents > Disposition assign as No Action Needed | Set Field Incidents > Category assign as Positive Review | Set Field Incidents > Assigned assign as null | Set Field Incidents > Status assign as Solved
Incident,SetField,F05-NPS Routing,05-Negative Review,Enabled,If (Custom Field > Recommend to a friend  equals  Yes  OR  Custom Field > NPS Rating  is null),Set Field Incidents > Assigned assign as null | Set Field Custom Field > OpenMethods Status assign as pre-initial
Incident,SetField,F05-NPS Routing,05-No Recommendation,Enabled,If (Custom Field > Recommend to a friend  equals  No),Set Field Incidents > Assigned assign as null | Set Field Incidents > Status assign as Unresolved | Set Field Custom Field > OpenMethods Status assign as pre-initial
Incident,SetField,F06A-Reassign to Customer Service Queue,F06A-Unassign - Action,Enabled,"If (Incidents > Escalation Level  equals  Unassign  AND  Incidents > Previous Escalation Level  not equals  Unassign  AND  Incidents > Assigned  not equals  Unspecified  AND  Incidents > Status  equals  Unresolved, Waiting, Unspecified)",Set Field Incidents > Assigned assign as null
Incident,SetField,F06B-Reassign to Customer Service Queue,F06BUnassign for Updated Status - Action,Enabled,If (Incidents > Escalation Level  equals  Unassign Updated Status  AND  Incidents > Previous Escalation Level  not equals  Unassign Updated Status  AND  Incidents > Assigned  not equals  Unspecified  AND  Incidents > Status  equals  Updated),Set Field Incidents > Assigned assign as null
Incident,SetField,F06C-Reassign to Customer Service OM,F06C-Unassign - Action,Enabled,"If (Incidents > Escalation Level  equals  UnassignOM  AND  Incidents > Previous Escalation Level  not equals  UnassignOM  AND  Incidents > Assigned  not equals  Unspecified  AND  Incidents > Status  equals  Unresolved, Updated, Waiting, Unspecified)",Set Field Incidents > Assigned assign as null | Set Field Incidents > Queue assign as General Email Overflow | Set Field Custom Field > OpenMethods Status assign as initial | Set Field Custom Field > Agent Re-Open Date assign as
Incident,SetField,F06D-Reassign to Vet Diet OM,F06D-Unassign - Action,Enabled,"If (Incidents > Escalation Level  equals  UnassignVetDietOM  AND  Incidents > Previous Escalation Level  not equals  UnassignVetDietOM  AND  Incidents > Assigned  not equals  Unspecified  AND  Incidents > Status  equals  Unresolved, Updated, Waiting, Unspecified)",Set Field Incidents > Assigned assign as null | Set Field Custom Field > OpenMethods Status assign as pre-initial | Set Field Custom Field > Agent Re-Open Date assign as
Incident,SetField,F06D-Reassign to Vet Diet OM,F06D-Unassign Fax - Action,Enabled,"If (Incidents > Escalation Level  equals  UnassignVetDietFax  AND  Incidents > Previous Escalation Level  not equals  UnassignVetDietFax  AND  Incidents > Assigned  not equals  Unspecified  AND  Incidents > Status  equals  Unresolved, Updated, Waiting, Unspecified)",Set Field Incidents > Assigned assign as null | Set Field Custom Field > OpenMethods Status assign as pre-initial | Set Field Custom Field > Agent Re-Open Date assign as | Set Field Incidents > Queue assign as Vet Diet Priority Data Entry
Incident,SetField,F06E-Reassign to Pharmacy OM,F06E-Unassign - Action,Enabled,"If (Incidents > Escalation Level  equals  UnassignPharmacyOM  AND  Incidents > Previous Escalation Level  not equals  UnassignPharmacyOM  AND  Incidents > Assigned  not equals  Unspecified  AND  Incidents > Status  equals  Unresolved, Updated, Waiting, Unspecified  AND  Incidents > Queue  equals  ADHOC Pharmacy Queue, Rx AVP Priority Specialty Meds, Rx AVP Priority Specialty Meds Pending, Rx First Contact, Rx First Contact - AVP, Rx New Order, Rx New Order - AVP, Rx Partial Approvals, Rx Pharmacy Data Entry, Rx Pharmacy Data Entry – Onsite, Rx Pharmacy Data Entry - AVP, Rx Pharmacy DUR Correction, Rx Pharmacy DUR Correction - AVP, Rx Pharmacy Tech Fax Priority, Rx Priority Specialty Meds, Rx Priority Specialty Meds Pending, Rx Technician Follow-Up, Rx Technician Follow-Up - AVP, Rx Third Contact, Rx Third Contact - AVP, Rx Third Contact Pending, Rx Third Contact Pending - AVP)",Set Field Incidents > Assigned assign as null | Set Field Custom Field > OpenMethods Status assign as pre-initial | Set Field Custom Field > Agent Re-Open Date assign as
Incident,SetField,F06E-Reassign to Pharmacy OM,F06E – Unassign DUR – Action,Enabled,"If (Incidents > Escalation Level  equals  UnassignDUR  AND  Incidents > Previous Escalation Level  not equals  UnassignDUR  AND  Incidents > Assigned  is not null    AND  Incidents > Status  equals  Unspecified, Unresolved, Updated, Waiting  AND  Incidents > Queue  equals  Rx Pharmacy DUR, Rx Pharmacy DUR - AVP, Rx Priority DUR Queue, Rx TeleMed DUR)",Set Field Incidents > Assigned assign as Unspecified | Set Field Custom Field > OpenMethods Status assign as pre-initial | Set Field Custom Field > Agent Re-Open Date assign as
Incident,SetField,F06E-Reassign to Pharmacy OM,F06E - Unassign CSRX - Action,Enabled,"If (Incidents > Previous Escalation Level  not equals  UnassignHC  AND  Incidents > Escalation Level  equals  UnassignHC  AND  Incidents > Assigned  is not null    AND  Incidents > Status  equals  Unspecified, Follow-Up, Unresolved, Updated, Waiting  AND  Incidents > Queue  equals  Medications and Prescriptions, Rx Pharmacy Tech Email)",Set Field Incidents > Assigned assign as Unspecified | Set Field Custom Field > OpenMethods Status assign as pre-initial | Set Field Custom Field > Agent Re-Open Date assign as
Incident,SetField,F06f-Call Unassign Function Team Leads,F06F-Unassign TL - Action,Enabled,"If (Incidents > Escalation Level  equals  Team Lead Unassign Escalation  AND  Incidents > Previous Escalation Level  not equals  Team Lead Unassign Escalation  AND  Incidents > Assigned  not equals  Unspecified  AND  Incidents > Status  equals  Unresolved, Updated, Waiting, Unspecified)",Set Field Incidents > Assigned assign as null | Set Field Incidents > Queue assign as Team Leads | Set Field Custom Field > OpenMethods Status assign as pre-initial | Set Field Incidents > Status assign as Unresolved
Incident,SetField,F07-Team Lead Escalation,Team Lead - Action,Enabled,If (Incidents > Escalation Level  equals  Team Lead  AND  Incidents > Previous Escalation Level  not equals  Team Lead),Set Field Incidents > Queue assign as Team Leads | Set Field Incidents > Assigned assign as null | Set Field Custom Field > OpenMethods Status assign as pre-initial
Incident,SetField,F07A-Tiger Team Follow Up,Tiger Team Follow Up - Action,Enabled,If (Incidents > Escalation Level  equals  Tiger Team  AND  Incidents > Previous Escalation Level  not equals  Tiger Team),Set Field Incidents > Queue assign as Tiger Team Urgent Queue | Set Field Incidents > Assigned assign as null
Incident,SetField,F08-NPS or PDI Reassign to Queue,NPS or PDI Unassign - Action,Enabled,If (Incidents > Escalation Level  equals  NPS Unassign  AND  Incidents > Previous Escalation Level  not equals  NPS Unassign),Set Field Incidents > Assigned assign as null | Set Field Custom Field > OpenMethods Status assign as initial
Incident,SetField,F09-Update Shipping Carrier,09-Set Shipper Laser Ship,Enabled,"If (Custom Field > Tracking Number  contains  1LS  AND  Custom Field > Shipper  equals  Unspecified  AND  Incidents > Queue  equals  Supply, Supply Shipping, Supply Warehouse, PDI)",Set Field Custom Field > Shipper assign as Lasership
Incident,SetField,F09-Update Shipping Carrier,09-Set Shipper OnTrac,Enabled,"If (Custom Field > Tracking Number  contains  D1001  AND  Custom Field > Shipper  equals  Unspecified  AND  Incidents > Queue  equals  Supply, Supply Shipping, Supply Warehouse, PDI)",Set Field Custom Field > Shipper assign as OnTrac
Incident,SetField,F09-Update Shipping Carrier,09-Set Shipper FedEx,Enabled,"If (Custom Field > Tracking Number  does not contain  1LS  AND  Custom Field > Shipper  equals  Unspecified  AND  Incidents > Queue  equals  Supply, Supply Shipping, Supply Warehouse, PDI  AND  Custom Field > Tracking Number  does not contain  D1001)",Set Field Custom Field > Shipper assign as FedEx
Incident,SetField,F09-Update Shipping Carrier,09-Lasership Pullback Request,Enabled,"If (Custom Field > Shipper  equals  Lasership  AND  Custom Field > Supply Escalation Reason  equals  Pull-Back Request  AND  Custom Field > Tracking Status  is modified this edit    AND  Custom Field > Tracking Number  is not null    AND  Custom Field > Tracking Status  equals  In Transit, Out for Delivery, No Information Found)",Set Field Incidents > Status assign as Solved
Incident,SetField,F09-Update Shipping Carrier,09-OnTrac Pullback Request,Enabled,"If (Custom Field > Shipper  equals  OnTrac  AND  Custom Field > Supply Escalation Reason  equals  Pull-Back Request  AND  Custom Field > Tracking Status  is modified this edit    AND  Custom Field > Tracking Number  is not null    AND  Custom Field > Tracking Status  equals  In Transit, Out for Delivery, No Information Found)",Set Field Incidents > Status assign as Solved
Incident,SetField,F09-Update Shipping Carrier,09-FedEx Pullback Request,Enabled,"If (Custom Field > Shipper  equals  FedEx  AND  Custom Field > Supply Escalation Reason  equals  Pull-Back Request  AND  Custom Field > Tracking Status  is modified this edit    AND  Custom Field > Tracking Number  is not null    AND  Custom Field > Tracking Status  equals  In Transit, Out for Delivery, No Information Found)",Set Field Custom Field > Pullback Date equal to the value of Now | Set Field Incidents > Status assign as Solved
Incident,SetField,F09-Update Shipping Carrier,09-Lasership Reroute Request,Enabled,"If (Custom Field > Shipper  equals  Lasership  AND  Custom Field > Supply Escalation Reason  equals  Reroute Request  AND  Custom Field > Tracking Status  is modified this edit    AND  Custom Field > Tracking Number  is not null    AND  Custom Field > Tracking Status  equals  In Transit, Out for Delivery, No Information Found)",Set Field Incidents > Mailbox assign as Supply Mailbox | Set Field Incidents > Status assign as Solved
Incident,SetField,F09-Update Shipping Carrier,09-OnTrac Reroute Request,Enabled,"If (Custom Field > Shipper  equals  OnTrac  AND  Custom Field > Supply Escalation Reason  equals  Reroute Request  AND  Custom Field > Tracking Status  is modified this edit    AND  Custom Field > Tracking Number  is not null    AND  Custom Field > Tracking Status  equals  In Transit, Out for Delivery, No Information Found)",Set Field Incidents > Mailbox assign as Supply Mailbox | Set Field Incidents > Status assign as Solved
Incident,SetField,F09-Update Shipping Carrier,09-FedEx Reroute Request,Enabled,"If (Custom Field > Shipper  equals  FedEx  AND  Custom Field > Supply Escalation Reason  equals  Reroute Request  AND  Custom Field > Tracking Status  is modified this edit    AND  Custom Field > Tracking Number  is not null    AND  Custom Field > Tracking Status  equals  In Transit, Out for Delivery, No Information Found)",Set Field Incidents > Mailbox assign as Supply Mailbox | Set Field Custom Field > Pullback Date equal to the value of Now | Set Field Incidents > Status assign as Solved
Incident,SetField,F10-Pharmacy Vet Waiting,F10- Rx Waiting Touch 2 - Action,Disabled,If (Incidents > Escalation Level  equals  Pharmacy Waiting Touch 2  AND  Incidents > Previous Escalation Level  not equals  Pharmacy Waiting Touch 2  AND  Incidents > Disposition  equals  Pending Second Contact  AND  Incidents > Queue  equals  Rx Waiting Queue  AND  Incidents > Status  equals  Waiting),Set Field Incidents > Queue assign as Rx Second Contact Pending | Set Field Incidents > Assigned assign as null | Set Field Incidents > Status assign as Unresolved | Set Field Custom Field > OpenMethods Status assign as pre-initial
Incident,SetField,F10-Pharmacy Vet Waiting,F10- Rx SDF Waiting Touch 2 - Action,Enabled,If (Incidents > Escalation Level  equals  Pharmacy Waiting Touch 2  AND  Incidents > Previous Escalation Level  not equals  Pharmacy Waiting Touch 2  AND  Incidents > Escalation Level  is modified this edit    AND  Custom Field > Channel  not equals  Gabapentin),Set Field Incidents > Queue assign as Rx Third Contact Pending | Set Field Incidents > Status assign as Unresolved | Set Field Custom Field > OpenMethods Status assign as pre-initial | Set Field Incidents > Disposition assign as Pending Third Contact
Incident,SetField,F10-Pharmacy Vet Waiting,F10- Rx AVP Waiting Touch 2 - Action,Enabled,If (Incidents > Escalation Level  equals  Pharmacy Waiting Touch 2  AND  Incidents > Previous Escalation Level  not equals  Pharmacy Waiting Touch 2  AND  Incidents > Escalation Level  is modified this edit    AND  Custom Field > Channel  equals  Gabapentin),Set Field Incidents > Queue assign as Rx Third Contact Pending - AVP | Set Field Incidents > Status assign as Unresolved | Set Field Custom Field > OpenMethods Status assign as pre-initial | Set Field Incidents > Disposition assign as Pending Third Contact
Incident,SetField,F10-Pharmacy Vet Waiting,F10- Rx Waiting Touch 3 - Action,Disabled,If (Incidents > Escalation Level  equals  Pharmacy Waiting Touch 3  AND  Incidents > Previous Escalation Level  not equals  Pharmacy Waiting Touch 3  AND  Incidents > Disposition  equals  Pending Third Contact  AND  Incidents > Queue  equals  Rx Waiting Queue  AND  Incidents > Status  equals  Waiting),Set Field Incidents > Queue assign as Rx Third Contact Pending | Set Field Incidents > Assigned assign as null | Set Field Incidents > Status assign as Unresolved | Set Field Custom Field > OpenMethods Status assign as pre-initial
Incident,SetField,F10-Pharmacy Vet Waiting,F10- Rx SDF Waiting Touch 3 - Action,Enabled,If (Incidents > Escalation Level  equals  Pharmacy Waiting Touch 3  AND  Incidents > Previous Escalation Level  not equals  Pharmacy Waiting Touch 3  AND  Incidents > Escalation Level  is modified this edit    AND  Custom Field > Channel  not equals  Gabapentin),Set Field Incidents > Queue assign as Rx Third Contact Pending | Set Field Incidents > Status assign as Unresolved | Set Field Custom Field > OpenMethods Status assign as pre-initial
Incident,SetField,F10-Pharmacy Vet Waiting,F10- Rx AVP Waiting Touch 3 - Action,Enabled,If (Incidents > Escalation Level  equals  Pharmacy Waiting Touch 3  AND  Incidents > Previous Escalation Level  not equals  Pharmacy Waiting Touch 3  AND  Incidents > Escalation Level  is modified this edit    AND  Custom Field > Channel  equals  Gabapentin),Set Field Incidents > Queue assign as Rx Third Contact Pending - AVP | Set Field Incidents > Status assign as Unresolved | Set Field Custom Field > OpenMethods Status assign as pre-initial
Incident,SetField,F10-Pharmacy Vet Waiting,F10- Rx Pending Reship - Action,Enabled,If (Incidents > Escalation Level  equals  Pharmacy Pending Reship  AND  Incidents > Disposition  equals  Pending Reship  AND  Incidents > Queue  equals  Rx Waiting Queue  AND  Incidents > Status  equals  Waiting  AND  Custom Field > Channel  not equals  Gabapentin),Set Field Incidents > Queue assign as Rx Reship Queue | Set Field Incidents > Assigned assign as null | Set Field Incidents > Status assign as Unresolved
Incident,SetField,F10-Pharmacy Vet Waiting,F10- Rx Pending Reship - AVP - Gaba - Action,Enabled,If (Incidents > Escalation Level  equals  Rx Pharmacy Pending Reship AVP  AND  Incidents > Disposition  equals  Pending Reship  AND  Incidents > Queue  equals  Rx Waiting Queue  AND  Incidents > Status  equals  Waiting  AND  Custom Field > Channel  equals  Gabapentin),Set Field Incidents > Queue assign as Rx Reship Ready - AVP | Set Field Incidents > Assigned assign as null | Set Field Incidents > Status assign as Unresolved
Incident,SetField,F10-Pharmacy Vet Waiting,F10- Rx Waiting LS Touch 2 - Action,Disabled,If (Incidents > Escalation Level  equals  Pharmacy Waiting Touch LS 2  AND  Incidents > Previous Escalation Level  not equals  Pharmacy Waiting Touch LS 2  AND  Incidents > Disposition  equals  Pending LS Second Contact  AND  Incidents > Queue  equals  Rx Waiting Queue  AND  Incidents > Status  equals  Waiting),Set Field Incidents > Queue assign as Rx Priority Specialty Meds Pending | Set Field Incidents > Assigned assign as null | Set Field Incidents > Status assign as Unresolved | Set Field Custom Field > OpenMethods Status assign as pre-initial
Incident,SetField,F10-Pharmacy Vet Waiting,F10- Rx SDF Waiting LS Touch 2 - Action,Enabled,If (Incidents > Escalation Level  equals  Pharmacy Waiting Touch LS 2  AND  Incidents > Previous Escalation Level  not equals  Pharmacy Waiting Touch LS 2  AND  Incidents > Disposition  equals  Pending LS Second Contact  AND  Incidents > Queue  equals  Rx Waiting Queue  AND  Incidents > Status  equals  Waiting  AND  Custom Field > Channel  not equals  Gabapentin),Set Field Incidents > Queue assign as Rx Priority Specialty Meds Pending | Set Field Incidents > Assigned assign as null | Set Field Incidents > Status assign as Unresolved | Set Field Custom Field > OpenMethods Status assign as pre-initial | Set Field Incidents > Disposition assign as Pending LS Third Contact
Incident,SetField,F10-Pharmacy Vet Waiting,F10- Rx AVP Waiting LS Touch 2 - Action,Enabled,If (Incidents > Escalation Level  equals  Pharmacy Waiting Touch LS 2  AND  Incidents > Previous Escalation Level  not equals  Pharmacy Waiting Touch LS 2  AND  Incidents > Disposition  equals  Pending LS Second Contact  AND  Incidents > Queue  equals  Rx Waiting Queue  AND  Custom Field > Channel  equals  Gabapentin),Set Field Incidents > Queue assign as Rx AVP Priority Specialty Meds Pending | Set Field Incidents > Assigned assign as null | Set Field Incidents > Status assign as Unresolved | Set Field Custom Field > OpenMethods Status assign as pre-initial | Set Field Incidents > Disposition assign as Pending LS Third Contact
Incident,SetField,F10-Pharmacy Vet Waiting,F10- Rx Waiting LS Touch 3 - Action,Disabled,If (Incidents > Escalation Level  equals  Pharmacy Waiting Touch LS 3  AND  Incidents > Previous Escalation Level  not equals  Pharmacy Waiting Touch LS 3  AND  Incidents > Disposition  equals  Pending LS Third Contact  AND  Incidents > Queue  equals  Rx Waiting Queue),Set Field Incidents > Queue assign as Rx Priority Specialty Meds Pending | Set Field Incidents > Assigned assign as null | Set Field Incidents > Status assign as Unresolved | Set Field Custom Field > OpenMethods Status assign as pre-initial
Incident,SetField,F10-Pharmacy Vet Waiting,F10- Rx SDF Waiting LS Touch 3 - Action,Enabled,If (Incidents > Escalation Level  equals  Pharmacy Waiting Touch LS 3  AND  Incidents > Previous Escalation Level  not equals  Pharmacy Waiting Touch LS 3  AND  Incidents > Disposition  equals  Pending LS Third Contact  AND  Incidents > Queue  equals  Rx Waiting Queue  AND  Custom Field > Channel  not equals  Gabapentin),Set Field Incidents > Queue assign as Rx Priority Specialty Meds Pending | Set Field Incidents > Assigned assign as null | Set Field Incidents > Status assign as Unresolved | Set Field Custom Field > OpenMethods Status assign as pre-initial
Incident,SetField,F10-Pharmacy Vet Waiting,F10- Rx AVP Waiting LS Touch 3 - Action,Enabled,If (Incidents > Escalation Level  equals  Pharmacy Waiting Touch LS 3  AND  Incidents > Previous Escalation Level  not equals  Pharmacy Waiting Touch LS 3  AND  Incidents > Disposition  equals  Pending LS Third Contact  AND  Incidents > Queue  equals  Rx Waiting Queue  AND  Custom Field > Channel  equals  Gabapentin),Set Field Incidents > Queue assign as Rx AVP Priority Specialty Meds Pending | Set Field Incidents > Assigned assign as null | Set Field Incidents > Status assign as Unresolved | Set Field Custom Field > OpenMethods Status assign as pre-initial
Incident,SetField,F10-Pharmacy Vet Waiting,F10- Rx Waiting LS 24 - Action,Enabled,If (Incidents > Escalation Level  equals  Pharmacy Waiting LS 24 Cancel  AND  Incidents > Disposition  equals  Pending LS 24 Hour  AND  Incidents > Queue  equals  Rx Waiting Queue  AND  Incidents > Status  equals  Waiting),Set Field Incidents > Queue assign as Rx Cancellation | Set Field Incidents > Assigned assign as null | Set Field Incidents > Status assign as Unresolved
Incident,SetField,F10-Pharmacy Vet Waiting,F10- Rx Auto Touch 2- Chain,Enabled,"If (Incidents > Status  equals  Waiting  AND  Incidents > Escalation Level  not equals  Pharmacy Waiting Touch 2.0  AND  Incidents > Source  equals  CX Console, Techmail - Service Mailbox, Public API, Data Import, Web Console  AND  Incidents > Queue  equals  Rx Waiting Queue  AND  Incidents > Disposition  equals  Pending Auto-Second Contact  AND  Incidents > Disposition  is modified this edit)",Set Field Custom Field > OpenMethods Status assign as accepted
Incident,SetField,F10-Pharmacy Vet Waiting,F10- Rx Auto Touch 2 - Action,Enabled,If (Incidents > Escalation Level  equals  Pharmacy Waiting Touch 2.0  AND  Incidents > Previous Escalation Level  not equals  Pharmacy Waiting Touch 2.0  AND  Incidents > Disposition  equals  Pending Auto-Second Contact  AND  Incidents > Queue  equals  Rx Waiting Queue  AND  Incidents > Status  equals  Waiting),Set Field Incidents > Assigned assign as null | Set Field Incidents > Status assign as Waiting | Set Field Incidents > Disposition assign as Pending Auto-Third Contact
Incident,SetField,F10-Pharmacy Vet Waiting,F10- Rx Auto Touch 3 - Action,Enabled,If (Incidents > Escalation Level  equals  Pharmacy Waiting Touch 3.0  AND  Incidents > Previous Escalation Level  not equals  Pharmacy Waiting Touch 3.0  AND  Incidents > Disposition  equals  Pending Auto-Third Contact  AND  Incidents > Queue  equals  Rx Waiting Queue  AND  Incidents > Status  equals  Waiting),Set Field Incidents > Assigned assign as null | Set Field Incidents > Disposition assign as Pending 24 Hour Cancellation
Incident,SetField,F10-Pharmacy Vet Waiting,F10- Rx Partial No Touch – Action,Enabled,"If (Incidents > Escalation Level  equals  RX Partial Approval AVP, RX Partial Approval SDF  AND  Incidents > Queue  equals  Rx Third Contact, Rx Third Contact Pending, Rx Third Contact - AVP, Rx Third Contact Pending - AVP, Rx Waiting Queue  AND  Incidents > Disposition  equals  Pending Third Contact  AND  Incidents > Category  equals  Partial Approval)",Set Field Incidents > Queue assign as Rx Partial Approvals | Set Field Incidents > Status assign as Unresolved | Set Field Custom Field > OpenMethods Status assign as pre-initial
Incident,SetField,F10-Pharmacy Vet Waiting,F10- Rx Waiting Move To Cancel - Action,Enabled,If (Incidents > Escalation Level  equals  Pharmacy Waiting Move To Cancel  AND  Incidents > Disposition  equals  Pending 24 Hour Cancellation  AND  Incidents > Queue  equals  Rx Waiting Queue),Set Field Incidents > Queue assign as Rx Cancellation | Set Field Incidents > Assigned assign as null | Set Field Incidents > Status assign as Unresolved
Incident,SetField,F10-Pharmacy Vet Waiting,F10-Pharmacy Auto No Touch - Action,Disabled,"If (Incidents > Escalation Level  equals  null  AND  Incidents > Queue  equals  Rx Third Contact, Rx Third Contact Pending  AND  Incidents > Disposition  equals  Pending Auto-Third Contact)",Set Field Incidents > Queue assign as Rx Waiting Queue | Set Field Incidents > Status assign as Waiting | Set Field Incidents > Disposition assign as Pending 24 Hour Cancellation
Incident,SetField,F11-Pharmacy Client Waiting,F11-Pharmacy Client Waiting - Action,Disabled,If (Incidents > Escalation Level  equals  Pharmacy Client Waiting  AND  Incidents > Previous Escalation Level  not equals  Pharmacy Client Waiting  AND  Incidents > Disposition  equals  Pending Client-General),Set Field Incidents > Queue assign as Rx Pending Client Info | Set Field Incidents > Assigned assign as null | Set Field Incidents > Status assign as Unresolved
Incident,SetField,F11-Pharmacy Client Waiting,F11-Pharmacy Aged Order - Action,Enabled,If (Incidents > Escalation Level  equals  Rx Aged Orders  AND  Incidents > Escalation Level  is modified this edit),Set Field Incidents > Queue assign as Rx Aged Order | Set Field Incidents > Assigned assign as null | Set Field Incidents > Status assign as Unresolved | Set Field Incidents > Disposition assign as Unspecified
Incident,SetField,F12-Workforce Routing,F12-Schedule Routing,Enabled,If (Incidents > Subject  contains  Schedule  AND  Incidents > Mailbox  equals  null  AND  Incidents > Subject  does not contain  Workshop  AND  Incidents > Subject  does not contain  Cross),Set Field Incidents > Category assign as Schedule Requests
Incident,SetField,F12-Workforce Routing,F12-Missed Punches,Enabled,If ((  Incidents > Subject  match regex  Missed Punch  OR  Incidents > Subject  match regex  Missed Punches  OR  Incidents > Subject  match regex  Missed Clock Out  OR  Incidents > Subject  match regex  Missed Clock In )  AND  Incidents > Mailbox  equals  null),Set Field Incidents > Category assign as Missed Punches
Incident,SetField,F12-Workforce Routing,F12-Time Off,Enabled,If ((  Incidents > Subject  match regex  Vacation  OR  Incidents > Subject  match regex  Time Off  OR  Incidents > Subject  match regex  PTO )  AND  Incidents > Mailbox  equals  null),Set Field Incidents > Category assign as Time Off Request
Incident,SetField,F12-Workforce Routing,F12-Termination/Role Changes,Enabled,If ((  Incidents > Subject  match regex  Termination  OR  Incidents > Subject  match regex  Status Change )  AND  Incidents > Mailbox  equals  null),Set Field Incidents > Category assign as Terminations/Role Changes
Incident,SetField,F12-Workforce Routing,F12-Cross Training Routing,Enabled,If ((  Incidents > Subject  match regex  Cross Training  OR  Incidents > Subject  match regex  Workshop  OR  Incidents > Subject  match regex  Crosstraining  OR  Incidents > Subject  match regex  Brand )  AND  Incidents > Mailbox  equals  null),Set Field Incidents > Category assign as Cross Training Scheduling
Incident,SetField,F12-Workforce Routing,F12-Seating Routing,Enabled,If ((  Incidents > Subject  match regex  Seating  OR  Incidents > Subject  match regex  Seat )  AND  Incidents > Mailbox  equals  null),Set Field Incidents > Category assign as Seating
Incident,SetField,F12-Workforce Routing,F12-OT VTO Shift Swap,Enabled,If ((  Incidents > Subject  match regex  OT  OR  Incidents > Subject  match regex  Overtime  OR  Incidents > Subject  match regex  VTO  OR  Incidents > Subject  match regex  Shift Swap )  AND  Incidents > Mailbox  equals  null  AND  Incidents > Subject  does not contain  Note),Set Field Incidents > Category assign as OT/VTO/Shift Swap
Incident,SetField,F12-Workforce Routing,F12-System Inquiries,Enabled,If ((  Incidents > Subject  match regex  System  OR  Incidents > Subject  match regex  Kronos  OR  Incidents > Subject  match regex  Calabrio )  AND  Incidents > Mailbox  equals  null),"Set Field Incidents > Category assign as System Inquiries(Calabrio, Oracle, Finesse)"
Incident,SetField,F12-Workforce Routing,F12-Payroll,Enabled,If ((  Incidents > Subject  match regex  Payroll  OR  Incidents > Subject  match regex  Paycheck  OR  Incidents > Subject  match regex  Check  OR  Incidents > Subject  match regex  Pay )  AND  Incidents > Mailbox  equals  null),Set Field Incidents > Category assign as Payroll
Incident,SetField,F12-Workforce Routing,F12-HR Documentation,Enabled,If ((  Incidents > Subject  match regex  HR  OR  Incidents > Subject  match regex  Doctor  OR  Incidents > Subject  match regex  Doctor's  OR  Incidents > Subject  match regex  Doctors  OR  Incidents > Subject  equals  Paperwork )  AND  Incidents > Mailbox  equals  null),Set Field Incidents > Category assign as HR Documentation
Incident,SetField,F12-Workforce Routing,F12-Cat Contracting,Enabled,If ((  Incidents > Subject  match regex  Contractor  OR  Incidents > Subject  match regex  CAT Team  OR  Incidents > Subject  match regex  Cardwriter  OR  Incidents > Subject  match regex  CAT )  AND  Incidents > Mailbox  equals  null),Set Field Incidents > Category assign as CAT Team Contracting
Incident,SetField,F12-Workforce Routing,F12-Reporting,Enabled,If ((  Incidents > Subject  match regex  Reporting  OR  Incidents > Subject  match regex  Reports  OR  Incidents > Subject  match regex  Report )  AND  Incidents > Mailbox  equals  null),Set Field Incidents > Category assign as Reporting
Incident,SetField,F12-Workforce Routing,F12-Service Avoidance,Enabled,If ((  Incidents > Subject  match regex  Service Avoidance  OR  Incidents > Subject  match regex  Not taking phone calls )  AND  Incidents > Mailbox  equals  null),Set Field Incidents > Category assign as Service Avoidance
Incident,SetField,F12-Workforce Routing,F12-Attendance,Enabled,If (Incidents > Subject  match regex  Attendance  AND  Incidents > Mailbox  equals  null),Set Field Incidents > Category assign as Attendance Notifications
Incident,SetField,F12-Workforce Routing,F12-Training Routing,Enabled,If (Incidents > Subject  match regex  Training  AND  Incidents > Mailbox  equals  null),Set Field Incidents > Category assign as Training Class
Incident,SetField,F12-Workforce Routing,F12-Catch All Other,Enabled,If (Incidents > Mailbox  equals  null  AND  Incidents > Category  equals  Unspecified),Set Field Incidents > Category assign as Other
Incident,SetField,F13-Workforce Updates,F13-WFM Unassigned,Enabled,"If (Incidents > Disposition  is modified this edit    AND  Incidents > Disposition  equals  Workforce Update, Approved, Denied, Pending  AND  Incidents > Category  equals  Workforce Management  AND  Incidents > Queue  equals  WFM  AND  Incidents > Status  not equals  Unresolved, Updated, Waiting)",Set Field Incidents > Assigned assign as null | Set Field Incidents > Status assign as Unresolved
Incident,SetField,F13-Workforce Updates,F13-WFM Complete,Enabled,If (Incidents > Disposition  is modified this edit    AND  Incidents > Disposition  equals  Complete  AND  Incidents > Category  equals  Workforce Management),Set Field Incidents > Status assign as Solved
Incident,SetField,F14-Central Scheduling,F14-Set MCO Mailbox,Disabled,"If (Incidents > Mailbox  equals  Unspecified  AND  Incidents > Source  equals  End-User Pages  AND  Custom Field > FC Name  equals  MCO1-Ocala, FL)",Set Field Incidents > Mailbox assign as null
Incident,SetField,F14-Central Scheduling,F14-Set EFC Mailbox,Disabled,"If (Incidents > Mailbox  equals  Unspecified  AND  Incidents > Source  equals  End-User Pages  AND  Custom Field > FC Name  equals  AVP1-Wilkes-Barre, PA, CFC1-Clayton, IN, DAY1-Dayton, OH, DFW1-Dallas, TX, EFC3-Mechanicsburg, PA, PHX1-Goodyear, AZ, SDF1-Louisville, KY, WFC2-McCarran, NV)",Set Field Incidents > Mailbox assign as null
Incident,SetField,F14-Central Scheduling,F14-Send Confirmation Email - Action,Enabled,"If (Custom Field > Request Type  equals  Create or Modify Appointment, Reschedule Appt  AND  Custom Field > Sign Off  equals  Send Confirmation  AND  Incidents > Category  equals  Unspecified  AND  Incidents > Escalation Level  equals  Carrier Portal Confirmation)",Set Field Custom Field > Sign Off assign as
Incident,SetField,F14-Central Scheduling,F14-Central Scheduling Complete,Enabled,If (Incidents > Disposition  is modified this edit    AND  Incidents > Disposition  equals  No Action Needed),Set Field Incidents > Status assign as Solved
Incident,SetField,F15-Petscription Auth Retries,F15-Petscription Auth Retries - Stop,Enabled,If ([No Value]  equals  None  AND  Custom Field > Prescription Auth Retry Count  greater than  4),Set Field Incidents > Queue assign as Rx Pharmacy DUR | Set Field [No Value] assign as No
Incident,SetField,F19-Parse Thread for Routing,F19- Rx OCR2 Complete,Enabled,"If (Custom Field > OCR State  equals  OCR Completed, Post OCR Complete, [V2] OCR Completed, [V2] OCR Failed  AND  Incidents > Queue  equals  Rx Pharmacy Fax Pending OCR  AND  Orders > OrderId  is not null)",Set Field Incidents > Queue assign as Rx Pharmacy Data Entry | Set Field Incidents > Disposition assign as Unspecified | Set Field Custom Field > OpenMethods Status assign as Pending Contact Sync
Incident,SetField,F19-Parse Thread for Routing,F19 - RX Pharmacy OCR2 Complete,Disabled,"If (Custom Field > OCR State  equals  OCR Completed, Post OCR Complete, [V2] OCR Completed, [V2] OCR Failed  AND  Incidents > Queue  equals  Rx Pharmacy Fax Pending OCR  AND  Orders > OrderId  is not null)",Set Field Incidents > Queue assign as Rx Pharmacy Data Entry | Set Field Incidents > Disposition assign as Unspecified | Set Field Custom Field > OpenMethods Status assign as pre-initial
Incident,SetField,F19-Parse Thread for Routing,F19 - Rx Pharmacy Null Order OCR2,Enabled,"If (Custom Field > OCR State  equals  OCR Completed, Post OCR Complete, [V2] OCR Completed, [V2] OCR Failed  AND  Incidents > Queue  equals  Rx Pharmacy Fax Pending OCR  AND  Orders > OrderId  is null)",Set Field Incidents > Queue assign as Rx Pharmacy Data Entry - AVP | Set Field Incidents > Disposition assign as Unspecified | Set Field Custom Field > OpenMethods Status assign as pre-initial
Incident,SetField,F19-Parse Thread for Routing,F19 - RX Order Number is Null,Enabled,If (Incidents > Customer thread  match regex  Rx Order Number: Null  AND  Incidents > Queue  equals  Rx Pharmacy Fax Pending OCR  AND  Incidents > Customer thread  does not match regex  Order ID: Null),Set Field Incidents > Queue assign as Rx Clinic Emails | Set Field Incidents > Disposition assign as Unspecified | Set Field Custom Field > OpenMethods Status assign as pre-initial
Incident,SetField,F20-Vet Approval Hub Update,F20- Vet Approval Hub Soft Declines,Enabled,If (Incidents > Disposition  is modified this edit    AND  Incidents > Disposition  equals  Approval Hub Wrong Clinic),Set Field Incidents > Queue assign as RX Approval Hub Wrong Clinic | Set Field Incidents > Disposition assign as Unspecified
Incident,SetField,F20-Vet Approval Hub Update,F20 - Dirty Rx Queue,Enabled,If (Incidents > Queue  is modified this edit    AND  Incidents > Queue  equals  Rx Dirty Queue),Set Field Incidents > Assigned assign as null | Set Field Incidents > Status assign as Unresolved | Set Field Incidents > Disposition assign as Unspecified
Incident,SetField,F20-Vet Approval Hub Update,F20- Pharmacy Vet Hub - Chain,Enabled,"If (Incidents > Status  equals  Waiting  AND  Incidents > Escalation Level  not equals  Pharmacy Vet Hub  AND  Incidents > Source  equals  CX Console, Techmail - Service Mailbox, Public API, Data Import, Web Console  AND  Incidents > Queue  equals  Rx Waiting Queue  AND  Incidents > Disposition  equals  Pending Second Contact, Pending Third Contact, Pending Fourth Contact, Pending 24 Hour Cancellation  AND  Custom Field > Channel  equals  Approval Hub)",Set Field Custom Field > OpenMethods Status assign as accepted
Incident,SetField,F20-Vet Approval Hub Update,F20- Pharmacy Vet Hub - Action,Enabled,"If (Incidents > Escalation Level  equals  Pharmacy Vet Hub  AND  Incidents > Disposition  equals  Pending Second Contact, Pending Third Contact, Pending Fourth Contact, Pending 24 Hour Cancellation  AND  Incidents > Queue  equals  Rx Waiting Queue  AND  Custom Field > Channel  equals  Approval Hub)",Set Field Incidents > Queue assign as RX Approval Hub Orders | Set Field Incidents > Assigned assign as null | Set Field Incidents > Status assign as Unresolved
Incident,SetField,F20-Vet Approval Hub Update,F20- Approval Hub Touch 3- Action,Enabled,"If (Incidents > Escalation Level  is modified this edit    AND  Incidents > Escalation Level  equals  Approval Hub Touch 3  AND  Incidents > Queue  not equals  Rx Nevada DUR, Rx Pharmacy DUR, Rx Pharmacy DUR - AVP, Rx Priority DUR Queue, Rx TeleMed DUR  AND  Incidents > Disposition  equals  Pending Second Contact, Pending Third Contact, Pending Fourth Contact)",Set Field Incidents > Disposition assign as Pending 24 Hour Cancellation
Incident,SetField,F20-Vet Approval Hub Update,F20- Rx Waiting 24 Cancel - Action,Enabled,If (Incidents > Escalation Level  equals  Approval Hub 24-hr Cancel  AND  Incidents > Previous Escalation Level  not equals  Approval Hub 24-hr Cancel  AND  Incidents > Escalation Level  is modified this edit    AND  Incidents > Disposition  equals  Pending 24 Hour Cancellation),Set Field Incidents > Queue assign as Rx Cancellation | Set Field Incidents > Status assign as Unresolved
Incident,SetField,F21-Pharmacy Client Mailer,F21-Pharmacy Mailer First - Action,Enabled,If (Incidents > Escalation Level  equals  Pharmacy Client Mailer  AND  Incidents > Previous Escalation Level  not equals  Pharmacy Client Mailer  AND  Incidents > Disposition  equals  Pending Client-Mailer),Set Field Incidents > Queue assign as Rx Pending Client : CMM | Set Field Incidents > Assigned assign as null | Set Field Incidents > Status assign as Unresolved
Incident,SetField,F21-Pharmacy Client Mailer,F21-Pharmacy Mailer Second - Chain,Enabled,"If (Incidents > Status  equals  Waiting  AND  Incidents > Escalation Level  not equals  Pharmacy Client Mailer Second  AND  Incidents > Source  equals  CX Console, Techmail - Service Mailbox, Public API, Data Import, Web Console  AND  Incidents > Queue  equals  Rx Waiting Queue  AND  Incidents > Disposition  equals  Pending Client-Mailer  AND  Incidents > Category  equals  First Contact Sent  AND  Custom Field > Sign Off  equals  CMM First Notification Sent)",Set Field Custom Field > Transfer Date equal to the value of Now
Incident,SetField,F21-Pharmacy Client Mailer,F21-Pharmacy Mailer Second - Action,Enabled,If (Incidents > Escalation Level  equals  Pharmacy Client Mailer Second  AND  Incidents > Previous Escalation Level  not equals  Pharmacy Client Mailer Second  AND  Incidents > Disposition  equals  Pending Client-Mailer  AND  Incidents > Category  equals  First Contact Sent  AND  Custom Field > Sign Off  equals  CMM First Notification Sent  AND  Custom Field > Channel  not equals  Gabapentin),Set Field Incidents > Category assign as Second Contact Sent | Set Field Custom Field > Sign Off assign as CMM Second Notification Sent
Incident,SetField,F21-Pharmacy Client Mailer,F21-Pharmacy Mailer Second - Action Gaba,Enabled,If (Incidents > Escalation Level  equals  Pharmacy Client Mailer Second  AND  Incidents > Previous Escalation Level  not equals  Pharmacy Client Mailer Second  AND  Incidents > Disposition  equals  Pending Client-Mailer  AND  Incidents > Category  equals  First Contact Sent  AND  Custom Field > Sign Off  equals  CMM First Notification Sent  AND  Custom Field > Channel  equals  Gabapentin),Set Field Incidents > Category assign as Second Contact Sent | Set Field Custom Field > Sign Off assign as CMM Second Notification Sent
Incident,SetField,F21-Pharmacy Client Mailer,F21-Pharmacy Mailer Third - Action,Enabled,If (Incidents > Escalation Level  equals  Pharmacy Client Mailer Third  AND  Incidents > Previous Escalation Level  not equals  Pharmacy Client Mailer Third  AND  Incidents > Disposition  equals  Pending Client-Mailer  AND  Incidents > Category  equals  Second Contact Sent  AND  Custom Field > Sign Off  equals  CMM Second Notification Sent  AND  Custom Field > Channel  not equals  Gabapentin),Set Field Incidents > Category assign as Third Contact Sent | Set Field Custom Field > Sign Off assign as CMM Third Notification Sent
Incident,SetField,F21-Pharmacy Client Mailer,F21-Pharmacy Mailer Third - Action Gaba,Enabled,If (Incidents > Escalation Level  equals  Pharmacy Client Mailer Third  AND  Incidents > Previous Escalation Level  not equals  Pharmacy Client Mailer Third  AND  Incidents > Disposition  equals  Pending Client-Mailer  AND  Incidents > Category  equals  Second Contact Sent  AND  Custom Field > Sign Off  equals  CMM Second Notification Sent  AND  Custom Field > Channel  equals  Gabapentin),Set Field Incidents > Category assign as Third Contact Sent | Set Field Custom Field > Sign Off assign as CMM Third Notification Sent
Incident,SetField,F21-Pharmacy Client Mailer,F21-Pharmacy Mailer Fourth - Action,Enabled,If (Incidents > Escalation Level  equals  Pharmacy Client Mailer Fourth  AND  Incidents > Previous Escalation Level  not equals  Pharmacy Client Mailer Fourth  AND  Incidents > Disposition  equals  Pending Client-Mailer  AND  Incidents > Category  equals  Third Contact Sent  AND  Custom Field > Sign Off  equals  CMM Third Notification Sent  AND  Custom Field > Channel  not equals  Gabapentin),Set Field Incidents > Category assign as Fourth Contact Sent | Set Field Custom Field > Sign Off assign as CMM Fourth Notification Sent
Incident,SetField,F21-Pharmacy Client Mailer,F21-Pharmacy Mailer Fourth - Action Gaba,Enabled,If (Incidents > Escalation Level  equals  Pharmacy Client Mailer Fourth  AND  Incidents > Previous Escalation Level  not equals  Pharmacy Client Mailer Fourth  AND  Incidents > Disposition  equals  Pending Client-Mailer  AND  Incidents > Category  equals  Third Contact Sent  AND  Custom Field > Sign Off  equals  CMM Third Notification Sent  AND  Custom Field > Channel  equals  Gabapentin),Set Field Incidents > Category assign as Fourth Contact Sent | Set Field Custom Field > Sign Off assign as CMM Fourth Notification Sent
Incident,SetField,F21-Pharmacy Client Mailer,F21-Pharmacy Mailer Fifth - Action,Enabled,If (Incidents > Escalation Level  equals  Pharmacy Client Mailer Fifth  AND  Incidents > Previous Escalation Level  not equals  Pharmacy Client Mailer Fifth  AND  Incidents > Disposition  equals  Pending Client-Mailer  AND  Incidents > Category  equals  Fourth Contact Sent  AND  Custom Field > Sign Off  equals  CMM Fourth Notification Sent  AND  Custom Field > Channel  not equals  Gabapentin),Set Field Incidents > Category assign as Fifth Contact Sent | Set Field Custom Field > Sign Off assign as CMM Fifth Notification Sent
Incident,SetField,F21-Pharmacy Client Mailer,F21-Pharmacy Mailer Fifth - Action Gaba,Enabled,If (Incidents > Escalation Level  equals  Pharmacy Client Mailer Fifth  AND  Incidents > Previous Escalation Level  not equals  Pharmacy Client Mailer Fifth  AND  Incidents > Disposition  equals  Pending Client-Mailer  AND  Incidents > Category  equals  Fourth Contact Sent  AND  Custom Field > Sign Off  equals  CMM Fourth Notification Sent  AND  Custom Field > Channel  equals  Gabapentin),Set Field Incidents > Category assign as Fifth Contact Sent | Set Field Custom Field > Sign Off assign as CMM Fifth Notification Sent
Incident,SetField,F21-Pharmacy Client Mailer,F21-Pharmacy Mailer Sixth - Action,Disabled,If (Incidents > Escalation Level  equals  Pharmacy Client Mailer Sixth  AND  Incidents > Previous Escalation Level  not equals  Pharmacy Client Mailer Sixth  AND  Incidents > Disposition  equals  Pending Client-Mailer  AND  Incidents > Category  equals  Fifth Contact Sent  AND  Custom Field > Sign Off  equals  CMM Fifth Notification Sent  AND  Custom Field > Channel  not equals  Gabapentin),Set Field Incidents > Category assign as Sixth Contact Sent | Set Field Custom Field > Sign Off assign as CMM Sixth Notification Sent
Incident,SetField,F21-Pharmacy Client Mailer,F21-Pharmacy Mailer Sixth - Action Gaba,Disabled,If (Incidents > Escalation Level  equals  Pharmacy Client Mailer Sixth  AND  Incidents > Previous Escalation Level  not equals  Pharmacy Client Mailer Sixth  AND  Incidents > Disposition  equals  Pending Client-Mailer  AND  Incidents > Category  equals  Fifth Contact Sent  AND  Custom Field > Sign Off  equals  CMM Fifth Notification Sent  AND  Custom Field > Channel  equals  Gabapentin),Set Field Incidents > Category assign as Sixth Contact Sent | Set Field Custom Field > Sign Off assign as CMM Sixth Notification Sent
Incident,SetField,F21-Pharmacy Client Mailer,F21-Pharmacy Mailer Seventh - Action,Disabled,If (Incidents > Escalation Level  equals  Pharmacy Client Mailer Seventh  AND  Incidents > Previous Escalation Level  not equals  Pharmacy Client Mailer Seventh  AND  Incidents > Disposition  equals  Pending Client-Mailer  AND  Incidents > Category  equals  Sixth Contact Sent  AND  Custom Field > Sign Off  equals  CMM Sixth Notification Sent  AND  Custom Field > Channel  not equals  Gabapentin),Set Field Incidents > Category assign as Seventh Contact Sent | Set Field Custom Field > Sign Off assign as CMM Seventh Notification Sent
Incident,SetField,F21-Pharmacy Client Mailer,F21-Pharmacy Mailer Seventh - Action Gab,Disabled,If (Incidents > Escalation Level  equals  Pharmacy Client Mailer Seventh  AND  Incidents > Previous Escalation Level  not equals  Pharmacy Client Mailer Seventh  AND  Incidents > Disposition  equals  Pending Client-Mailer  AND  Incidents > Category  equals  Sixth Contact Sent  AND  Custom Field > Sign Off  equals  CMM Sixth Notification Sent  AND  Custom Field > Channel  equals  Gabapentin),Set Field Incidents > Category assign as Seventh Contact Sent | Set Field Custom Field > Sign Off assign as CMM Seventh Notification Sent
Incident,SetField,F21-Pharmacy Client Mailer,F21-Pharmacy Mailer Eighth - Action,Disabled,If (Incidents > Escalation Level  equals  Pharmacy Client Mailer Eighth  AND  Incidents > Previous Escalation Level  not equals  Pharmacy Client Mailer Eighth  AND  Incidents > Disposition  equals  Pending Client-Mailer  AND  Incidents > Category  equals  Seventh Contact Sent  AND  Custom Field > Sign Off  equals  CMM Seventh Notification Sent  AND  Custom Field > Channel  not equals  Gabapentin),Set Field Incidents > Category assign as Eighth Contact Sent | Set Field Custom Field > Sign Off assign as CMM Eighth Notification Sent
Incident,SetField,F21-Pharmacy Client Mailer,F21-Pharmacy Mailer Eighth - Action Gaba,Disabled,If (Incidents > Escalation Level  equals  Pharmacy Client Mailer Eighth  AND  Incidents > Previous Escalation Level  not equals  Pharmacy Client Mailer Eighth  AND  Incidents > Disposition  equals  Pending Client-Mailer  AND  Incidents > Category  equals  Seventh Contact Sent  AND  Custom Field > Sign Off  equals  CMM Seventh Notification Sent  AND  Custom Field > Channel  equals  Gabapentin),Set Field Incidents > Category assign as Eighth Contact Sent | Set Field Custom Field > Sign Off assign as CMM Eighth Notification Sent
Incident,SetField,F21-Pharmacy Client Mailer,F21-Pharmacy Mailer Ninth - Action,Enabled,"If (Incidents > Escalation Level  equals  Pharmacy Client Mailer Ninth  AND  Incidents > Previous Escalation Level  not equals  Pharmacy Client Mailer Ninth  AND  Incidents > Disposition  equals  Pending Client-Mailer  AND  Incidents > Category  equals  Fifth Contact Sent, Sixth Contact Sent, Seventh Contact Sent, Eighth Contact Sent  AND  Custom Field > Channel  not equals  Gabapentin  AND (  Custom Field > Sign Off  equals  CMM Fifth Notification Sent  OR  Custom Field > Sign Off  equals  CMM Sixth Notification Sent  OR  Custom Field > Sign Off  equals  CMM Seventh Notification Sent  OR  Custom Field > Sign Off  equals  CMM Eighth Notification Sent ))",Set Field Incidents > Category assign as Final Contact 24 Hour Notification Sent | Set Field Custom Field > Sign Off assign as CMM 24 Hour Notification Sent
Incident,SetField,F21-Pharmacy Client Mailer,F21-Pharmacy Mailer Ninth - Action Gaba,Enabled,"If (Incidents > Escalation Level  equals  Pharmacy Client Mailer Ninth  AND  Incidents > Previous Escalation Level  not equals  Pharmacy Client Mailer Ninth  AND  Incidents > Disposition  equals  Pending Client-Mailer  AND  Incidents > Category  equals  Fifth Contact Sent, Sixth Contact Sent, Seventh Contact Sent, Eighth Contact Sent  AND  Custom Field > Channel  equals  Gabapentin  AND (  Custom Field > Sign Off  equals  CMM Sixth Notification Sent  OR  Custom Field > Sign Off  equals  CMM Seventh Notification Sent  OR  Custom Field > Sign Off  equals  CMM Fifth Notification Sent  OR  Custom Field > Sign Off  equals  CMM Eighth Notification Sent ))",Set Field Incidents > Category assign as Final Contact 24 Hour Notification Sent | Set Field Custom Field > Sign Off assign as CMM 24 Hour Notification Sent
Incident,SetField,F21-Pharmacy Client Mailer,F21-Pharmacy Mailer 24 Cancel - Action,Enabled,If (Incidents > Escalation Level  equals  Pharmacy Mailer 24 Hour Cancel  AND  Incidents > Previous Escalation Level  not equals  Pharmacy Mailer 24 Hour Cancel  AND  Incidents > Disposition  equals  Pending Client-Mailer  AND  Incidents > Category  equals  Final Contact 24 Hour Notification Sent  AND (  Custom Field > Sign Off  equals  CMM 24 Hour Notification Sent  OR  Custom Field > Sign Off  equals  CMM Ninth Notification Sent )  AND  Custom Field > Channel  not equals  Gabapentin),Set Field Custom Field > Sign Off assign as Move to 24hr Cancel | Set Field Incidents > Status assign as Unresolved | Set Field Incidents > Queue assign as Rx Cancellation | Set Field Incidents > Assigned assign as null
Incident,SetField,F21-Pharmacy Client Mailer,F21-Pharmacy Mailer 24Cancel-Action Gaba,Enabled,If (Incidents > Escalation Level  equals  Pharmacy Mailer 24 Hour Cancel  AND  Incidents > Previous Escalation Level  not equals  Pharmacy Mailer 24 Hour Cancel  AND  Incidents > Disposition  equals  Pending Client-Mailer  AND  Incidents > Category  equals  Final Contact 24 Hour Notification Sent  AND (  Custom Field > Sign Off  equals  CMM 24 Hour Notification Sent  OR  Custom Field > Sign Off  equals  CMM Ninth Notification Sent )  AND  Custom Field > Channel  equals  Gabapentin),Set Field Custom Field > Sign Off assign as Move to 24hr Cancel | Set Field Incidents > Status assign as Unresolved | Set Field Incidents > Queue assign as Rx Cancellation | Set Field Incidents > Assigned assign as null
Incident,SetField,F22-No Reply Email,F22-No Reply Catch All,Disabled,If (Incidents > Mailbox  equals  null),Set Field Incidents > Queue assign as No Reply Queue
Incident,SetField,F22-No Reply Email,F22-No Reply Catch All NEW,Enabled,If (Incidents > Mailbox  equals  null),Set Field Incidents > Queue assign as General Email | Set Field Custom Field > OpenMethods Status assign as pre-initial | Set Field Incidents > Mailbox assign as Chewy | Set Field Custom Field > Sign Off assign as noreplyemail
Incident,SetField,F24-Vendor Communication Portal AAQ,F24-Vendor Specialist Dropship,Enabled,If (Custom Field > Request Type  equals  Unspecified  AND  Incidents > Subject  equals  Chewy Dropship Request),Set Field Incidents > Queue assign as Drop Ship - Merchandising | Set Field Incidents > Mailbox assign as null
Incident,SetField,F24-Vendor Communication Portal AAQ,F24-Vendor Specialist Dropship Sticker,Enabled,If (Custom Field > Request Type  equals  Dropship Sticker Request  AND  Incidents > Subject  equals  Chewy Dropship Request),Set Field Incidents > Queue assign as Drop Ship - Supply Chain - Packaging | Set Field Incidents > Mailbox assign as null
Incident,SetField,F24-Vendor Communication Portal AAQ,F24-MSS Ops,Enabled,"If (Custom Field > Request Type  equals  Cost Rejection Disputes, Cost Update Request, General Questions, Marketing Request, New Vendor Follow-up, Vendor Data Services, Vendor Account Information Update, Contact and Address Update, Banking Information Update, Certificate of Insurance Renewal, Vendor Merger & Acquisition, Category Manager Contact)",Set Field Incidents > Queue assign as MSS Ops | Set Field Incidents > Mailbox assign as vendorgrowthpartners@custhelp.com
Incident,SetField,F24-Vendor Communication Portal AAQ,F24-VSP Routing,Disabled,If (Custom Field > Request Type  equals  Marketing Request),Set Field Incidents > Queue assign as VSP - Routing | Set Field Incidents > Mailbox assign as Chewy Vendor Service Portal
Incident,SetField,F24-Vendor Communication Portal AAQ,F24-MSS Content,Enabled,"If (Custom Field > Request Type  equals  Item Copy or Image Update, Image Update (Existing Products), Video Update (Existing Products), Enhanced Content Request-Formerly Chewy+, Item Copy (Existing Products))",Set Field Incidents > Queue assign as MSS - Content | Set Field Incidents > Mailbox assign as Chewy Vendor Service Portal
Incident,SetField,F24-Vendor Communication Portal AAQ,F24-MSS Ops Escalation,Enabled,If (Custom Field > Request Type  equals  Contact Follow-Up),Set Field Incidents > Queue assign as MSS Ops Escalation | Set Field Incidents > Mailbox assign as null
Incident,SetField,F24-Vendor Communication Portal AAQ,F24-Vendor Compliance,Enabled,"If (Custom Field > Request Type  equals  Customer Satisfaction Claims, Damage Claims, Mis-shipments , Other Questions, Recall/Quality Concerns, Return to Vendor, Update Preferred Contact List, Vendor Compliance Manual, Violations)",Set Field Incidents > Queue assign as Vendor Compliance | Set Field Incidents > Mailbox assign as Chewy Vendor Service Portal
Incident,SetField,F24-Vendor Communication Portal AAQ,F24-Vendor Specialist,Enabled,"If (Custom Field > Request Type  equals  Dropship Sticker Request, Invoice Payment Disputes, Playbook Questions, New Vendor Company Information  AND  Incidents > Subject  not equals  Chewy Dropship Request)",Set Field Incidents > Queue assign as Vendor Specialists | Set Field Incidents > Mailbox assign as Chewy Vendor Care
Incident,SetField,F24-Vendor Communication Portal AAQ,F24-Accounting AP Inventory,Enabled,"If (Custom Field > Request Type  equals  Request to Receive Audit Reports, Invoice Payment Disputes, Payment/Invoice Issues or Status, Payment Remittance Request)",Set Field Incidents > Queue assign as Accounting - AP Inventory | Set Field Incidents > Mailbox assign as vendorgrowthpartners@custhelp.com
Incident,SetField,F24-Vendor Communication Portal AAQ,F24-Rebate Operations,Enabled,"If (Custom Field > Request Type  equals  Rebate Dispute or Backup Request, Rebate/Term Changes or Questions, Rebate Backup Request - Promo & Lumpsum, Rebate Backup Request - Allowances & POs, Rebate Disputes - Promotion & Lumpsums)",Set Field Incidents > Queue assign as Rebate Operations | Set Field Incidents > Mailbox assign as vendorgrowthpartners@custhelp.com
Incident,SetField,F24-Vendor Communication Portal AAQ,F24-Accounting AP Holds,Enabled,If (Custom Field > Request Type  equals  Invoice Hold Resolution),Set Field Incidents > Queue assign as Accounting - AP Holds | Set Field Incidents > Mailbox assign as null
Incident,SetField,F24-Vendor Communication Portal AAQ,F24-EDI,Enabled,"If (Custom Field > Request Type  equals  Document failure/rejection, EDI invoicing issue, Carrier EDI Issue, Setup EDI Account)",Set Field Incidents > Queue assign as EDI | Set Field Incidents > Mailbox assign as null
Incident,SetField,F24-Vendor Communication Portal AAQ,F24-Dropship Supply,Enabled,"If (Custom Field > Request Type  equals  DSCO Questions/Issues, Playbook Questions, Dropship Shipping or Ordering Questions, Shipping or Ordering Questions, Vendor Performance Scorecard Questions, New Dropship FC)",Set Field Incidents > Queue assign as Drop Ship - Supply Chain - Operations | Set Field Incidents > Mailbox assign as null
Incident,SetField,F24-Vendor Communication Portal AAQ,F24-Map Violation,Enabled,If (Custom Field > Request Type  equals  MAP Violation),Set Field Incidents > Queue assign as MSS - Pricing | Set Field Incidents > Mailbox assign as null
Incident,SetField,F24-Vendor Communication Portal AAQ,F24-Transportation,Disabled,If (Custom Field > Request Type  equals  Carrier EDI Issue),Set Field Incidents > Queue assign as Central Scheduling | Set Field Incidents > Mailbox assign as null
Incident,SetField,F24-Vendor Communication Portal AAQ,F24-Transportation - Accessorials,Enabled,If (Custom Field > Request Type  equals  Accessorial Request),Set Field Incidents > Queue assign as TRANSPORTATION – Accesorials | Set Field Incidents > Mailbox assign as null
Incident,SetField,F24-Vendor Communication Portal AAQ,F24-Transportation - CPU,Enabled,"If (Custom Field > Request Type  equals  Collect Vendor Creating New OTM Profile, Collect Vendor Change/Update RTS Info)",Set Field Incidents > Queue assign as TRANSPORTATION - CPU | Set Field Incidents > Mailbox assign as null
Incident,SetField,F24-Vendor Communication Portal AAQ,F24-Transportation - Prepaid to Collect,Enabled,If (Custom Field > Request Type  equals  Vendor Wanting to join Chewy Collect),Set Field Incidents > Queue assign as Prepaid Vendor Going Collect | Set Field Incidents > Mailbox assign as null | Set Field Incidents > Assigned assign as Clayton Hicks
Incident,SetField,F24-Vendor Communication Portal AAQ,F24-Transportation - RTS & IB Freight,Enabled,"If (Custom Field > Request Type  equals  Technical Questions for RTS, Transportation Escalations)",Set Field Incidents > Queue assign as TRANSPORTATION - RTS & Inbound Freight | Set Field Incidents > Mailbox assign as null
Incident,SetField,F24-Vendor Communication Portal AAQ,F24-Dropship Appeal,Enabled,If (Custom Field > Request Type  equals  Dropship Vendor Performance Appeal),Set Field Incidents > Queue assign as Dropship - Appeal | Set Field Incidents > Mailbox assign as null
Incident,SetField,F24-Vendor Communication Portal AAQ,F24-VSP-Pricing,Enabled,If (Custom Field > Request Type  equals  Update MAP/MSRP),Set Field Incidents > Queue assign as MSS - Pricing | Set Field Incidents > Mailbox assign as Chewy Vendor Service Portal
Incident,SetField,F24-Vendor Communication Portal AAQ,F24-VSP-Catalog,Enabled,"If (Custom Field > Request Type  equals  Item/Assortment Transition, Item/Assortment Update Request, Item Discontinuation Submission, Item/Assortment Setup Request, Purchase Unit of Measure Update, Catalog Audit, PAF completion/upload questions, Add Additional Supplier to a SKU, Attribution Update, Case Layer Pallet Update, Case UPC Add, Brand Name Change, Discontinuation Request, Item Name Update, Item Dimensions & Weight Update, Move SKU to New Supplier, Extended Content Update, Minimum Order Quantity & Order Multiple, Purchase Unit of Measure Update, Reactivate Discontinued SKU, Restricted Availability Update, UPC Update, Vendor Part Number VPN Update, Combine Chewy SKUs under Parent Producti, Item Ordering Update)",Set Field Incidents > Queue assign as MSS - Catalog | Set Field Incidents > Mailbox assign as Chewy
Incident,SetField,F24-Vendor Communication Portal AAQ,F24-VSP-Feedback,Enabled,"If (Custom Field > Request Type  equals  Feedback or Suggestions, Report Technical Issue, Request Access to CPH, Reset CPH Account Password, Reset Multi-Factor Authentication (MFA), Request Access to Catalog Details, Request Access to Invoice Details)",Set Field Incidents > Queue assign as MSS - Feedback | Set Field Incidents > Mailbox assign as Chewy Vendor Care
Incident,SetField,F24-Vendor Communication Portal AAQ,F24-Supply-Planning,Enabled,"If (Custom Field > Request Type  equals  Purchase Order (PO) Issues, Demand Forecasting Inquires, Lead Time Inquires, Ordering Cadence Inquires, Item Availability Dates or OOS Updates, Availability Date Update)",Set Field Incidents > Queue assign as Supply Planning | Set Field Incidents > Mailbox assign as vendorgrowthpartners@custhelp.com
Incident,SetField,F24-Vendor Communication Portal AAQ,F24-Brand Information,Enabled,If (Custom Field > Request Type  equals  Brand Info Sheet for Customer Service),Set Field Incidents > Queue assign as Brand Information for Customer Service | Set Field Incidents > Mailbox assign as Chewy Vendor Service Portal
Incident,SetField,F24-Vendor Communication Portal AAQ,F24-Vendor Outreach,Enabled,If (Custom Field > Request Type  equals  Vendor Outreach Email),Set Field Incidents > Queue assign as Vendor Outreach
Incident,SetField,F24-Vendor Communication Portal AAQ,F24-NEW Tax,Enabled,If (Custom Field > Request Type  equals  Resale Certificate Request),Set Field Incidents > Queue assign as Tax
Incident,SetField,F24-Vendor Communication Portal AAQ,F24-ROSS,Disabled,If (Custom Field > Request Type  equals  Rebate/Term Changes or Questions),Set Field Incidents > Queue assign as ROSS
Incident,SetField,F24-Vendor Communication Portal AAQ,F24-Pawsibilities,Enabled,If (Custom Field > Request Type  equals  Pawsibilities Product Reviews Request),Set Field Incidents > Queue assign as Pawsibilities
Incident,SetField,F24-Vendor Communication Portal AAQ,F24-Accounting - AR/Vendor Rebate Billing,Enabled,If (Custom Field > Request Type  equals  Rebate Disputes - Allowances & POs),Set Field Incidents > Queue assign as Accounting - AR/Vendor Rebate Billing | Set Field Incidents > Mailbox assign as vendorgrowthpartners@custhelp.com
Incident,SetField,F24-Vendor Communication Portal AAQ,F24-VC Disputes,Enabled,If (Custom Field > Request Type  equals  ASN Fill Rate (ASNFR)),Set Field Incidents > Queue assign as VC Disputes | Set Field Incidents > Mailbox assign as Chewy Vendor Care
Incident,SetField,F25-Q&A Function,F25-Q&A MFG Follow Up - Action 2,Enabled,If (Incidents > Escalation Level  equals  Q&A MFG Follow-Up 2  AND  Incidents > Previous Escalation Level  not equals  Q&A MFG Follow-Up 2),Set Field Incidents > Assigned assign as null | Set Field Incidents > Status assign as Updated | Set Field Custom Field > OpenMethods Status assign as pre-initial
Incident,SetField,F26A-WOW Initial Routing,F26A - WOW Flowers,Enabled,"If (Incidents > Queue  equals  WOW  AND  Incidents > Category  equals  Flowers, Flowers, Flowers, Flowers, Flowers, Flowers, Flowers, Flowers, Flowers, Flowers, Flowers, Flowers, Flowers, Flowers, Flowers)",Set Field Incidents > Queue assign as WOW Flowers
Incident,SetField,F26A-WOW Initial Routing,F26A - WOW Tea and Honey,Enabled,If (Incidents > Queue  equals  WOW  AND  Incidents > Category  equals  Tea & Honey),Set Field Incidents > Queue assign as WOW Tea and Honey
Incident,SetField,F26A-WOW Initial Routing,F26A - WOW Baby/Pet Toy,Enabled,"If (Incidents > Queue  equals  WOW  AND  Incidents > Category  equals  New Toy, Chewy Bib + Book)",Set Field Incidents > Queue assign as WOW Baby/Pet Toy
Incident,SetField,F26A-WOW Initial Routing,F26A - WOW Logo,Enabled,"If (Incidents > Queue  equals  WOW  AND  Incidents > Category  equals  Chewy Logo Items, Chewy Logo Items, Chewy Logo Items, Chewy Logo Items, Chewy Logo Items, Chewy Logo Items, Chewy Logo Items, Chewy Logo Items)",Set Field Incidents > Queue assign as WOW Logo
Incident,SetField,F26A-WOW Initial Routing,F26A - CVC WOW Flowers,Enabled,"If (Incidents > Queue  equals  CVC WOW  AND  Incidents > Category  equals  Flowers, Flowers, Flowers, Flowers, Flowers, Flowers, Flowers, Flowers, Flowers, Flowers, Flowers, Flowers, Flowers, Flowers, Flowers)",Set Field Incidents > Queue assign as CVC WOW Flowers
Incident,SetField,F26A-WOW Initial Routing,F26A - CVC WOW Other,Enabled,"If (Incidents > Queue  equals  CVC WOW  AND  Incidents > Category  not equals  Flowers, Flowers, Flowers, Flowers, Flowers, Flowers, Flowers, Flowers, Flowers, Flowers, Flowers, Flowers, Flowers, Flowers, Flowers  AND  Custom Field > Supply Escalation Reason  not equals  RMA Request)",Set Field Incidents > Queue assign as CVC WOW Other
Incident,SetField,F26A-WOW Initial Routing,F26A - CVC/Non CVC WOW RMA,Enabled,"If (Incidents > Queue  equals  CVC WOW, WOW  AND  Custom Field > Supply Escalation Reason  equals  RMA Request)",Set Field Incidents > Queue assign as WOW RMA
Incident,SetField,F26B-WOW Update,F26B - WOW Status Denied Duplicate,Enabled,"If (Incidents > Category  equals  WOW Request  AND  Custom Field > Request Status  equals  Denied - Account Verification, Denied - Bad Photo, Denied - Duplicate Request, Denied - Duplicate Customer, Denied - No Address, Denied - Not Applicable, Denied - No Shipping Address, Denied - Other, Denied - Portrait Already Received, Denied - Timing, Denied - Lacks Detail, Denied - Flagged Customer, Denied - Address Verification, Denied - Photo Quality, Denied - Employee Account, Denied - Priority  AND  Custom Field > Request Status  is modified this edit)",Set Field Incidents > Assigned equal to the value of Incidents > Previous Assigned
Incident,SetField,F26B-WOW Update,F26B - WOW Status Denied Flagged,Enabled,If (Incidents > Category  equals  WOW Request  AND  Custom Field > Request Status  equals  Denied - Flagged Customer  AND  Custom Field > Request Status  is modified this edit),Set Field Incidents > Assigned equal to the value of Incidents > Previous Assigned
Incident,SetField,F26B-WOW Update,F26B - WOW Status Denied Timing,Enabled,If (Incidents > Category  equals  WOW Request  AND  Custom Field > Request Status  equals  Denied - Timing  AND  Custom Field > Request Status  is modified this edit),Set Field Incidents > Assigned equal to the value of Incidents > Previous Assigned
Incident,SetField,F26B-WOW Update,F26B - WOW Status Denied Lacks Detail,Enabled,If (Incidents > Category  equals  WOW Request  AND  Custom Field > Request Status  equals  Denied - Lacks Detail  AND  Custom Field > Request Status  is modified this edit),Set Field Incidents > Assigned equal to the value of Incidents > Previous Assigned
Incident,SetField,F26B-WOW Update,F26B - WOW Status Denied New Codes,Enabled,"If (Incidents > Category  equals  WOW Request  AND  Custom Field > Request Status  equals  Denied - Account Verification, Denied - Address Verification, Denied - Photo Quality, Denied - Employee Account  AND  Custom Field > Request Status  is modified this edit)",Set Field Incidents > Assigned equal to the value of Incidents > Previous Assigned
Incident,SetField,F26B-WOW Update,F26B- WOW Status Approved,Enabled,"If (Custom Field > Request Status  equals  Approved, Approved with Modifications  AND  Custom Field > Request Status  is modified this edit    AND (  Custom Field > WOWGift  equals  Pet Portrait  OR  Incidents > Category  equals  Loss of Loved One ))",Set Field Incidents > Assigned equal to the value of Incidents > Previous Assigned
Incident,SetField,F27-Vet Diet Waiting,F27- JustFoodForDogs - Action,Enabled,If (Incidents > Escalation Level  is modified this edit    AND  Incidents > Escalation Level  equals  JFFD Follow Up  AND  Incidents > Previous Escalation Level  not equals  JFFD Follow Up),Set Field Incidents > Status assign as Unresolved | Set Field Incidents > Queue assign as Vet Diet - JFFD | Set Field Incidents > Disposition assign as Unspecified | Set Field Incidents > Category assign as Unspecified
Incident,SetField,F27-Vet Diet Waiting,F27-Vet + Medication Touch 1,Enabled,If (Incidents > Disposition  equals  Unspecified  AND  Incidents > Queue  equals  Unspecified  AND  Custom Field > Channel  equals  Vet Diet - Medication),Set Field Incidents > Queue assign as Vet Diet + Medication Pending | Set Field Custom Field > OpenMethods Status assign as accepted | Set Field Incidents > Assigned assign as null
Incident,SetField,F27-Vet Diet Waiting,F27- Vet + Medication Touch 2 - Chain,Enabled,"If (Incidents > Disposition  equals  Pending Second Contact, Unspecified  AND  Incidents > Queue  equals  Vet Diet Waiting  AND  Incidents > Escalation Level  not equals  Vet + Medication Touch2  AND  Custom Field > Channel  equals  Vet Diet - Medication  AND  Incidents > Disposition  is modified this edit)",Set Field Custom Field > Sign Off assign as Chain 1
Incident,SetField,F27-Vet Diet Waiting,F27-Vet + Medication Touch 2 - Action,Enabled,If (Incidents > Previous Escalation Level  equals  null  AND  Incidents > Escalation Level  equals  Vet + Medication Touch2  AND  Incidents > Status  not equals  Solved),Set Field Incidents > Queue assign as Vet Diet + Medication Pending | Set Field Incidents > Status assign as Unresolved | Set Field Incidents > Assigned assign as null
Incident,SetField,F27-Vet Diet Waiting,F27-Vet + Medication Touch 3 - Chain,Enabled,"If (Incidents > Disposition  equals  Pending Third Contact, Unspecified  AND  Incidents > Queue  equals  Vet Diet Waiting  AND  Incidents > Escalation Level  not equals  Vet + Medication Touch 3  AND  Incidents > Previous Escalation Level  equals  null  AND  Incidents > Disposition  is modified this edit    AND  Custom Field > Channel  equals  Vet Diet - Medication)",Set Field Incidents > Assigned assign as null
Incident,SetField,F27-Vet Diet Waiting,F27-Vet + Medication Touch 3 - Action,Enabled,If (Incidents > Previous Escalation Level  equals  null  AND  Incidents > Escalation Level  equals  Vet + Medication Touch 3  AND  Incidents > Status  is modified this edit),Set Field Incidents > Queue assign as Vet Diet + Medication Pending | Set Field Incidents > Status assign as Unresolved | Set Field Custom Field > OpenMethods Status assign as accepted | Set Field Incidents > Assigned assign as null
Incident,SetField,F27-Vet Diet Waiting,F27-Vet + Medication Pick up - Chain,Enabled,"If (Incidents > Disposition  equals  Pending Client-General, Pending Client-Mailer, Pending Customer Auth, Unspecified  AND  Incidents > Queue  equals  Vet Diet Waiting  AND  Incidents > Escalation Level  not equals  Vet Diet + Med Pick up Touch 2  AND  Custom Field > Channel  equals  Vet Diet - Medication)",Set Field Custom Field > Sign Off assign as Chain 1
Incident,SetField,F27-Vet Diet Waiting,F27-Vet + Medication Pick up - Action,Enabled,If (Incidents > Previous Escalation Level  not equals  Vet Diet + Med Pick up Touch 2  AND  Incidents > Escalation Level  equals  Vet Diet + Med Pick up Touch 2  AND  Incidents > Status  not equals  Solved),Set Field Incidents > Queue assign as Vet Diet + Medication Pending | Set Field Incidents > Status assign as Unresolved | Set Field Custom Field > OpenMethods Status assign as accepted | Set Field Custom Field > Sign Off assign as
Incident,SetField,F27-Vet Diet Waiting,F27- Partial Approval - Action,Enabled,If (Incidents > Previous Escalation Level  equals  null  AND  Incidents > Escalation Level  equals  Vet Diet Partial Approval  AND  Incidents > Escalation Level  is modified this edit),Set Field Incidents > Queue assign as Vet Diet Third Contact Pending | Set Field Incidents > Status assign as Unresolved | Set Field Incidents > Disposition assign as Pending Third Contact | Set Field Custom Field > OpenMethods Status assign as accepted
Incident,SetField,F27-Vet Diet Waiting,F27-Vet Diet Phone/Null Pref,Enabled,"If (Custom Field > Clinic Contact Preference  equals  Phone, Unspecified  AND  Incidents > Disposition  equals  Unspecified  AND  Incidents > Queue  equals  Unspecified  AND  Custom Field > Channel  not equals  Vet Diet - Medication)",Set Field Incidents > Queue assign as Vet Diet First Contact Pending | Set Field Custom Field > OpenMethods Status assign as pre-initial | Set Field Custom Field > Sign Off assign as
Incident,SetField,F27-Vet Diet Waiting,F27- Phone/Null Pref Touch 2 - Chain,Enabled,"If (Custom Field > Clinic Contact Preference  equals  Phone, Unspecified  AND  Incidents > Disposition  equals  Pending Second Contact, Unspecified  AND  Incidents > Queue  equals  Vet Diet Waiting  AND  Incidents > Escalation Level  not equals  Vet Diet PhoneNull Touch 2  AND  Custom Field > Channel  not equals  Vet Diet - Medication)",Set Field Custom Field > Sign Off assign as Chain 1
Incident,SetField,F27-Vet Diet Waiting,F27- Phone/Null Pref Touch 2 - Action,Enabled,If (Incidents > Previous Escalation Level  equals  null  AND  Incidents > Escalation Level  equals  Vet Diet PhoneNull Touch 2  AND  Incidents > Status  not equals  Solved),Set Field Incidents > Queue assign as Vet Diet Second Contact Pending | Set Field Incidents > Status assign as Unresolved | Set Field Custom Field > OpenMethods Status assign as pre-initial | Set Field Custom Field > Sign Off assign as
Incident,SetField,F27-Vet Diet Waiting,F27- Phone/Null Pref Touch 3 - Chain,Enabled,"If (Custom Field > Clinic Contact Preference  equals  Phone, Unspecified  AND  Incidents > Disposition  equals  Pending Third Contact, Unspecified  AND  Incidents > Queue  equals  Vet Diet Waiting  AND  Incidents > Escalation Level  not equals  Vet Diet PhoneNull Touch 3  AND  Incidents > Previous Escalation Level  equals  null  AND  Incidents > Disposition  is modified this edit    AND  Custom Field > Channel  not equals  Vet Diet - Medication)",Set Field Custom Field > Sign Off assign as Chain 2
Incident,SetField,F27-Vet Diet Waiting,F27- Phone/Null Pref Touch 3 - Action,Enabled,If (Incidents > Previous Escalation Level  equals  null  AND  Incidents > Escalation Level  equals  Vet Diet PhoneNull Touch 3  AND  Incidents > Status  not equals  Solved),Set Field Incidents > Queue assign as Vet Diet Third Contact Pending | Set Field Incidents > Status assign as Unresolved | Set Field Custom Field > OpenMethods Status assign as pre-initial | Set Field Custom Field > Sign Off assign as
Incident,SetField,F27-Vet Diet Waiting,F27- Fax Pref Touch 2 - Chain,Enabled,If (Custom Field > Clinic Contact Preference  equals  Fax  AND  Incidents > Disposition  equals  Unspecified  AND  Incidents > Escalation Level  not equals  Vet Diet Fax Touch 2  AND  Custom Field > Channel  not equals  Vet Diet - Medication),Set Field Incidents > Queue assign as Vet Diet Waiting | Set Field Incidents > Disposition assign as Pending Second Contact | Set Field Incidents > Status assign as Waiting | Set Field Custom Field > Channel assign as Vet Diet | Set Field Custom Field > Sign Off assign as Chain 1
Incident,SetField,F27-Vet Diet Waiting,F27- Fax Pref Touch 2 - Action,Enabled,If (Incidents > Previous Escalation Level  not equals  Vet Diet Fax Touch 2  AND  Incidents > Escalation Level  equals  Vet Diet Fax Touch 2  AND  Incidents > Status  equals  Waiting  AND  Incidents > Disposition  equals  Pending Second Contact),Set Field Incidents > Queue assign as Vet Diet Waiting | Set Field Incidents > Disposition assign as Pending Third Contact | Set Field Custom Field > Sign Off assign as
Incident,SetField,F27-Vet Diet Waiting,F27- Fax Pref Touch 3 - Chain,Enabled,"If (Custom Field > Clinic Contact Preference  equals  Fax  AND  Incidents > Disposition  equals  Pending Third Contact, Unspecified  AND  Incidents > Queue  equals  Vet Diet Waiting  AND  Incidents > Escalation Level  not equals  Vet Diet Fax Touch 3  AND  Incidents > Previous Escalation Level  equals  null  AND  Incidents > Disposition  is modified this edit    AND  Custom Field > Channel  not equals  Vet Diet - Medication)",Set Field Custom Field > Sign Off assign as Chain 2
Incident,SetField,F27-Vet Diet Waiting,F27- Fax Pref Touch 3 - Action,Disabled,If (Incidents > Previous Escalation Level  equals  null  AND  Incidents > Escalation Level  equals  Vet Diet Fax Touch 3  AND  Incidents > Status  not equals  Solved),Set Field Incidents > Queue assign as Vet Diet Third Contact Pending | Set Field Incidents > Status assign as Unresolved | Set Field Custom Field > OpenMethods Status assign as pre-initial | Set Field Custom Field > Sign Off assign as
Incident,SetField,F27-Vet Diet Waiting,F27- Fax Pref Touch 3 - Action.auto,Enabled,If (Incidents > Previous Escalation Level  equals  null  AND  Incidents > Escalation Level  equals  Vet Diet Fax Touch 3  AND  Incidents > Status  not equals  Solved),Set Field Incidents > Disposition assign as Pending 48-Hour Cancellation | Set Field Incidents > Status assign as Waiting | Set Field Incidents > Queue assign as Vet Diet Waiting
Incident,SetField,F27-Vet Diet Waiting,F27- Email Pref Touch 2 - Chain,Enabled,If (Custom Field > Clinic Contact Preference  equals  Email  AND  Incidents > Disposition  equals  Unspecified  AND  Incidents > Escalation Level  not equals  Vet Diet Email Touch 2  AND  Custom Field > Channel  not equals  Vet Diet - Medication),Set Field Incidents > Queue assign as Vet Diet Waiting | Set Field Incidents > Disposition assign as Pending Second Contact | Set Field Incidents > Status assign as Waiting | Set Field Custom Field > Channel assign as Vet Diet | Set Field Custom Field > Sign Off assign as Chain 1
Incident,SetField,F27-Vet Diet Waiting,F27- Email Pref Touch 2 - Action,Enabled,If (Incidents > Previous Escalation Level  equals  null  AND  Incidents > Escalation Level  equals  Vet Diet Email Touch 2  AND  Incidents > Status  equals  Waiting  AND  Incidents > Disposition  equals  Pending Second Contact),Set Field Incidents > Queue assign as Vet Diet Waiting | Set Field Incidents > Disposition assign as Pending Third Contact | Set Field Custom Field > Sign Off assign as
Incident,SetField,F27-Vet Diet Waiting,F27- Email Pref Touch 3 - Chain,Enabled,"If (Custom Field > Clinic Contact Preference  equals  Email  AND  Incidents > Disposition  equals  Pending Third Contact, Unspecified  AND  Incidents > Queue  equals  Vet Diet Waiting  AND  Incidents > Escalation Level  not equals  Vet Diet Email Touch 3  AND  Incidents > Previous Escalation Level  equals  null  AND  Incidents > Disposition  is modified this edit    AND  Custom Field > Channel  not equals  Vet Diet - Medication)",Set Field Custom Field > Sign Off assign as Chain 2
Incident,SetField,F27-Vet Diet Waiting,F27- Email Pref Touch 3 - Action,Disabled,If (Incidents > Previous Escalation Level  equals  null  AND  Incidents > Escalation Level  equals  Vet Diet Email Touch 3  AND  Incidents > Status  not equals  Solved),Set Field Incidents > Queue assign as Vet Diet Third Contact Pending | Set Field Incidents > Status assign as Unresolved | Set Field Custom Field > OpenMethods Status assign as pre-initial | Set Field Custom Field > Sign Off assign as
Incident,SetField,F27-Vet Diet Waiting,F27- Email Pref Touch 3 - Action.auto,Enabled,If (Incidents > Previous Escalation Level  equals  null  AND  Incidents > Escalation Level  equals  Vet Diet Email Touch 3  AND  Incidents > Status  not equals  Solved),Set Field Incidents > Disposition assign as Pending 48-Hour Cancellation | Set Field Incidents > Status assign as Waiting | Set Field Incidents > Queue assign as Vet Diet Waiting
Incident,SetField,F27-Vet Diet Waiting,F27- No Clinic Contact Touch 2 - Chain,Enabled,"If (Incidents > Disposition  equals  Pending Client-General, Pending Client-Mailer, Pending Customer Auth, Unspecified  AND  Incidents > Queue  equals  Vet Diet Waiting  AND  Incidents > Escalation Level  not equals  Vet Diet No Contact Touch 2  AND  Custom Field > Channel  not equals  Vet Diet - Medication)",Set Field Custom Field > Sign Off assign as Chain 1
Incident,SetField,F27-Vet Diet Waiting,F27- No Clinic Contact Touch 2 - Action,Enabled,If (Incidents > Previous Escalation Level  not equals  Vet Diet No Contact Touch 2  AND  Incidents > Escalation Level  equals  Vet Diet No Contact Touch 2  AND  Incidents > Status  not equals  Solved),Set Field Incidents > Queue assign as Vet Diet Cst Pick Up Pending | Set Field Incidents > Status assign as Unresolved | Set Field Custom Field > OpenMethods Status assign as pre-initial | Set Field Custom Field > Sign Off assign as
Incident,SetField,F27-Vet Diet Waiting,F27- Vet + Med Cancellation,Enabled,"If (Incidents > Disposition  equals  Pending 48-Hour Cancellation, Unspecified  AND  Incidents > Queue  equals  Vet Diet Waiting  AND  Incidents > Escalation Level  not equals  Vet Diet 48 hour Cancel  AND  Incidents > Disposition  is modified this edit    AND  Incidents > Category  not equals  Denial, Denial> Pet Needs to be Seen, Denial>Wrong Pet, Denial>Wrong Pet, Denial>Wrong Item, Denial>Not a Client, Denial>Other  AND  Custom Field > Channel  equals  Vet Diet - Medication)",Set Field Incidents > Category assign as No Response From Vet | Set Field Incidents > Queue assign as Vet Diet Pending Cancellation
Incident,SetField,F27-Vet Diet Waiting,F27- Waiting 48-Hour Cancel - Chain,Enabled,"If (Incidents > Disposition  equals  Pending 48-Hour Cancellation, Unspecified  AND  Incidents > Queue  equals  Vet Diet Waiting  AND  Incidents > Escalation Level  not equals  Vet Diet 48 hour Cancel  AND  Incidents > Disposition  is modified this edit    AND  Incidents > Category  not equals  Denial, Denial> Pet Needs to be Seen, Denial>Wrong Pet, Denial>Wrong Pet, Denial>Wrong Item, Denial>Not a Client, Denial>Other  AND  Custom Field > Channel  not equals  Vet Diet - Medication)",Set Field Incidents > Category assign as No Response From Vet
Incident,SetField,F27-Vet Diet Waiting,F27- Waiting 48-Hour Cancel - Action,Enabled,"If (Incidents > Previous Escalation Level  equals  null  AND  Incidents > Escalation Level  equals  VD Cancel Miss, Vet Diet 48 hour Cancel  AND  Incidents > Status  not equals  Solved  AND  Incidents > Disposition  equals  Pending 48-Hour Cancellation)",Set Field Incidents > Queue assign as Vet Diet Pending Cancellation | Set Field Incidents > Status assign as Unresolved | Set Field Custom Field > Sign Off assign as | Set Field Custom Field > Rx Count assign as 0
Incident,SetField,F27-Vet Diet Waiting,F27 - Denied: Needs Exam-Chain,Enabled,"If (Incidents > Disposition  equals  Pending 48-Hour Cancellation, Unspecified  AND  Incidents > Queue  equals  Vet Diet Waiting  AND  Incidents > Escalation Level  not equals  DeniedNeedExam  AND  Incidents > Previous Escalation Level  equals  OCR2complete, OCRpending, null  AND  Incidents > Disposition  is modified this edit    AND  Incidents > Category  equals  Denial> Pet Needs to be Seen  AND  Custom Field > Channel  not equals  Approval Hub)",Set Field Incidents > Assigned assign as null
Incident,SetField,F27-Vet Diet Waiting,F27 - Denied: Needs Exam-Chain- pbc,Enabled,"If (Incidents > Disposition  equals  Pending 48-Hour Cancellation, Unspecified  AND  Incidents > Queue  equals  Vet Diet Waiting  AND  Incidents > Escalation Level  not equals  DeniedNeedExam, DeniedNeedExampbc  AND  Incidents > Disposition  is modified this edit    AND  Incidents > Category  equals  Denial> Pet Needs to be Seen  AND  Custom Field > Channel  equals  Approval Hub)",Set Field Incidents > Assigned assign as null
Incident,SetField,F27-Vet Diet Waiting,F27 - Denied: Not a Client-Chain,Enabled,"If (Incidents > Disposition  equals  Pending 48-Hour Cancellation, Unspecified  AND  Incidents > Queue  equals  Vet Diet Waiting  AND  Incidents > Escalation Level  not equals  DeniedNotaClient  AND  Incidents > Previous Escalation Level  equals  OCR2complete, OCRpending, null  AND  Incidents > Disposition  is modified this edit    AND  Incidents > Category  equals  Denial>Not a Client  AND  Custom Field > Channel  not equals  Approval Hub)",Set Field Incidents > Status assign as Waiting
Incident,SetField,F27-Vet Diet Waiting,F27 - Denied: Not a Client-Chain- pbc,Enabled,"If (Incidents > Disposition  equals  Pending 48-Hour Cancellation, Unspecified  AND  Incidents > Queue  equals  Vet Diet Waiting  AND  Incidents > Escalation Level  not equals  DeniedNotaClient, DeniedNotaClientpbc  AND  Incidents > Disposition  is modified this edit    AND  Incidents > Category  equals  Denial>Not a Client  AND  Custom Field > Channel  equals  Approval Hub)",Set Field Incidents > Status assign as Waiting
Incident,SetField,F27-Vet Diet Waiting,F27 - Denied: Wrong Pet -Chain,Enabled,"If (Incidents > Disposition  equals  Pending 48-Hour Cancellation, Unspecified  AND  Incidents > Queue  equals  Vet Diet Waiting  AND  Incidents > Escalation Level  not equals  DeniedWrongItem  AND  Incidents > Previous Escalation Level  equals  OCR2complete, OCRpending, null  AND  Incidents > Disposition  is modified this edit    AND  Incidents > Category  equals  Denial>Wrong Pet, Denial>Wrong Pet  AND  Custom Field > Channel  not equals  Approval Hub)",Set Field Custom Field > Sign Off assign as Chain 1
Incident,SetField,F27-Vet Diet Waiting,F27 - Denied: Wrong Pet -Chain - pbc,Enabled,"If (Incidents > Disposition  equals  Pending 48-Hour Cancellation, Unspecified  AND  Incidents > Queue  equals  Vet Diet Waiting  AND  Incidents > Escalation Level  not equals  DeniedWrongItem, DeniedWrongItempbc  AND  Incidents > Disposition  is modified this edit    AND  Incidents > Category  equals  Denial>Wrong Pet, Denial>Wrong Pet  AND  Custom Field > Channel  equals  Approval Hub)",Set Field Custom Field > Sign Off assign as Chain 1
Incident,SetField,F27-Vet Diet Waiting,F27 - Denied: Other - Chain,Enabled,"If (Incidents > Disposition  equals  Pending 48-Hour Cancellation, Unspecified  AND  Incidents > Queue  equals  Vet Diet Waiting  AND  Incidents > Escalation Level  not equals  DeniedOther  AND  Incidents > Previous Escalation Level  equals  OCR2complete, OCRpending, null  AND  Incidents > Disposition  is modified this edit    AND  Incidents > Category  equals  Denial, Denial>Other  AND  Custom Field > Channel  not equals  Approval Hub)",Set Field Incidents > Status assign as Waiting
Incident,SetField,F27-Vet Diet Waiting,F27 - Denied: Other - Chain -pbc,Enabled,"If (Incidents > Disposition  equals  Pending 48-Hour Cancellation, Unspecified  AND  Incidents > Queue  equals  Vet Diet Waiting  AND  Incidents > Escalation Level  not equals  DeniedOther, DeniedOtherpbc  AND  Incidents > Disposition  is modified this edit    AND  Incidents > Category  equals  Denial, Denial>Other  AND  Custom Field > Channel  equals  Approval Hub)",Set Field Incidents > Status assign as Waiting
Incident,SetField,F27-Vet Diet Waiting,F27- Denied: Cancellation - Action,Enabled,"If (Incidents > Previous Escalation Level  equals  OCR2complete, null  AND  Incidents > Escalation Level  equals  DeniedNeedExam, DeniedNeedExampbc, DeniedNotaClient, DeniedNotaClientpbc, DeniedOther, DeniedOtherpbc, DeniedWrongItem, DeniedWrongItempbc, DeniedWrongPet, DeniedWrongPetpbc  AND  Incidents > Status  not equals  Solved  AND  Incidents > Disposition  equals  Pending 48-Hour Cancellation)",Set Field Custom Field > Sign Off assign as | Set Field Incidents > Category assign as No Response From Customer | Set Field Incidents > Queue assign as Vet Diet Pending Cancellation | Set Field Custom Field > Rx Count assign as 0
Incident,SetField,F27-Vet Diet Waiting,F27- Waiting 48-Hour Denied - Actiion,Disabled,If (Incidents > Previous Escalation Level  equals  null  AND  Incidents > Escalation Level  equals  Vet Diet 48 hour Denied  AND  Incidents > Status  not equals  Solved  AND  Incidents > Disposition  equals  Pending 48-Hour Cancellation),Set Field Incidents > Queue assign as Vet Diet Pending Cancellation | Set Field Incidents > Status assign as Unresolved | Set Field Custom Field > Sign Off assign as | Set Field Custom Field > Rx Count assign as 0
Incident,SetField,F27-Vet Diet Waiting,F27-Unassign - Action,Disabled,"If (Incidents > Escalation Level  equals  UnassignVetDietOM  AND  Incidents > Previous Escalation Level  not equals  UnassignVetDietOM  AND  Incidents > Assigned  not equals  Unspecified  AND  Incidents > Status  equals  Unresolved, Waiting, Unspecified)",Set Field Incidents > Assigned assign as null | Set Field Custom Field > OpenMethods Status assign as initial | Set Field Custom Field > Agent Re-Open Date assign as
Incident,SetField,F27-Vet Diet Waiting,F27- Waiting 48-Hour Denied - Chain,Disabled,"If (Incidents > Disposition  equals  Pending 48-Hour Cancellation, Unspecified  AND  Incidents > Queue  equals  Vet Diet Waiting  AND  Incidents > Escalation Level  not equals  Vet Diet 48 hour Denied  AND  Incidents > Previous Escalation Level  equals  OCRcomplete, OCRpending, null  AND  Incidents > Disposition  is modified this edit    AND  Incidents > Category  equals  Denial, Denial> Pet Needs to be Seen, Denial>Wrong Pet, Denial>Wrong Pet, Denial>Wrong Item, Denial>Not a Client, Denial>Other)",Set Field Custom Field > Sign Off assign as Chain 1
Incident,SetField,F28-Vet Diet Post OCR Fax Routing,F28- Set OCR Field,Enabled,"If (Custom Field > OCR State  equals  [V2] Pre OCR Submit, [V2] Post OCR Submit, [V2] OCR Completed, [V2] OCR Failed)",Set Field Custom Field > Sign Off assign as OCR2 Incident
Incident,SetField,F28-Vet Diet Post OCR Fax Routing,F28-Vet Diet OCR2 Complete,Enabled,"If (( (  [No Value]  is null    AND  Orders > OrderId  is not null   )  OR (  [No Value]  is not null    AND  Orders > OrderId  is null   ) )  AND  Custom Field > OCR State  equals  OCR Completed, Post OCR Complete, [V2] OCR Completed, [V2] OCR Failed, [V3] OCR Completed)",Set Field Incidents > Queue assign as Vet Diet Fax | Set Field Incidents > Disposition assign as Unspecified | Set Field Custom Field > OpenMethods Status assign as OCRpending
Incident,SetField,F28-Vet Diet Post OCR Fax Routing,F28-Vet Diet Web Order Num OCR2,Enabled,"If ([No Value]  is null    AND  Custom Field > OCR State  equals  OCR Completed, Post OCR Complete, [V2] OCR Completed, [V2] OCR Failed, [V3] OCR Completed  AND  Custom Field > Channel  equals  Fax  AND  Orders > OrderId  is null)",Set Field Incidents > Queue assign as Vet Diet Fax | Set Field Incidents > Disposition assign as Unspecified | Set Field Custom Field > OpenMethods Status assign as pre-initial
Incident,SetField,F28-Vet Diet Post OCR Fax Routing,F28-Vet Diet OCR Complete,Disabled,If (Custom Field > OCR Failed  not equals  None  AND  Custom Field > OCR Failed  is modified this edit    AND (  [No Value]  is null    AND  Orders > OrderId  is not null   )  OR (  [No Value]  is not null    AND  Orders > OrderId  is null   )),Set Field Incidents > Queue assign as Vet Diet Fax | Set Field Incidents > Disposition assign as Unspecified | Set Field Custom Field > OpenMethods Status assign as OCRpending
Incident,SetField,F28-Vet Diet Post OCR Fax Routing,F28 - Reprocess Vet Diet OCR Korean,Disabled,If (Custom Field > OCR State  equals  OCR Completed  AND  Custom Field > Sign Off  not equals  reprocess_ocr  AND  Incidents > Status  not equals  Solved  AND  Orders > OrderId  is null),Set Field Custom Field > Sign Off assign as reprocess_ocr | Set Field Incidents > Queue assign as Vet Diet Fax Pending OCR | Set Field Custom Field > OCR Failed assign as None | Set Field Custom Field > OCR State assign as OCR Pending
Incident,SetField,F28-Vet Diet Post OCR Fax Routing,F28-Vet Diet Web Order Num,Disabled,If (Custom Field > OCR Failed  not equals  None  AND  Custom Field > OCR Failed  is modified this edit    AND  [No Value]  is null    AND  Orders > OrderId  is null),Set Field Incidents > Queue assign as Vet Diet Priority Data Entry | Set Field Incidents > Disposition assign as Unspecified | Set Field Custom Field > OpenMethods Status assign as pre-initial
Incident,SetField,F29-Vet Diet Parent Routing,F29- Parent Waiting - Chain,Enabled,If (Incidents > Status  not equals  Solved  AND  Incidents > Previous Escalation Level  equals  null  AND  Custom Field > Next Contact Date  is modified this edit),Set Field Incidents > Status assign as Waiting
Incident,SetField,F29-Vet Diet Parent Routing,F29 - Parent Waiting - Action,Enabled,If (Incidents > Escalation Level  is modified this edit    AND  Incidents > Escalation Level  equals  Call Parent  AND  Incidents > Previous Escalation Level  equals  null),Set Field Incidents > Status assign as Unresolved | Set Field Incidents > Queue assign as Vet Diet Outbound Pending | Set Field Custom Field > OpenMethods Status assign as accepted | Set Field Incidents > Disposition assign as Unspecified
Incident,SetField,F30-Vet Chat Follow-Ups,F30-Vet Chat Follow-Ups P1-Chain,Enabled,"If (Custom Field > Sign Off  equals  vetchat_p1  AND  Incidents > Escalation Level  not equals  Vet Chat Priority 1, Vet Chat Priority 2, Vet Chat Priority 3  AND  Incidents > Status  equals  Solved  AND  Incidents > Previous Escalation Level  equals  null)",Set Field Incidents > Status assign as Waiting | Set Field Incidents > Queue assign as Vet Chat Follow-Up Waiting | Set Field Custom Field > Follow-Up Time increment by +24 Hours Exactly
Incident,SetField,F30-Vet Chat Follow-Ups,F30-Vet Chat Follow-Up P1-Action,Enabled,If (Incidents > Escalation Level  equals  Vet Chat Priority 1  AND  Incidents > Escalation Level  is modified this edit    AND  Custom Field > Remove from Vet Tech Follow-Up  not equals  Yes),Set Field Incidents > Status assign as Follow-Up | Set Field Incidents > Queue assign as Vet Chat Follow-Up P1 | Set Field Incidents > Assigned assign as null
Incident,SetField,F30-Vet Chat Follow-Ups,F30-Vet Chat Follow-Ups P2-Chain,Enabled,"If (Custom Field > Sign Off  equals  vetchat_p2  AND  Incidents > Escalation Level  not equals  Vet Chat Priority 1, Vet Chat Priority 2, Vet Chat Priority 3  AND  Incidents > Status  equals  Solved  AND  Incidents > Previous Escalation Level  equals  null)",Set Field Incidents > Assigned assign as null | Set Field Incidents > Status assign as Waiting | Set Field Incidents > Queue assign as Vet Chat Follow-Up Waiting | Set Field Custom Field > Follow-Up Time increment by +48 Hours Exactly
Incident,SetField,F30-Vet Chat Follow-Ups,F30-Vet Chat Follow-Up P2-Action,Enabled,If (Incidents > Escalation Level  equals  Vet Chat Priority 2  AND  Incidents > Escalation Level  is modified this edit    AND  Custom Field > Remove from Vet Tech Follow-Up  not equals  Yes),Set Field Incidents > Status assign as Follow-Up | Set Field Incidents > Queue assign as Vet Chat Follow-Up P2 | Set Field Incidents > Assigned assign as null
Incident,SetField,F30-Vet Chat Follow-Ups,F30-Vet Chat Follow-Ups P3-Chain,Enabled,"If (Custom Field > Sign Off  equals  vetchat_p3  AND  Incidents > Escalation Level  not equals  Vet Chat Priority 1, Vet Chat Priority 2, Vet Chat Priority 3  AND  Incidents > Status  equals  Solved  AND  Incidents > Previous Escalation Level  equals  null)",Set Field Incidents > Assigned assign as null | Set Field Incidents > Status assign as Waiting | Set Field Incidents > Queue assign as Vet Chat Follow-Up Waiting | Set Field Custom Field > Follow-Up Time increment by +120 Hours Exactly
Incident,SetField,F30-Vet Chat Follow-Ups,F30-Vet Chat Follow-Up P3-Action,Enabled,If (Incidents > Escalation Level  equals  Vet Chat Priority 3  AND  Incidents > Escalation Level  is modified this edit    AND  Custom Field > Remove from Vet Tech Follow-Up  not equals  Yes),Set Field Incidents > Status assign as Follow-Up | Set Field Incidents > Queue assign as Vet Chat Follow-Up P3 | Set Field Incidents > Assigned assign as null
Incident,SetField,F30-Vet Chat Follow-Ups,F30-Vet Chat Follow-Up Cust - Chain,Enabled,If ((  Custom Field > Sign Off  equals  vetchat_p1  OR  Custom Field > Sign Off  equals  vetchat_p2  OR  Custom Field > Sign Off  equals  vetchat_p3 )  AND  Incidents > Status  equals  Waiting  AND  Incidents > Queue  is modified this edit    AND  Incidents > Queue  equals  Vet Chat Follow-Up Pending Customer),Set Field Incidents > Assigned assign as null
Incident,SetField,F30-Vet Chat Follow-Ups,F30-Vet Chat Follow-Up P3-Solve,Enabled,If (Incidents > Escalation Level  equals  Vet Chat Priority 3 Solve  AND  Incidents > Escalation Level  is modified this edit    AND  Custom Field > Remove from Vet Tech Follow-Up  not equals  Yes),Set Field Incidents > Status assign as Solved
Incident,SetField,F30-Vet Chat Follow-Ups,F30-Vet Chat Follow-Up Cust-Action,Enabled,If (Incidents > Escalation Level  equals  Vet Chat Follow-Up Pending Customer  AND  Incidents > Escalation Level  is modified this edit    AND  Incidents > Status  equals  Waiting),Set Field Incidents > Status assign as Solved
Incident,SetField,F32-Pharmacy Follow-Up,F32- Rx Lead Follow Up – Action,Enabled,If (Incidents > Escalation Level  is modified this edit    AND  Incidents > Escalation Level  equals  Rx Lead Follow Up  AND  Incidents > Previous Escalation Level  not equals  Rx Lead Follow Up  AND  Custom Field > Channel  not equals  Gabapentin),Set Field Incidents > Status assign as Unresolved | Set Field Incidents > Queue assign as Rx Lead Follow-up | Set Field Incidents > Disposition assign as Unspecified
Incident,SetField,F32-Pharmacy Follow-Up,F32- Rx Lead Follow Up – Action Gaba,Enabled,If (Incidents > Escalation Level  is modified this edit    AND  Incidents > Escalation Level  equals  Rx Lead Follow Up  AND  Incidents > Previous Escalation Level  not equals  Rx Lead Follow Up  AND  Custom Field > Channel  equals  Gabapentin),Set Field Incidents > Status assign as Unresolved | Set Field Incidents > Queue assign as Rx Lead Follow-up - AVP | Set Field Incidents > Disposition assign as Unspecified
Incident,SetField,F32-Pharmacy Follow-Up,F32- Rx Tech Follow Up – Action,Enabled,If (Incidents > Escalation Level  is modified this edit    AND  Incidents > Escalation Level  equals  Rx Tech Follow Up  AND  Incidents > Previous Escalation Level  not equals  Rx Tech Follow Up  AND  Custom Field > Channel  not equals  Gabapentin),Set Field Incidents > Status assign as Unresolved | Set Field Incidents > Queue assign as Rx Technician Follow-Up | Set Field Incidents > Disposition assign as Unspecified
Incident,SetField,F32-Pharmacy Follow-Up,F32- Rx Tech Follow Up – Action Gaba,Enabled,If (Incidents > Escalation Level  is modified this edit    AND  Incidents > Escalation Level  equals  Rx Tech Follow Up  AND  Incidents > Previous Escalation Level  equals  null  AND  Custom Field > Channel  equals  Gabapentin),Set Field Incidents > Status assign as Unresolved | Set Field Incidents > Queue assign as Rx Technician Follow-Up - AVP | Set Field Incidents > Disposition assign as Unspecified
Incident,SetField,F32-Pharmacy Follow-Up,F32- Rx Pharmacist Follow Up – Action,Enabled,If (Incidents > Escalation Level  is modified this edit    AND  Incidents > Escalation Level  equals  Rx Pharmacist Follow Up  AND  Incidents > Previous Escalation Level  not equals  Rx Pharmacist Follow Up),Set Field Incidents > Status assign as Unresolved
Incident,SetField,F33-Pharmacy Xfer Routing,F33a-Solve Phone Incidents,Enabled,If (Custom Field > Channel  equals  Phone Inbound  AND  Incidents > Disposition  equals  RX Pharmacy Tech  AND  Incidents > Disposition  is modified this edit),Set Field Incidents > Status assign as Solved
Incident,SetField,F33-Pharmacy Xfer Routing,F33b-Route to Rx Aged queue,Enabled,"If (Incidents > Disposition  equals  RX Pharmacy Tech  AND  Incidents > Disposition  is modified this edit    AND  Incidents > Category  equals  Contact Vet Request, Made Pet Sick/Won't Eat)",Set Field Incidents > Queue assign as Rx Aged Order | Set Field Incidents > Assigned assign as null | Set Field Custom Field > OpenMethods Status assign as initial
Incident,SetField,F33-Pharmacy Xfer Routing,F33c-Route to Rx Pharm Tech Q,Enabled,"If (Custom Field > Channel  equals  Chat, Email, Online Form, Storefront  AND  Incidents > Disposition  equals  RX Pharmacy Tech  AND  Incidents > Disposition  is modified this edit    AND  Incidents > Category  not equals  Contact Vet Request, Made Pet Sick/Won't Eat)",Set Field Incidents > Queue assign as Rx Pharmacy Tech Email | Set Field Incidents > Assigned assign as null | Set Field Custom Field > OpenMethods Status assign as initial
Incident,SetField,F34-US & CA-Object Detail Logging***,F34-US & CA-Object Detail Logging CPM***,Enabled,If (Custom Field > Suppress Object Detail Log  is modified this edit    AND  Custom Field > Suppress Object Detail Log  equals  Yes),Set Field Custom Field > Suppress Object Detail Log assign as None
Incident,SetField,F35-Inbound Fax Routing,F35 - Unknown Fax [OCRv3],Enabled,If (Incidents > Category  equals  Fax Received  AND  Orders > OrderId  is null),Set Field Incidents > Queue assign as Rx Pharmacy Data Entry - AVP
Incident,SetField,F35-Inbound Fax Routing,F35 - LS Drug Fax [OCRv3],Enabled,If (Incidents > Category  equals  LS Outbound Prescription Follow-Up  AND  Orders > OrderId  is not null),Set Field Incidents > Queue assign as Rx Pharmacy Data Entry
Incident,SetField,F35-Inbound Fax Routing,F35 - Drug Fax [OCRv3],Enabled,If (Incidents > Category  equals  Fax Received  AND  Orders > OrderId  is not null),Set Field Incidents > Queue assign as Rx Pharmacy Data Entry
Incident,SetField,F36-Rx Northstar Routing,F36-Rx Pharmacy Northstar - Discard [dscrd],Enabled,If (Custom Field > Routing Tags  contains  [dscrd]),Set Field Incidents > Assigned assign as Unspecified | Set Field Incidents > Status assign as Solved | Set Field Incidents > Category assign as Error/Duplicate
Incident,SetField,F36-Rx Northstar Routing,F36-Rx DUR Onsite [dur][onst][gaba][hipr],Enabled,If (Custom Field > Routing Tags  is modified this edit    AND  Custom Field > Routing Tags  contains  [dur]  AND  Custom Field > Routing Tags  contains  [onst]  AND  Custom Field > Routing Tags  contains  [gaba]  AND  Custom Field > Routing Tags  contains  [hipr]),Set Field Incidents > Assigned assign as Unspecified | Set Field Incidents > Queue assign as Rx Pharmacy DUR - AVP | Set Field Incidents > Status assign as Unresolved | Set Field Incidents > Disposition assign as RX Pharmacist | Set Field Incidents > Category assign as Approval | Set Field Custom Field > Channel assign as Gabapentin
Incident,SetField,F36-Rx Northstar Routing,F36-Rx DUR Onsite [dur][onst][gaba],Enabled,If (Custom Field > Routing Tags  is modified this edit    AND  Custom Field > Routing Tags  contains  [dur]  AND  Custom Field > Routing Tags  contains  [onst]  AND  Custom Field > Routing Tags  contains  [gaba]  AND  Custom Field > Routing Tags  does not contain  [hipr]),Set Field Incidents > Assigned assign as Unspecified | Set Field Incidents > Queue assign as Rx Pharmacy DUR - AVP | Set Field Incidents > Status assign as Unresolved | Set Field Incidents > Disposition assign as RX Pharmacist | Set Field Incidents > Category assign as Approval | Set Field Custom Field > Channel assign as Gabapentin
Incident,SetField,F36-Rx Northstar Routing,F36-Rx DUR Onsite [dur][onst][hipr],Enabled,If (Custom Field > Routing Tags  is modified this edit    AND  Custom Field > Routing Tags  contains  [dur]  AND  Custom Field > Routing Tags  contains  [onst]  AND  Custom Field > Routing Tags  contains  [hipr]  AND  Custom Field > Routing Tags  does not contain  [gaba]),Set Field Incidents > Assigned assign as Unspecified | Set Field Incidents > Queue assign as Rx Priority DUR Queue | Set Field Incidents > Status assign as Unresolved | Set Field Incidents > Disposition assign as RX Pharmacist | Set Field Incidents > Category assign as LS Refill Order
Incident,SetField,F36-Rx Northstar Routing,F36-Rx Denied Reship Gaba [dnd][rshp][gaba],Enabled,If (Custom Field > Routing Tags  is modified this edit    AND  Custom Field > Routing Tags  contains  [dnd]  AND  Custom Field > Routing Tags  contains  [rshp]  AND  Custom Field > Routing Tags  contains  [gaba]),Set Field Incidents > Assigned assign as Unspecified | Set Field Incidents > Queue assign as Rx Reship Queue - AVP | Set Field Incidents > Status assign as Unresolved | Set Field Incidents > Disposition assign as Pending Reship | Set Field Incidents > Category assign as Denial | Set Field Custom Field > Channel assign as Gabapentin
Incident,SetField,F36-Rx Northstar Routing,F36-Rx Denied Reship [dnd][rshp],Enabled,If (Custom Field > Routing Tags  is modified this edit    AND  Custom Field > Routing Tags  contains  [dnd]  AND  Custom Field > Routing Tags  contains  [rshp]  AND  Custom Field > Routing Tags  does not contain  [gaba]),Set Field Incidents > Assigned assign as Unspecified | Set Field Incidents > Queue assign as Rx Reship Queue | Set Field Incidents > Status assign as Unresolved | Set Field Incidents > Disposition assign as Pending Reship | Set Field Incidents > Category assign as Denial
Incident,SetField,F36-Rx Northstar Routing,F36-Rx Approved Reship [aprv][rshp][gaba],Enabled,If (Custom Field > Routing Tags  is modified this edit    AND  Custom Field > Routing Tags  contains  [aprv]  AND  Custom Field > Routing Tags  contains  [rshp]  AND  Custom Field > Routing Tags  contains  [gaba]),Set Field Incidents > Assigned assign as Unspecified | Set Field Incidents > Queue assign as Rx Reship Ready - AVP | Set Field Incidents > Status assign as Unresolved | Set Field Incidents > Disposition assign as Pending Reship | Set Field Incidents > Category assign as Approval | Set Field Custom Field > Channel assign as Gabapentin
Incident,SetField,F36-Rx Northstar Routing,F36-Rx Approved Reship [aprv][rshp],Enabled,If (Custom Field > Routing Tags  is modified this edit    AND  Custom Field > Routing Tags  contains  [aprv]  AND  Custom Field > Routing Tags  contains  [rshp]  AND  Custom Field > Routing Tags  does not contain  [gaba]),Set Field Incidents > Assigned assign as Unspecified | Set Field Incidents > Queue assign as Reship Ready | Set Field Incidents > Status assign as Unresolved | Set Field Incidents > Disposition assign as Pending Reship | Set Field Incidents > Category assign as Approval
Incident,SetField,F36-Rx Northstar Routing,F36-Rx Pharmacy Northstar - Follow-up [rshp][snl][gaba],Disabled,If (Custom Field > Routing Tags  contains  [rshp]  AND  Custom Field > Routing Tags  contains  [nsfu]  AND  Custom Field > Routing Tags  contains  [snl]  AND  Custom Field > Routing Tags  contains  [gaba]  AND (  Custom Field > Routing Tags  does not contain  [nstech]  OR  Custom Field > Routing Tags  does not contain  [nsrph]  OR  Custom Field > Routing Tags  does not contain  [nsld] )),Set Field Incidents > Queue assign as Rx Reship Queue - AVP | Set Field Incidents > Assigned assign as Unspecified | Set Field Incidents > Status assign as Unresolved | Set Field Incidents > Disposition assign as RX Pharmacist | Set Field Incidents > Category assign as Reship | Set Field Custom Field > Channel assign as Gabapentin
Incident,SetField,F36-Rx Northstar Routing,F36-Rx Pharmacy Northstar - Follow-up [rshp][snl][avp],Disabled,If (Custom Field > Routing Tags  contains  [rshp]  AND  Custom Field > Routing Tags  contains  [nsfu]  AND  Custom Field > Routing Tags  contains  [snl]  AND  Custom Field > Routing Tags  contains  [avp]  AND (  Custom Field > Routing Tags  does not contain  [nstech]  OR  Custom Field > Routing Tags  does not contain  [nsrph]  OR  Custom Field > Routing Tags  does not contain  [nsld] )),Set Field Incidents > Queue assign as Rx Reship Queue - AVP | Set Field Incidents > Assigned assign as Unspecified | Set Field Incidents > Status assign as Unresolved | Set Field Incidents > Disposition assign as RX Pharmacist | Set Field Incidents > Category assign as Reship | Set Field Custom Field > Channel assign as Gabapentin
Incident,SetField,F36-Rx Northstar Routing,F36-Rx Pharmacy Northstar - Follow-up [rshp][snl][sdf],Disabled,If (Custom Field > Routing Tags  contains  [rshp]  AND  Custom Field > Routing Tags  contains  [nsfu]  AND  Custom Field > Routing Tags  contains  [snl]  AND  Custom Field > Routing Tags  contains  [sdf]  AND  Custom Field > Routing Tags  does not contain  [gaba]  AND (  Custom Field > Routing Tags  does not contain  [nstech]  OR  Custom Field > Routing Tags  does not contain  [nsrph]  OR  Custom Field > Routing Tags  does not contain  [nsld] )),Set Field Incidents > Queue assign as Rx Reship Queue | Set Field Incidents > Assigned assign as Unspecified | Set Field Incidents > Status assign as Unresolved | Set Field Incidents > Disposition assign as RX Pharmacist | Set Field Incidents > Category assign as Reship
Incident,SetField,F36-Rx Northstar Routing,F36-Rx Reship - Follow-up [rshp][nsfu][gaba],Enabled,If (Custom Field > Routing Tags  contains  [rshp]  AND  Custom Field > Routing Tags  contains  [nsfu]  AND  Custom Field > Routing Tags  contains  [gaba]),Set Field Incidents > Queue assign as Rx Reship Queue - AVP | Set Field Incidents > Assigned assign as Unspecified | Set Field Incidents > Status assign as Unresolved | Set Field Incidents > Disposition assign as RX Pharmacist | Set Field Incidents > Category assign as Reship | Set Field Custom Field > Channel assign as Gabapentin
Incident,SetField,F36-Rx Northstar Routing,F36-Rx Reship - Follow-up [rshp][nsfu][avp],Enabled,If (Custom Field > Routing Tags  contains  [rshp]  AND  Custom Field > Routing Tags  contains  [nsfu]  AND  Custom Field > Routing Tags  contains  [avp]  AND  Custom Field > Routing Tags  does not contain  [gaba]),Set Field Incidents > Queue assign as Rx Reship Queue - AVP | Set Field Incidents > Assigned assign as Unspecified | Set Field Incidents > Status assign as Unresolved | Set Field Incidents > Disposition assign as RX Pharmacist | Set Field Incidents > Category assign as Reship
Incident,SetField,F36-Rx Northstar Routing,F36-Rx Reship - Follow-up [rshp][nsfu],Enabled,If (Custom Field > Routing Tags  contains  [rshp]  AND  Custom Field > Routing Tags  contains  [nsfu]  AND  Custom Field > Routing Tags  does not contain  [gaba]),Set Field Incidents > Queue assign as Rx Reship Queue | Set Field Incidents > Assigned assign as Unspecified | Set Field Incidents > Status assign as Unresolved | Set Field Incidents > Disposition assign as RX Pharmacist | Set Field Incidents > Category assign as Reship
Incident,SetField,F36-Rx Northstar Routing,F36-Rx DUR High Priority Gaba [dur][hipr][gaba],Enabled,If (Custom Field > Routing Tags  is modified this edit    AND  Custom Field > Routing Tags  contains  [dur]  AND  Custom Field > Routing Tags  contains  [hipr]  AND  Custom Field > Routing Tags  contains  [gaba]),Set Field Incidents > Assigned assign as Unspecified | Set Field Incidents > Queue assign as Rx Pharmacy DUR - AVP | Set Field Incidents > Status assign as Unresolved | Set Field Incidents > Disposition assign as RX Pharmacist | Set Field Incidents > Category assign as Approval | Set Field Custom Field > Channel assign as Gabapentin
Incident,SetField,F36-Rx Northstar Routing,F36-Rx DUR POF Gaba [dur][pof][gaba],Enabled,If (Custom Field > Routing Tags  is modified this edit    AND  Custom Field > Routing Tags  contains  [dur]  AND  Custom Field > Routing Tags  contains  [pof]  AND  Custom Field > Routing Tags  contains  [gaba]),Set Field Incidents > Assigned assign as Unspecified | Set Field Incidents > Queue assign as Rx Pharmacy DUR - AVP | Set Field Incidents > Status assign as Unresolved | Set Field Incidents > Disposition assign as RX Pharmacist | Set Field Incidents > Category assign as Put on File | Set Field Custom Field > Channel assign as Snail Mail
Incident,SetField,F36-Rx Northstar Routing,F36-Rx Pharmacy - Data Entry Snail Mail [de][snl][onst],Enabled,If (Custom Field > Routing Tags  contains  [de]  AND  Custom Field > Routing Tags  contains  [snl]  AND  Custom Field > Routing Tags  contains  [onst]),Set Field Incidents > Queue assign as Rx Pharmacy Data Entry – Onsite | Set Field Incidents > Assigned assign as Unspecified | Set Field Incidents > Status assign as Unresolved | Set Field Incidents > Disposition assign as RX Pharmacist | Set Field Custom Field > Channel assign as Snail Mail | Set Field Incidents > Channel assign as Email | Set Field Incidents > Mailbox assign as RX | Set Field Custom Field > OpenMethods Status assign as pre-initial
Incident,SetField,F36-Rx Northstar Routing,F36-Rx Pharmacy - Data Entry Snail Mail [de][snl][gaba],Enabled,If (Custom Field > Routing Tags  contains  [de]  AND  Custom Field > Routing Tags  contains  [snl]  AND  Custom Field > Routing Tags  does not contain  [onst]  AND  Custom Field > Routing Tags  contains  [gaba]),Set Field Incidents > Queue assign as Rx Pharmacy Data Entry - AVP | Set Field Incidents > Assigned assign as Unspecified | Set Field Incidents > Status assign as Unresolved | Set Field Incidents > Disposition assign as RX Pharmacist | Set Field Custom Field > Channel assign as Gabapentin | Set Field Incidents > Channel assign as Email | Set Field Incidents > Mailbox assign as RX | Set Field Custom Field > OpenMethods Status assign as pre-initial
Incident,SetField,F36-Rx Northstar Routing,F36-Rx Pharmacy - Data Entry Snail Mail [de][snl][avp],Enabled,If (Custom Field > Routing Tags  contains  [de]  AND  Custom Field > Routing Tags  contains  [snl]  AND  Custom Field > Routing Tags  does not contain  [onst]  AND  Custom Field > Routing Tags  contains  [avp]),Set Field Incidents > Queue assign as Rx Pharmacy Data Entry - AVP | Set Field Incidents > Assigned assign as Unspecified | Set Field Incidents > Status assign as Unresolved | Set Field Incidents > Disposition assign as RX Pharmacist | Set Field Custom Field > Channel assign as Snail Mail | Set Field Incidents > Channel assign as Email | Set Field Incidents > Mailbox assign as RX | Set Field Custom Field > OpenMethods Status assign as pre-initial
Incident,SetField,F36-Rx Northstar Routing,F36-Rx Pharmacy - Data Entry Snail Mail [de][snl][sdf],Enabled,If (Custom Field > Routing Tags  contains  [de]  AND  Custom Field > Routing Tags  contains  [snl]  AND  Custom Field > Routing Tags  contains  [sdf]  AND  Custom Field > Routing Tags  does not contain  [gaba]  AND  Custom Field > Routing Tags  does not contain  [onst]  AND  Custom Field > Routing Tags  does not contain  [avp]),Set Field Incidents > Queue assign as Rx Pharmacy Data Entry | Set Field Incidents > Assigned assign as Unspecified | Set Field Incidents > Status assign as Unresolved | Set Field Incidents > Disposition assign as RX Pharmacist | Set Field Custom Field > Channel assign as Snail Mail | Set Field Incidents > Channel assign as Email | Set Field Incidents > Mailbox assign as RX | Set Field Custom Field > OpenMethods Status assign as pre-initial
Incident,SetField,F36-Rx Northstar Routing,F36-Rx Data Entry High Priority Gaba [de][hipr][gaba],Enabled,If (Custom Field > Routing Tags  is modified this edit    AND  Custom Field > Routing Tags  contains  [de]  AND  Custom Field > Routing Tags  contains  [hipr]  AND  Custom Field > Routing Tags  contains  [gaba]  AND  Custom Field > Routing Tags  does not contain  [snl]),Set Field Incidents > Assigned assign as Unspecified | Set Field Incidents > Queue assign as Rx Pharmacy Data Entry - AVP | Set Field Incidents > Status assign as Unresolved | Set Field Incidents > Category assign as Fax Received | Set Field Custom Field > Channel assign as Gabapentin | Set Field Custom Field > OpenMethods Status assign as pre-initial | Set Field Incidents > Disposition assign as RX Pharmacist
Incident,SetField,F36-Rx Northstar Routing,F36-Rx Data Entry Onsite [de][onst],Enabled,If (Custom Field > Routing Tags  is modified this edit    AND  Custom Field > Routing Tags  contains  [de]  AND  Custom Field > Routing Tags  contains  [onst]  AND  Custom Field > Routing Tags  does not contain  [snl]),Set Field Incidents > Assigned assign as Unspecified | Set Field Incidents > Queue assign as Rx Pharmacy Data Entry – Onsite | Set Field Incidents > Status assign as Unresolved | Set Field Incidents > Category assign as Fax Received | Set Field Custom Field > Channel assign as Fax | Set Field Custom Field > OpenMethods Status assign as pre-initial
Incident,SetField,F36-Rx Northstar Routing,F36-Rx DUR POF non-gaba/non-hipr [dur][pof],Enabled,If (Custom Field > Routing Tags  is modified this edit    AND  Custom Field > Routing Tags  contains  [dur]  AND  Custom Field > Routing Tags  contains  [pof]  AND  Custom Field > Routing Tags  does not contain  [gaba]),Set Field Incidents > Assigned assign as Unspecified | Set Field Incidents > Queue assign as Rx Pharmacy DUR | Set Field Incidents > Status assign as Unresolved | Set Field Incidents > Disposition assign as RX Pharmacist | Set Field Incidents > Category assign as Put on File | Set Field Custom Field > Channel assign as Snail Mail
Incident,SetField,F36-Rx Northstar Routing,F36-Rx DUR High Priority [dur][hipr],Enabled,If (Custom Field > Routing Tags  is modified this edit    AND  Custom Field > Routing Tags  contains  [dur]  AND  Custom Field > Routing Tags  contains  [hipr]  AND  Custom Field > Routing Tags  does not contain  [gaba]  AND  Custom Field > Channel  not equals  Gabapentin),Set Field Incidents > Assigned assign as Unspecified | Set Field Incidents > Queue assign as Rx Priority DUR Queue | Set Field Incidents > Status assign as Unresolved | Set Field Incidents > Disposition assign as RX Pharmacist | Set Field Incidents > Category assign as LS Refill Order
Incident,SetField,F36-Rx Northstar Routing,F36-Rx DUR Gaba [dur][gaba],Enabled,If (Custom Field > Routing Tags  is modified this edit    AND  Custom Field > Routing Tags  contains  [dur]  AND  Custom Field > Routing Tags  contains  [gaba]  AND  Custom Field > Routing Tags  does not contain  [hipr]),Set Field Incidents > Assigned assign as Unspecified | Set Field Incidents > Queue assign as Rx Pharmacy DUR - AVP | Set Field Incidents > Status assign as Unresolved | Set Field Incidents > Disposition assign as RX Pharmacist | Set Field Incidents > Category assign as Approval | Set Field Custom Field > Channel assign as Gabapentin
Incident,SetField,F36-Rx Northstar Routing,F36-Rx DUR Onsite [dur][onst],Enabled,If (Custom Field > Routing Tags  is modified this edit    AND  Custom Field > Routing Tags  contains  [dur]  AND  Custom Field > Routing Tags  contains  [onst]  AND  Custom Field > Routing Tags  does not contain  [gaba]  AND  Custom Field > Routing Tags  does not contain  [hipr]  AND  Custom Field > Channel  not equals  Gabapentin),Set Field Incidents > Assigned assign as Unspecified | Set Field Incidents > Queue assign as Rx Pharmacy DUR | Set Field Incidents > Status assign as Unresolved | Set Field Incidents > Disposition assign as RX Pharmacist | Set Field Incidents > Category assign as Approval
Incident,SetField,F36-Rx Northstar Routing,F36-Rx DUR non-gaba/non-hipr [dur],Enabled,If (Custom Field > Routing Tags  is modified this edit    AND  Custom Field > Routing Tags  contains  [dur]  AND  Custom Field > Routing Tags  does not contain  [gaba]  AND  Custom Field > Routing Tags  does not contain  [hipr]  AND  Custom Field > Channel  not equals  Gabapentin),Set Field Incidents > Assigned assign as Unspecified | Set Field Incidents > Queue assign as Rx Pharmacy DUR | Set Field Incidents > Status assign as Unresolved | Set Field Incidents > Disposition assign as RX Pharmacist | Set Field Incidents > Category assign as Approval
Incident,SetField,F36-Rx Northstar Routing,F36-Rx Data Entry Gaba non-hipr [de][gaba],Enabled,If (Custom Field > Routing Tags  is modified this edit    AND  Custom Field > Routing Tags  contains  [de]  AND  Custom Field > Routing Tags  contains  [gaba]  AND  Custom Field > Routing Tags  does not contain  [hipr]  AND  Custom Field > Routing Tags  does not contain  [snl]),Set Field Incidents > Assigned assign as Unspecified | Set Field Incidents > Queue assign as Rx Pharmacy Data Entry - AVP | Set Field Incidents > Status assign as Unresolved | Set Field Incidents > Category assign as Fax Received | Set Field Custom Field > Channel assign as Gabapentin | Set Field Custom Field > OpenMethods Status assign as pre-initial
Incident,SetField,F36-Rx Northstar Routing,F36-Rx Data Entry High Priority non-gaba [de][hipr],Enabled,If (Custom Field > Routing Tags  is modified this edit    AND  Custom Field > Routing Tags  contains  [de]  AND  Custom Field > Routing Tags  contains  [hipr]  AND  Custom Field > Routing Tags  does not contain  [gaba]  AND  Custom Field > Routing Tags  does not contain  [snl]),Set Field Incidents > Assigned assign as Unspecified | Set Field Incidents > Queue assign as Rx Pharmacy Data Entry | Set Field Incidents > Status assign as Unresolved | Set Field Incidents > Category assign as LS Outbound Prescription Follow-Up | Set Field Custom Field > Channel assign as Fax | Set Field Custom Field > OpenMethods Status assign as pre-initial
Incident,SetField,F36-Rx Northstar Routing,F36-Rx Data Entry non-gaba/non-hipr [de],Enabled,If (Custom Field > Routing Tags  is modified this edit    AND  Custom Field > Routing Tags  contains  [de]  AND  Custom Field > Routing Tags  does not contain  [gaba]  AND  Custom Field > Routing Tags  does not contain  [hipr]  AND  Custom Field > Routing Tags  does not contain  [snl]),Set Field Incidents > Assigned assign as Unspecified | Set Field Incidents > Queue assign as Rx Pharmacy Data Entry | Set Field Incidents > Status assign as Unresolved | Set Field Incidents > Category assign as Fax Received | Set Field Custom Field > Channel assign as Fax | Set Field Custom Field > OpenMethods Status assign as pre-initial
Incident,SetField,F36-Rx Northstar Routing,F36-Rx Pharmacy Northstar - Follow-up [ncno],Enabled,If (Custom Field > Routing Tags  contains  [ncno]  AND  Custom Field > Routing Tags  contains  [nsfu]),Set Field Incidents > Queue assign as Rx NCNO | Set Field Incidents > Assigned assign as Unspecified | Set Field Incidents > Status assign as Unresolved | Set Field Incidents > Disposition assign as Pending NCNO | Set Field Incidents > Category assign as Put On File | Set Field Custom Field > Channel assign as Verbal Approval
Incident,SetField,F36-Rx Northstar Routing,F36-Rx Pharmacy Northstar - Follow-up [vd],Enabled,If (Custom Field > Routing Tags  contains  [vd]  AND  Custom Field > Routing Tags  contains  [nsfu]),Set Field Incidents > Queue assign as Vet Diet Fax | Set Field Incidents > Assigned assign as Unspecified | Set Field Incidents > Status assign as Unresolved | Set Field Incidents > Disposition assign as Vet Diet | Set Field Incidents > Category assign as Intended for Vet Diet | Set Field Custom Field > Channel assign as Fax | Set Field Incidents > Mailbox assign as Vet Diet | Set Field Custom Field > OpenMethods Status assign as pre-initial | Set Field Custom Field > Vet Diet Escalation Reason assign as Fax Request
Incident,SetField,F36-Rx Northstar Routing,F36-Rx Pharmacy Northstar - Inbound Fax [infx],Enabled,If (Custom Field > Routing Tags  contains  [nsp]  AND  Custom Field > Routing Tags  contains  [infx]  AND  Custom Field > Routing Tags  does not contain  [dur]  AND  Custom Field > Routing Tags  is modified this edit),Set Field Incidents > Assigned assign as Unspecified | Set Field Incidents > Queue assign as Rx Northstar Holding | Set Field Incidents > Status assign as Solved
Incident,SetField,F36-Rx Northstar Routing,F36-Rx Pharmacy Northstar - Follow-up [nstech][onst],Enabled,If (Custom Field > Routing Tags  contains  [nstech]  AND  Custom Field > Routing Tags  contains  [nsfu]  AND  Custom Field > Routing Tags  contains  [onst]),Set Field Incidents > Queue assign as Rx Pharmacy Data Entry – Onsite | Set Field Incidents > Assigned assign as Unspecified | Set Field Incidents > Status assign as Waiting | Set Field Incidents > Disposition assign as Rx Technician Follow Up | Set Field Custom Field > OpenMethods Status assign as pre-initial
Incident,SetField,F36-Rx Northstar Routing,F36-Rx Pharmacy Northstar - Follow-up [nstech][gaba],Enabled,If (Custom Field > Routing Tags  contains  [nstech]  AND  Custom Field > Routing Tags  contains  [nsfu]  AND  Custom Field > Routing Tags  contains  [gaba]),Set Field Incidents > Queue assign as Rx Waiting Queue | Set Field Incidents > Assigned assign as Unspecified | Set Field Incidents > Status assign as Waiting | Set Field Incidents > Disposition assign as Rx Technician Follow Up | Set Field Custom Field > Channel assign as Gabapentin
Incident,SetField,F36-Rx Northstar Routing,F36-Rx Pharmacy Northstar - Follow-up [nstech],Enabled,If (Custom Field > Routing Tags  contains  [nstech]  AND  Custom Field > Routing Tags  contains  [nsfu]  AND  Custom Field > Routing Tags  does not contain  [gaba]),Set Field Incidents > Queue assign as Rx Waiting Queue | Set Field Incidents > Assigned assign as Unspecified | Set Field Incidents > Status assign as Waiting | Set Field Incidents > Disposition assign as Rx Technician Follow Up
Incident,SetField,F36-Rx Northstar Routing,F36-Rx Pharmacy Northstar - Follow-up [nsrph][gaba],Enabled,If (Custom Field > Routing Tags  contains  [nsrph]  AND  Custom Field > Routing Tags  contains  [nsfu]  AND  Custom Field > Routing Tags  contains  [gaba]),Set Field Incidents > Queue assign as Rx Pharmacist Follow-Up | Set Field Incidents > Assigned assign as Unspecified | Set Field Incidents > Status assign as Waiting | Set Field Incidents > Disposition assign as Pharmacist Follow-Up - Pending 1st Touch | Set Field Incidents > Category assign as Pharmacist Follow-Up | Set Field Custom Field > Channel assign as Gabapentin
Incident,SetField,F36-Rx Northstar Routing,F36-Rx Pharmacy Northstar - Follow-up [nsrph],Enabled,If (Custom Field > Routing Tags  contains  [nsrph]  AND  Custom Field > Routing Tags  contains  [nsfu]  AND  Custom Field > Routing Tags  does not contain  [gaba]),Set Field Incidents > Queue assign as Rx Pharmacist Follow-Up | Set Field Incidents > Assigned assign as Unspecified | Set Field Incidents > Status assign as Waiting | Set Field Incidents > Disposition assign as Pharmacist Follow-Up - Pending 1st Touch | Set Field Incidents > Category assign as Pharmacist Follow-Up
Incident,SetField,F36-Rx Northstar Routing,F36-Rx Pharmacy Northstar - Lead Follow-up [nsld][gaba],Enabled,If (Custom Field > Routing Tags  contains  [nsld]  AND  Custom Field > Routing Tags  contains  [nsfu]  AND  Custom Field > Routing Tags  contains  [gaba]),Set Field Incidents > Queue assign as Rx Waiting Queue | Set Field Incidents > Assigned assign as Unspecified | Set Field Incidents > Status assign as Waiting | Set Field Incidents > Disposition assign as Rx Lead Follow-Up | Set Field Custom Field > Channel assign as Gabapentin
Incident,SetField,F36-Rx Northstar Routing,F36-Rx Pharmacy Northstar - Lead Follow-up [nsld],Enabled,If (Custom Field > Routing Tags  contains  [nsld]  AND  Custom Field > Routing Tags  contains  [nsfu]  AND  Custom Field > Routing Tags  does not contain  [gaba]),Set Field Incidents > Queue assign as Rx Waiting Queue | Set Field Incidents > Assigned assign as Unspecified | Set Field Incidents > Status assign as Waiting | Set Field Incidents > Disposition assign as Rx Lead Follow-Up
Incident,SetField,F36-Rx Northstar Routing,F36-Rx Pharmacy Northstar - Rx CS Follow-up [rxcs],Enabled,If (Custom Field > Routing Tags  contains  [rxcs]  AND  Custom Field > Routing Tags  contains  [nsfu]  AND  Custom Field > Routing Tags  does not contain  [digi]),Set Field Incidents > Queue assign as RxCS Follow-Up Waiting | Set Field Incidents > Assigned assign as Unspecified | Set Field Incidents > Status assign as Waiting | Set Field Incidents > Disposition assign as Follow-Up Needed | Set Field Incidents > Mailbox assign as RX | Set Field Custom Field > OpenMethods Status assign as pre-initial
Incident,SetField,F36-Rx Northstar Routing,F36-Rx Pharmacy Northstar - ENTERED [nsp],Enabled,If (Custom Field > Routing Tags  equals  [nsp]  AND  Custom Field > Routing Tags  is modified this edit),Set Field Incidents > Queue assign as Rx Northstar Holding | Set Field Incidents > Assigned assign as Unspecified | Set Field Incidents > Status assign as Solved | Set Field Incidents > Disposition assign as RX Pharmacist | Set Field Incidents > Category assign as Approval
Incident,SetField,F50-CA-Email Routing,F50-CA-VendorP49 Emails,Enabled,"If (Incidents > Mailbox  equals  null, null  AND  Incidents > Interface  equals  chewyca)",Set Field Incidents > Queue assign as CA - Vendor Request (P49) | Set Field Incidents > Assigned assign as null | Set Field Custom Field > OpenMethods Status assign as accepted | Set Field Custom Field > Open Date equal to the value of Now | Set Field Incidents > Interface assign as chewyca
Incident,SetField,F50-CA-Email Routing,F50-CA-Cancel Order Emails,Enabled,If (Incidents > Subject  contains  Cancel  AND  Incidents > Mailbox  equals  chewyca@custhelp.com  AND  Incidents > Interface  equals  chewyca),Set Field Incidents > Queue assign as CA - General Email | Set Field Incidents > Assigned assign as null | Set Field Custom Field > OpenMethods Status assign as pre-initial | Set Field Custom Field > Open Date equal to the value of Now
Incident,SetField,F50-CA-Email Routing,F50-G-CA-Cancel Order Emails,Enabled,If (Incidents > Subject  contains  Cancel  AND  Incidents > Mailbox  equals  chewyca@custhelp.com  AND  Incidents > Interface  equals  chewyca  AND  Incidents > Queue  equals  CA - General Email  AND (  Incidents > Channel  equals  Email  OR  Custom Field > Channel  equals  Email )),Set Field Incidents > Assigned assign as null | Set Field Custom Field > OpenMethods Status assign as pre-initial | Set Field Custom Field > Open Date equal to the value of Now
Incident,SetField,F50-CA-Email Routing,F50-CA-Autoship Update Email,Enabled,If (Incidents > Subject  equals  Important Update About Your Autoship Order  AND  Incidents > Mailbox  equals  chewyca@custhelp.com  AND  Incidents > Interface  equals  chewyca),Set Field Incidents > Queue assign as CA - Gen CS Priority Queue | Set Field Incidents > Assigned assign as null | Set Field Custom Field > OpenMethods Status assign as initial
Incident,SetField,F50-CA-Email Routing,F50-CA- Supply Reply General Routing,Enabled,"If (Incidents > Queue  equals  CA - General Email, CA - General Email Overflow, CA - Supply, CA - Supply Shipping, CA - Supply Warehouse  AND  Custom Field > Supply Escalation Reason  equals  Box Request, Defective, Exceptions, Infestation, OOS Request, Overnight Request, Past Expiration, PDI, Pick-Up Request, Pull-Back Request, Reroute Request, RMA Request, Shipper/Delivery Complaints, Warehouse/Packaging Complaints, RMA Refund Failed, FedEx Delivery Exceptions, Unspecified  AND  Incidents > Incoming Mailbox  equals  chewyca@custhelp.com, Supply Mailbox, Unspecified  AND  Incidents > Updated from  equals  Utilities  AND  Incidents > Interface  equals  chewyca)",Set Field Incidents > Queue assign as CA - General Email | Set Field Custom Field > Open Date equal to the value of Now | Set Field Custom Field > OpenMethods Status assign as initial
Incident,SetField,F50-CA-Email Routing,F50-G-CA-Autoship Update Email,Enabled,If (Incidents > Subject  equals  Important Update About Your Autoship Order  AND  Incidents > Mailbox  equals  chewyca@custhelp.com  AND  Incidents > Interface  equals  chewyca  AND  Incidents > Queue  equals  CA - Gen CS Priority Queue  AND (  Incidents > Channel  equals  Email  OR  Custom Field > Channel  equals  Email )),Set Field Incidents > Assigned assign as null | Set Field Custom Field > OpenMethods Status assign as initial
Incident,SetField,F51-CA-Case Update,F51-CA-Re-Assign Emails,Enabled,"If (Incidents > Assigned  is modified this edit    AND  Incidents > Assigned  equals  Unspecified  AND  Custom Field > OpenMethods Status  equals  accepted  AND  Custom Field > Channel  equals  Email  AND  Incidents > Queue  equals  CA - General Email, CA - General Email Overflow  AND  Incidents > Updated from  equals  CX Console, Thin Client, Web Console Incident Editor, Web Console Analytics Report  AND  Incidents > Interface  equals  chewyca)",Set Field Incidents > Queue assign as CA - General Email Overflow | Set Field Custom Field > OpenMethods Status assign as initial
Incident,SetField,F51-CA-Case Update,F51-CA-Set Shipper OnTrac,Enabled,If (Custom Field > Tracking Number  is modified this edit    AND  Custom Field > Tracking Number  contains  D1001  AND  Custom Field > Shipper  equals  Unspecified  AND  Incidents > Interface  equals  chewyca),Set Field Custom Field > Shipper assign as OnTrac
Incident,SetField,F51-CA-Case Update,F51-CA-Set Shipper FedEx,Enabled,If (Custom Field > Tracking Number  is modified this edit    AND  Custom Field > Tracking Number  does not contain  1LS  AND  Custom Field > Shipper  equals  Unspecified  AND  Custom Field > Tracking Number  does not contain  D1001  AND  Incidents > Interface  equals  chewyca),Set Field Custom Field > Shipper assign as FedEx
Incident,SetField,F51-CA-Case Update,F51-CA Supply Transfer Unassign,Enabled,"If (Incidents > Disposition  equals  Supply  AND  Incidents > Queue  not equals  CA - Supply, Unspecified  AND  Incidents > Disposition  is modified this edit    AND  Custom Field > Supply Escalation Reason  equals  PDI  AND  Incidents > Interface  equals  chewyca)",Set Field Incidents > Status assign as Unresolved | Set Field Incidents > Assigned assign as null | Set Field Custom Field > Transfer Date equal to the value of Now | Set Field Incidents > Queue assign as CA - Supply
Incident,SetField,F51-CA-Case Update,F51-CA-Supply Customer Escalation,Enabled,"If (Incidents > Disposition  equals  Supply  AND  Incidents > Queue  not equals  CA - Supply  AND  Incidents > Disposition  is modified this edit    AND  Custom Field > Supply Escalation Reason  equals  AJ Replacement, Supply Inbox, Unspecified  AND  Incidents > Interface  equals  chewyca)",Set Field Incidents > Status assign as Unresolved | Set Field Incidents > Assigned assign as null | Set Field Incidents > Queue assign as CA - Supply | Set Field Custom Field > Transfer Date equal to the value of Now
Incident,SetField,F51-CA-Case Update,F51-CA-Supply Shipping Escalation,Enabled,"If (Incidents > Disposition  equals  Supply  AND  Incidents > Queue  not equals  CA - Supply Shipping  AND  Custom Field > Supply Escalation Reason  equals  Exceptions, FedEx Preferred, Pick-Up Request, Pull-Back Request, Reroute Request, RMA Request  AND  Custom Field > Tracking Status  equals  Delivered, N/A - In R-Status, Unspecified  AND  Custom Field > Delivery Exception Type  not equals  Incorrect Address  AND  Incidents > Interface  equals  chewyca  AND (  Incidents > Disposition  is modified this edit    OR  Incidents > Disposition  is not modified this edit   ))",Set Field Incidents > Status assign as Unresolved | Set Field Incidents > Assigned assign as null | Set Field Incidents > Queue assign as CA - Supply Shipping | Set Field Custom Field > Transfer Date equal to the value of Now
Incident,SetField,F51-CA-Case Update,F51-CA-Supply Wharehouse Escalation,Enabled,"If (Incidents > Disposition  equals  Supply  AND  Incidents > Queue  not equals  CA - Supply, CA - Supply Warehouse  AND  Custom Field > Supply Escalation Reason  equals  Box Request, Overnight Request  AND  Incidents > Interface  equals  chewyca  AND (  Incidents > Disposition  is modified this edit    OR  Incidents > Disposition  is not modified this edit   ))",Set Field Incidents > Status assign as Unresolved | Set Field Incidents > Assigned assign as null | Set Field Incidents > Queue assign as CA - Supply Warehouse | Set Field Custom Field > Transfer Date equal to the value of Now
Incident,SetField,F51-CA-Case Update,F51-CA-Supply Walkthrough Escalation,Enabled,"If (Incidents > Disposition  equals  Supply  AND  Incidents > Queue  not equals  CA - Supply, CA - Supply Warehouse  AND  Custom Field > Supply Escalation Reason  equals  Walkthrough Request  AND  Incidents > Interface  equals  chewyca)",Set Field Incidents > Status assign as Unresolved | Set Field Incidents > Assigned assign as null | Set Field Incidents > Queue assign as CA - Supply Warehouse | Set Field Custom Field > Transfer Date equal to the value of Now
Incident,SetField,F51-CA-Case Update,F51-CA-New Supply Wharehouse Escalat,Enabled,"If (Incidents > Disposition  equals  Supply  AND  Incidents > Queue  not equals  CA - Supply, Unspecified  AND  Incidents > Disposition  is modified this edit    AND  Custom Field > Warehouse Complaints  equals  Case Pack Discrepancy, Contamination/Leak, Defective, Expired, Incorrect Item, Infestation/Mold, Non-Product in Box  AND  Custom Field > Supply Escalation Reason  equals  Warehouse/Packaging Complaints  AND  Incidents > Interface  equals  chewyca)",Set Field Incidents > Status assign as Unresolved | Set Field Incidents > Assigned assign as null | Set Field Incidents > Queue assign as CA - Supply Warehouse | Set Field Custom Field > Transfer Date equal to the value of Now
Incident,SetField,F51-CA-Case Update,F51-CA-New Supply Wharehouse Closed,Enabled,"If (Incidents > Disposition  equals  Supply  AND  Incidents > Queue  not equals  CA - Supply, CA - Supply Warehouse, Unspecified  AND  Incidents > Disposition  is modified this edit    AND  Custom Field > Warehouse Complaints  equals  Carton/Package Open, Crushed, Item(s) Missing From Shipment, No Void Fill/Can Toppers, Oversized Box/Excessive Void Fill, Ripped/Torn, Weight Issue (Too Heavy)  AND  Custom Field > Supply Escalation Reason  equals  Warehouse/Packaging Complaints  AND  Incidents > Interface  equals  chewyca)",Set Field Incidents > Status assign as Solved | Set Field Incidents > Queue assign as CA - Supply Warehouse | Set Field Custom Field > Transfer Date equal to the value of Now
Incident,SetField,F51-CA-Case Update,F51-CA-Supply Pullback-Reroute R Sta,Enabled,"If (Custom Field > Tracking Status  equals  N/A - In R-Status  AND  Custom Field > Supply Escalation Reason  equals  Pull-Back Request, Reroute Request  AND  Custom Field > Tracking Number  is not null    AND  Custom Field > Shipper  not equals  Lasership  AND  Custom Field > Tracking Number  is modified this edit    AND  Incidents > Interface  equals  chewyca)",Set Field Incidents > Status assign as Solved | Set Field Incidents > Assigned assign as null | Set Field Incidents > Queue assign as CA - Supply | Set Field Custom Field > Transfer Date equal to the value of Now | Set Field Custom Field > Pullback Date equal to the value of Now
Incident,SetField,F51-CA-Case Update,F51-CA-New Pullback Request Close,Enabled,"If (Custom Field > Tracking Status  equals  In Transit, Out for Delivery, No Information Found  AND  Custom Field > Supply Escalation Reason  equals  Pull-Back Request  AND  Incidents > Queue  not equals  CA - Supply  AND  Incidents > Disposition  is modified this edit    AND  Incidents > Interface  equals  chewyca)",Set Field Incidents > Status assign as Solved | Set Field Incidents > Assigned assign as null | Set Field Incidents > Queue assign as CA - Supply | Set Field Custom Field > Transfer Date equal to the value of Now | Set Field Custom Field > Pullback Date equal to the value of Now
Incident,SetField,F51-CA-Case Update,F51-CA-Address Correction Close,Enabled,If (Custom Field > Supply Escalation Reason  equals  Exceptions  AND  Custom Field > Shipper  equals  FedEx  AND  Custom Field > Delivery Exception Type  is modified this edit    AND  Custom Field > Delivery Exception Type  equals  Incorrect Address  AND  Incidents > Interface  equals  chewyca),Set Field Incidents > Status assign as Solved | Set Field Incidents > Assigned assign as null | Set Field Incidents > Queue assign as CA - Supply Shipping | Set Field Custom Field > Transfer Date equal to the value of Now | Set Field Custom Field > Pullback Date equal to the value of Now
Incident,SetField,F51-CA-Case Update,F51-CA-New Reroute Request Closed,Enabled,"If (Custom Field > Tracking Status  equals  In Transit, Out for Delivery, No Information Found  AND  Custom Field > Supply Escalation Reason  equals  Reroute Request  AND  Custom Field > Shipper  not equals  Lasership  AND  Custom Field > Supply Escalation Reason  is modified this edit    AND  Incidents > Interface  equals  chewyca)",Set Field Incidents > Status assign as Solved | Set Field Incidents > Assigned assign as null | Set Field Incidents > Queue assign as CA - Supply | Set Field Custom Field > Transfer Date equal to the value of Now | Set Field Custom Field > Pullback Date equal to the value of Now
Incident,SetField,F51-CA-Case Update,F51-CA-New Send to Shipper Complaint,Enabled,"If (Custom Field > Supply Escalation Reason  equals  Shipper/Delivery Complaints  AND  Custom Field > Shipper Request  equals  Deliver to Front Door, Deliver to Front Door/Ring Doorbell, Deliver to Back Door, Bring order to Apt. door, Order damaged/open upon delivery, Order shows delivered did not receive, Package left in rain without cover  AND  Incidents > Queue  not equals  CA - Supply Shipping  AND (  Incidents > Disposition  is modified this edit    OR  Incidents > Disposition  is not modified this edit   )  AND  Incidents > Interface  equals  chewyca)",Set Field Incidents > Status assign as Solved | Set Field Incidents > Queue assign as CA - Supply Shipping | Set Field Custom Field > Transfer Date equal to the value of Now | Set Field Custom Field > Pullback Date equal to the value of Now
Incident,SetField,F51-CA-Case Update,F51-CA-New Send to Supply,Enabled,"If (Custom Field > Supply Escalation Reason  equals  Shipper/Delivery Complaints  AND  Custom Field > Shipper Request  equals  Witnessed driver mishandling package, Other, Unspecified  AND  Incidents > Disposition  is modified this edit    AND  Incidents > Interface  equals  chewyca)",Set Field Incidents > Status assign as Unresolved | Set Field Incidents > Queue assign as CA - Supply Shipping | Set Field Custom Field > Transfer Date equal to the value of Now | Set Field Incidents > Assigned assign as null
Incident,SetField,F51-CA-Case Update,F51-CA-FedEx Send to Shipper Update,Enabled,"If (Custom Field > Supply Escalation Reason  equals  Shipper/Delivery Complaints  AND  Custom Field > Tracking Number  is not null    AND  Custom Field > Shipper  equals  FedEx  AND  Custom Field > Shipper Request  equals  Deliver to Front Door, Deliver to Front Door/Ring Doorbell, Deliver to Back Door, Bring order to Apt. door, Order damaged/open upon delivery, Order shows delivered did not receive, Package left in rain without cover  AND  Incidents > Status  is modified this edit    AND  Incidents > Status  equals  Solved  AND  Custom Field > Pullback Date  is null    AND  Incidents > Interface  equals  chewyca)",Set Field Incidents > Status assign as Solved | Set Field Custom Field > Pullback Date equal to the value of Now
Incident,SetField,F51-CA-Case Update,F51-CA-OnTrac Send to Shipper Update,Enabled,"If (Custom Field > Supply Escalation Reason  equals  Shipper/Delivery Complaints  AND  Custom Field > Tracking Number  is not null    AND  Custom Field > Shipper  equals  OnTrac  AND  Custom Field > Shipper Request  equals  Deliver to Front Door, Deliver to Front Door/Ring Doorbell, Deliver to Back Door, Bring order to Apt. door, Order damaged/open upon delivery, Order shows delivered did not receive, Package left in rain without cover, Witnessed driver mishandling package, Other  AND  Incidents > Status  is modified this edit    AND  Incidents > Status  equals  Solved  AND  Custom Field > Pullback Date  is null    AND  Incidents > Interface  equals  chewyca)",Set Field Incidents > Status assign as Solved | Set Field Custom Field > Pullback Date equal to the value of Now
Incident,SetField,F51-CA-Case Update,F51-CA-WOW Escalation,Enabled,If (Incidents > Disposition  equals  WOW  AND  Incidents > Disposition  is modified this edit    AND  Incidents > Group  not equals  Admin  AND  Incidents > Interface  equals  chewyca),Set Field Incidents > Status assign as Unresolved | Set Field Incidents > Assigned assign as null | Set Field Incidents > Queue assign as CA - WOW
Incident,SetField,F51-CA-Case Update,F51-CA-04-Rescue Escalation,Enabled,"If (Incidents > Disposition  equals  Rescue  AND  Incidents > Queue  not equals  Rescue, Unspecified  AND  Incidents > Disposition  is modified this edit    AND  Custom Field > General Escalation Request  not equals  Pet Adoptions  AND  Incidents > Interface  equals  chewyca)",Set Field Incidents > Status assign as Unresolved | Set Field Incidents > Assigned assign as null | Set Field Incidents > Queue assign as Rescue | Set Field Incidents > Mailbox assign as Rescue | Set Field Custom Field > OpenMethods Status assign as pre-initial
Incident,SetField,F51-CA-Case Update,F51-CA-WOW Transfer to Print,Enabled,If (Incidents > Disposition  equals  Supply  AND  Incidents > Disposition  is modified this edit    AND  Custom Field > Supply Escalation Reason  equals  RMA Request  AND  Custom Field > RMA Request Type  equals  Snail Mail  AND  Custom Field > Sign Off  not equals  WOWtoSupply  AND  Incidents > Interface  equals  chewyca),Set Field Incidents > Status assign as Unresolved | Set Field Incidents > Assigned assign as null | Set Field Incidents > Queue assign as CA - WOW
Incident,SetField,F51-CA-Case Update,F51-CA-Accounting Escalation,Enabled,If (Incidents > Disposition  equals  Accounting  AND  Incidents > Queue  not equals  CA - Accounting  AND  Incidents > Disposition  is modified this edit    AND  Incidents > Interface  equals  chewyca),Set Field Incidents > Status assign as Unresolved | Set Field Incidents > Assigned assign as null | Set Field Incidents > Queue assign as CA - Accounting
Incident,SetField,F51-CA-Case Update,F51-CA-Back to CSR,Enabled,If (Incidents > Disposition  equals  Customer Service  AND  Incidents > Queue  not equals  CA - Customer Service  AND  Incidents > Disposition  is modified this edit    AND  Incidents > Interface  equals  chewyca),Set Field Incidents > Status assign as Updated | Set Field Incidents > Queue assign as CA - Customer Service
Incident,SetField,F51-CA-Case Update,F51-CA-Team Lead Escalation,Enabled,"If (Incidents > Disposition  equals  Team Leads  AND  Incidents > Disposition  is modified this edit    AND  Custom Field > General Escalation Request  equals  Compliment, Flag Request , Free Order Request, Phone Messages, Snail Mail Request  AND  Incidents > Interface  equals  chewyca)",Set Field Incidents > Status assign as Unresolved | Set Field Incidents > Assigned assign as null | Set Field Incidents > Queue assign as CA - Team Leads | Set Field Custom Field > Follow-Up Time equal to the value of Now | Set Field Custom Field > Follow-Up Time increment by +1 Hours Exactly
Incident,SetField,F51-CA-Case Update,F51-CA-Team Lead Follow-Up,Enabled,"If (Incidents > Disposition  equals  Team Leads  AND  Incidents > Queue  not equals  CA - Team Leads, Unspecified  AND  Incidents > Disposition  is modified this edit    AND  Custom Field > General Escalation Request  equals  Lead Follow-up  AND  Incidents > Interface  equals  chewyca)",Set Field Incidents > Status assign as Unresolved | Set Field Incidents > Assigned assign as null | Set Field Incidents > Queue assign as CA - Team Leads
Incident,SetField,F51-CA-Case Update,F51-CA-Emails Resolved Not Sent,Enabled,"If (Incidents > Disposition  equals  Resolved  AND  Incidents > Disposition  is modified this edit    AND  Incidents > Channel  equals  Email, Outreach Email, Email  AND  Incidents > Response Sent  equals  No  AND  Incidents > Queue  equals  CA - Customer Service, CA - General Email, CA - General Email Overflow, Unspecified  AND  Incidents > Status  not equals  Solved  AND  Incidents > Interface  equals  chewyca)",Set Field Incidents > Status assign as Unresolved | Set Field Incidents > Disposition assign as Unspecified
Incident,SetField,F51-CA-Case Update,F51-CA-Solve Case,Enabled,"If (Incidents > Disposition  equals  Resolved, Accidental Contact, No Action Needed, In Transit, Delivered, Replaced Order, Refunded Customer, 3rd Party Review, No Purchase, Offered RMA, Previously Resolved, Recommended Vet Contact, Frozen Release Cancel OB, OOS Notification Sent, OOS Disco Notification Sent, Confidence Check, Knowledge Gap, Valid Question, ON Approved, ON Denied, Accepted Recommendation, Canceled Order, Declined Recommendation, No Answer, Unauthorized purchase, Reseller/Dropshipper, Police Report, Compromised Account, General PAW Request/Inquiry, Flagged Customer, Did Not Flag Customer  AND  Incidents > Disposition  is modified this edit    AND  Incidents > Status  not equals  Waiting  AND  Incidents > Interface  equals  chewyca  AND  Incidents > Queue  not equals  CA - WOW)",Set Field Incidents > Status assign as Solved
Incident,SetField,F51-CA-Case Update,F51-CA-NPS Quick Solve,Enabled,If (Custom Field > Channel  equals  NPS  AND  Incidents > Status  is modified this edit    AND  Incidents > Status  equals  Solved  AND  Incidents > Category  equals  Unspecified  AND  Incidents > Disposition  equals  Unspecified  AND  Incidents > Interface  equals  chewyca),Set Field Incidents > Category assign as Positive Review | Set Field Incidents > Disposition assign as No Action Needed
Incident,SetField,F51-CA-Case Update,F51-CA- Tiger Team Urgent,Enabled,"If (Incidents > Status  equals  Updated  AND  Incidents > Status  is modified this edit    AND  Incidents > Category  equals  Bad Image, Description Discrepancy, Ingredient Discrepancy, Title Discrepancy  AND  Incidents > Interface  equals  chewyca)",Set Field Incidents > Queue assign as CA - Tiger Team Urgent | Set Field Incidents > Assigned assign as null
Incident,SetField,F51-CA-Case Update,F51-CA-Team Lead CSR Escalation,Enabled,"If (Incidents > Disposition  equals  Team Leads  AND  Incidents > Queue  not equals  CA - Team Leads, Unspecified  AND  Incidents > Disposition  is modified this edit    AND  Custom Field > General Escalation Request  equals  CSR Adjustment  AND  Incidents > Interface  equals  chewyca)",Set Field Incidents > Status assign as Solved | Set Field Incidents > Queue assign as CA - Team Leads
Incident,SetField,F51-CA-Case Update,51-CA-Q&A Escalation,Enabled,If (Incidents > Disposition  equals  Q&A  AND  Incidents > Disposition  is modified this edit    AND  Incidents > Queue  not equals  CA - Q&A  AND  Incidents > Interface  equals  chewyca),Set Field Incidents > Status assign as Unresolved | Set Field Incidents > Assigned assign as null | Set Field Custom Field > Follow-Up Time equal to the value of Now | Set Field Custom Field > OpenMethods Status assign as pre-initial
Incident,SetField,F51-CA-Case Update,F51-CA-PAW Escalation,Enabled,If (Incidents > Disposition  equals  PAW  AND  Incidents > Queue  not equals  CA - PAW  AND  Incidents > Disposition  is modified this edit),Set Field Incidents > Status assign as Unresolved | Set Field Incidents > Assigned assign as null | Set Field Incidents > Queue assign as CA - PAW | Set Field Custom Field > Transfer Date equal to the value of Now
Incident,SetField,F51-CA-Case Update,F51-CA-NPS Quick Solve.132015431.1,Enabled,If (Custom Field > Channel  equals  NPS  AND  Incidents > Status  is modified this edit    AND  Incidents > Status  equals  Solved  AND  Incidents > Category  equals  Unspecified  AND  Incidents > Disposition  equals  Unspecified  AND  Incidents > Interface  equals  chewyca),Set Field Incidents > Category assign as Positive Review | Set Field Incidents > Disposition assign as No Action Needed
Incident,SetField,F51-CA-Case Update,F04-CA- Queue Catchall,Enabled,If (Incidents > Queue  is null),Set Field Incidents > Queue assign as CA - Customer Service
Incident,SetField,F52-CA-Reassign to CS OM,F52-CA-Unassign - Action,Enabled,"If (Incidents > Escalation Level  equals  CA-UnassignOM  AND  Incidents > Previous Escalation Level  not equals  CA-UnassignOM  AND  Incidents > Assigned  not equals  Unspecified  AND  Incidents > Status  equals  Unresolved, Updated, Waiting, Unspecified  AND  Incidents > Interface  equals  chewyca)",Set Field Incidents > Assigned assign as null | Set Field Incidents > Queue assign as CA - General Email Overflow | Set Field Custom Field > OpenMethods Status assign as initial | Set Field Custom Field > Agent Re-Open Date assign as
Incident,SetField,F53-CA-Tiger Team Follow Up,F53-CA-Tiger Team Follow Up - Action,Enabled,If (Incidents > Escalation Level  equals  CA-Tiger Team  AND  Incidents > Previous Escalation Level  not equals  CA-Tiger Team),Set Field Incidents > Queue assign as CA - Tiger Team Urgent | Set Field Incidents > Assigned assign as null
Incident,SetField,F54-CA-Team Lead Escalation,F54-CA-Team Lead - Action,Enabled,If (Incidents > Escalation Level  equals  CA-Team Lead  AND  Incidents > Previous Escalation Level  not equals  CA-Team Lead),Set Field Incidents > Queue assign as CA - Team Leads | Set Field Incidents > Assigned assign as null
Incident,SetField,F55-CA-Central Scheduling,F55-CA-Send Confirmation Email - Action,Enabled,"If (Custom Field > Request Type  equals  Create or Modify Appointment, Reschedule Appt  AND  Custom Field > Sign Off  equals  Send Confirmation  AND  Incidents > Category  equals  Unspecified  AND  Incidents > Escalation Level  equals  CA-Carrier Portal Confirmation  AND  Incidents > Interface  equals  chewyca)",Set Field Custom Field > Sign Off assign as
Incident,SetField,F55-CA-Central Scheduling,F55-CA-Central Scheduling Complete,Enabled,If (Incidents > Disposition  is modified this edit    AND  Incidents > Disposition  equals  No Action Needed  AND  Incidents > Interface  equals  chewyca),Set Field Incidents > Status assign as Solved
Incident,SetField,F57-CA-Vendor Communication Portal AAQ,F57-CA-Vendor Specialist Dropship,Enabled,"If (Custom Field > Request Type  equals  General Questions, Invoice Payment Disputes, Playbook Questions, Unspecified  AND  Incidents > Subject  equals  Chewy Dropship Request  AND  Incidents > Interface  equals  chewyca)",Set Field Incidents > Queue assign as CA - Drop Ship - Merchandising | Set Field Incidents > Mailbox assign as null
Incident,SetField,F57-CA-Vendor Communication Portal AAQ,F57-CA-Vendor Specialist Dropship S,Enabled,If (Custom Field > Request Type  equals  Dropship Sticker Request  AND  Incidents > Subject  equals  Chewy Dropship Request  AND  Incidents > Interface  equals  chewyca),Set Field Incidents > Queue assign as CA - Drop Ship - SC - Packing | Set Field Incidents > Mailbox assign as null
Incident,SetField,F57-CA-Vendor Communication Portal AAQ,F57-CA-MSS Ops,Enabled,"If (Custom Field > Request Type  equals  Cost Rejection Disputes, Cost Update Request, New Vendor Follow-up, Vendor Data Services, Vendor Account Information Update, Contact Follow-Up, Contact and Address Update, Banking Information Update, Certificate of Insurance Renewal, Vendor Merger & Acquisition, Category Manager Contact  AND  Incidents > Interface  equals  chewyca)",Set Field Incidents > Queue assign as CA - MSS Ops | Set Field Incidents > Mailbox assign as vendorgrowthpartners@custhelp.com
Incident,SetField,F57-CA-Vendor Communication Portal AAQ,F57-CA-VSP Routing,Enabled,If (Custom Field > Request Type  equals  Marketing Request  AND  Incidents > Interface  equals  chewyca),Set Field Incidents > Queue assign as CA - VSP - Routing | Set Field Incidents > Mailbox assign as Chewy Vendor Service Portal
Incident,SetField,F57-CA-Vendor Communication Portal AAQ,F57-CA-MSS Content,Enabled,If (Custom Field > Request Type  equals  Item Copy or Image Update  AND  Incidents > Interface  equals  chewyca),Set Field Incidents > Queue assign as CA - MSS - Content | Set Field Incidents > Mailbox assign as Chewy Vendor Service Portal
Incident,SetField,F57-CA-Vendor Communication Portal AAQ,F57-CA-MSS Ops Escalation,Disabled,If (Custom Field > Request Type  equals  Contact Follow-Up  AND  Incidents > Interface  equals  chewyca),Set Field Incidents > Queue assign as CA - MSS Ops Escalation | Set Field Incidents > Mailbox assign as null
Incident,SetField,F57-CA-Vendor Communication Portal AAQ,F57-CA-Vendor Compliance,Enabled,"If (Custom Field > Request Type  equals  Customer Satisfaction Claims, Damage Claims, Mis-shipments , Other Questions, Recall/Quality Concerns, Return to Vendor, Update Preferred Contact List, Vendor Compliance Manual, Violations  AND  Incidents > Interface  equals  chewyca)",Set Field Incidents > Queue assign as CA - Vendor Compliance | Set Field Incidents > Mailbox assign as Chewy Vendor Service Portal
Incident,SetField,F57-CA-Vendor Communication Portal AAQ,F57-CA-Vendor Specialist,Enabled,"If (Custom Field > Request Type  equals  Dropship Sticker Request, Invoice Payment Disputes, Item/Assortment Setup Request, Playbook Questions, New International Vendor Submission  AND  Incidents > Subject  not equals  Chewy Dropship Request  AND  Incidents > Interface  equals  chewyca)",Set Field Incidents > Queue assign as CA - Vendor Specialist | Set Field Incidents > Mailbox assign as null
Incident,SetField,F57-CA-Vendor Communication Portal AAQ,F57-CA-Accounting AP Inventory,Enabled,"If (Custom Field > Request Type  equals  Request to Receive Audit Reports, EDI invoicing issue, Payment/Invoice Issues or Status, Payment Remittance Request  AND  Incidents > Interface  equals  chewyca)",Set Field Incidents > Queue assign as CA - Accounting - AP Inventory | Set Field Incidents > Mailbox assign as null
Incident,SetField,F57-CA-Vendor Communication Portal AAQ,F57-CA-Accounting AR/Vendor Rebate,Enabled,If (Custom Field > Request Type  equals  Rebate Disputes - Allowances & POs  AND  Incidents > Interface  equals  chewyca),Set Field Incidents > Queue assign as CA - Accounting - AR/Ven. Rebate Billing | Set Field Incidents > Mailbox assign as null
Incident,SetField,F57-CA-Vendor Communication Portal AAQ,F57-CA-Accounting AP Holds,Enabled,If (Custom Field > Request Type  equals  Invoice Hold Resolution  AND  Incidents > Interface  equals  chewyca),Set Field Incidents > Queue assign as CA - Accounting - AP Holds | Set Field Incidents > Mailbox assign as null
Incident,SetField,F57-CA-Vendor Communication Portal AAQ,F57-CA-EDI,Enabled,"If (Custom Field > Request Type  equals  Document failure/rejection, Carrier EDI Issue, General Questions, Setup EDI Account  AND  Incidents > Interface  equals  chewyca)",Set Field Incidents > Queue assign as CA - EDI | Set Field Incidents > Mailbox assign as null
Incident,SetField,F57-CA-Vendor Communication Portal AAQ,F57-CA-Dropship Supply,Enabled,"If (Custom Field > Request Type  equals  DSCO Questions/Issues, Dropship Shipping or Ordering Questions, Shipping or Ordering Questions, Vendor Performance Scorecard Questions  AND  Incidents > Interface  equals  chewyca)",Set Field Incidents > Queue assign as CA - Drop Ship - SC - Operation | Set Field Incidents > Mailbox assign as null
Incident,SetField,F57-CA-Vendor Communication Portal AAQ,F57-CA-Map Violation,Enabled,If (Custom Field > Request Type  equals  MAP Violation  AND  Incidents > Interface  equals  chewyca),Set Field Incidents > Queue assign as CA - MSS - Pricing | Set Field Incidents > Mailbox assign as null
Incident,SetField,F57-CA-Vendor Communication Portal AAQ,F57-CA-Transportation,Disabled,If (Custom Field > Request Type  equals  Carrier EDI Issue  AND  Incidents > Interface  equals  chewyca),Set Field Incidents > Queue assign as CA - Central Scheduling | Set Field Incidents > Mailbox assign as null
Incident,SetField,F57-CA-Vendor Communication Portal AAQ,F57-CA-Transportation - Accessorial,Enabled,If (Custom Field > Request Type  equals  Accessorial Request  AND  Incidents > Interface  equals  chewyca),Set Field Incidents > Queue assign as CA -TRANSPORATION - Accesorials | Set Field Incidents > Mailbox assign as null
Incident,SetField,F57-CA-Vendor Communication Portal AAQ,F57-CA-Transportation - CPU,Enabled,"If (Custom Field > Request Type  equals  Collect Vendor Creating New OTM Profile, Collect Vendor Change/Update RTS Info  AND  Incidents > Interface  equals  chewyca)",Set Field Incidents > Queue assign as CA - TRANSPORATION - CPU | Set Field Incidents > Mailbox assign as null | Set Field Incidents > Assigned assign as Clayton Hicks
Incident,SetField,F57-CA-Vendor Communication Portal AAQ,F57-CA-Transportation - Prepaid to,Enabled,If (Custom Field > Request Type  equals  Vendor Wanting to join Chewy Collect  AND  Incidents > Interface  equals  chewyca),Set Field Incidents > Queue assign as CA - Prepaid Vendor Going Collect | Set Field Incidents > Mailbox assign as null | Set Field Incidents > Assigned assign as Clayton Hicks
Incident,SetField,F57-CA-Vendor Communication Portal AAQ,F57-CA-Transportation - RTS & IB Freight,Enabled,"If (Custom Field > Request Type  equals  Technical Questions for RTS, Transportation Escalations  AND  Incidents > Interface  equals  chewyca)",Set Field Incidents > Queue assign as CA - TRANSPORATION - RTS & Inbound | Set Field Incidents > Mailbox assign as null
Incident,SetField,F57-CA-Vendor Communication Portal AAQ,F57-CA-Dropship Appeal,Enabled,If (Custom Field > Request Type  equals  Dropship Vendor Performance Appeal  AND  Incidents > Interface  equals  chewyca),Set Field Incidents > Queue assign as CA - Drop Ship - Appeal | Set Field Incidents > Mailbox assign as null
Incident,SetField,F57-CA-Vendor Communication Portal AAQ,F57-CA-VSP-Pricing,Enabled,If (Custom Field > Request Type  equals  Update MAP/MSRP  AND  Incidents > Interface  equals  chewyca),Set Field Incidents > Queue assign as CA - MSS - Pricing | Set Field Incidents > Mailbox assign as Chewy Vendor Service Portal
Incident,SetField,F57-CA-Vendor Communication Portal AAQ,F57-CA-VSP-Catalog,Enabled,"If (Custom Field > Request Type  equals  Item/Assortment Transition, Item/Assortment Update Request, Item Discontinuation Submission, Purchase Unit of Measure Update, Catalog Audit  AND  Incidents > Interface  equals  chewyca)",Set Field Incidents > Queue assign as CA - MSS - Catalog | Set Field Incidents > Mailbox assign as Chewy Vendor Service Portal
Incident,SetField,F57-CA-Vendor Communication Portal AAQ,F57-CA-VSP-Feedback,Enabled,"If (Custom Field > Request Type  equals  Feedback or Suggestions, Report Technical Issue  AND  Incidents > Interface  equals  chewyca)",Set Field Incidents > Queue assign as CA - MSS - Feedback | Set Field Incidents > Mailbox assign as Chewy Vendor Service Portal
Incident,SetField,F57-CA-Vendor Communication Portal AAQ,F57-CA-Supply-Planning,Enabled,"If (Custom Field > Request Type  equals  Purchase Order (PO) Issues, Demand Forecasting Inquires, Lead Time Inquires, Ordering Cadence Inquires, Item Availability Dates or OOS Updates  AND  Incidents > Interface  equals  chewyca)",Set Field Incidents > Queue assign as CA - Supply Planning | Set Field Incidents > Mailbox assign as Chewy Vendor Service Portal
Incident,SetField,F57-CA-Vendor Communication Portal AAQ,F57-CA-Brand Information,Enabled,If (Custom Field > Request Type  equals  Brand Info Sheet for Customer Service  AND  Incidents > Interface  equals  chewyca),Set Field Incidents > Queue assign as CA - Brand Information for CA | Set Field Incidents > Mailbox assign as Chewy Vendor Service Portal
Incident,SetField,F57-CA-Vendor Communication Portal AAQ,F57-CA-Vendor Outreach,Enabled,If (Custom Field > Request Type  equals  Vendor Outreach Email  AND  Incidents > Interface  equals  chewyca),Set Field Incidents > Queue assign as CA - Vendor Outreach
Incident,SetField,F57-CA-Vendor Communication Portal AAQ,F57-CA-ROSS,Enabled,If (Custom Field > Request Type  equals  Rebate/Term Changes or Questions  AND  Incidents > Interface  equals  chewyca),Set Field Incidents > Queue assign as CA - ROSS
Incident,SetField,F57-CA-Vendor Communication Portal AAQ,F57-CA - Rebate Operations,Enabled,"If (Custom Field > Request Type  equals  Rebate Backup Request - Promo & Lumpsum, Rebate Backup Request - Allowances & POs, Rebate Disputes - Promotion & Lumpsums  AND  Incidents > Interface  equals  chewyca)",Set Field Incidents > Queue assign as CA - Rebate Operations
Incident,SetField,F57-CA-Vendor Communication Portal AAQ,F57-CA-Tax,Disabled,If (Custom Field > Request Type  equals  Resale Certificate Request  AND  Incidents > Interface  equals  chewyca),Set Field Incidents > Queue assign as CA - Tax
Incident,SetField,F59-CA-NPS Routing,F59-CA-Negative Review,Enabled,If ((  Custom Field > Recommend to a friend  equals  Yes  OR  Custom Field > NPS Rating  is null   )  AND  Incidents > Interface  equals  chewyca),Set Field Incidents > Assigned assign as null | Set Field Custom Field > OpenMethods Status assign as pre-initial
Incident,SetField,F59-CA-NPS Routing,F59-CA-No Recommendation,Enabled,If (Custom Field > Recommend to a friend  equals  No  AND  Incidents > Interface  equals  chewyca),Set Field Incidents > Assigned assign as null | Set Field Incidents > Status assign as Unresolved | Set Field Custom Field > OpenMethods Status assign as pre-initial
Incident,SetField,F60-CA-NPS or PDI Reassign to Queue,F60-CA-NPS or PDI Unassign - Action,Enabled,If (Incidents > Escalation Level  equals  CA-NPS Unassign  AND  Incidents > Previous Escalation Level  not equals  CA-NPS Unassign  AND  Incidents > Interface  equals  chewyca),Set Field Incidents > Assigned assign as null | Set Field Custom Field > OpenMethods Status assign as initial
Incident,SetField,F61-CA-Q&A Function,F61-CA-Q&A MFG Follow Up - Action 2,Enabled,If (Incidents > Escalation Level  equals  CA-Cancel Order Process 2  AND  Incidents > Previous Escalation Level  not equals  CA-Cancel Order Process 2  AND  Incidents > Interface  equals  chewyca),Set Field Incidents > Assigned assign as null | Set Field Incidents > Status assign as Updated | Set Field Custom Field > OpenMethods Status assign as pre-initial
Incident,SetField,F62-CVC-PMR Escalations,F62-00 0Day Escalation,Disabled,If (Custom Field > Expiration Date  equals  +0 Days Exactly From Now  AND (  Incidents > Previous Escalation Level  not equals  PMR 0 Day  AND  Incidents > Escalation Level  is modified this edit    OR  Incidents > Queue  is modified this edit    AND  Incidents > Queue  equals  CVC Medical Request  OR  Custom Field > Expiration Date  is modified this edit   )),Set Field Incidents > Category assign as Outbound Call | Set Field Incidents > Queue assign as CVC Medical Request | Set Field Custom Field > OpenMethods Status assign as pre-initial
Incident,SetField,F62-CVC-PMR Escalations,F62-00 +7Day Final Escalation,Enabled,If (Custom Field > Expiration Date  equals  -7 Days Exactly From Now  AND (  Incidents > Previous Escalation Level  not equals  PMR Final Ask +7 Days  AND  Incidents > Escalation Level  is modified this edit    OR  Incidents > Queue  is modified this edit    AND  Incidents > Queue  equals  CVC Medical Request  OR  Custom Field > Expiration Date  is modified this edit   )),Set Field Incidents > Category assign as Outbound Call | Set Field Incidents > Queue assign as CVC Medical Request | Set Field Incidents > Status assign as Solved
Incident,SetField,F62-CVC-PMR Escalations,F62-01 1Day Escalation,Enabled,If (Custom Field > Expiration Date  equals  +1 Days Exactly From Now  AND (  Incidents > Previous Escalation Level  not equals  PMR 1 Day  AND  Incidents > Escalation Level  is modified this edit    OR  Incidents > Queue  is modified this edit    AND  Incidents > Queue  equals  CVC Medical Request  OR  Custom Field > Expiration Date  is modified this edit   )),Set Field Incidents > Category assign as Outbound Call | Set Field Incidents > Queue assign as CVC Medical Request | Set Field Custom Field > OpenMethods Status assign as pre-initial
Incident,SetField,F62-CVC-PMR Escalations,F62-02 2Day Escalation,Disabled,If (Custom Field > Expiration Date  equals  +2 Days Exactly From Now  AND (  Incidents > Previous Escalation Level  not equals  PMR 2 Day  AND  Incidents > Escalation Level  is modified this edit    OR  Incidents > Queue  is modified this edit    AND  Incidents > Queue  equals  CVC Medical Request  OR  Custom Field > Expiration Date  is modified this edit   )),Set Field Incidents > Category assign as Outbound Call | Set Field Incidents > Queue assign as CVC Medical Request | Set Field Custom Field > OpenMethods Status assign as pre-initial
Incident,SetField,F62-CVC-PMR Escalations,F62-03 3Day Escalation,Disabled,If (Custom Field > Expiration Date  equals  +3 Days Exactly From Now  AND (  Incidents > Previous Escalation Level  not equals  PMR 3 Day  AND  Incidents > Escalation Level  is modified this edit    OR  Incidents > Queue  is modified this edit    AND  Incidents > Queue  equals  CVC Medical Request  OR  Custom Field > Expiration Date  is modified this edit   )),Set Field Incidents > Category assign as Outbound Call | Set Field Incidents > Queue assign as CVC Medical Request | Set Field Custom Field > OpenMethods Status assign as pre-initial
Incident,SetField,F62-CVC-PMR Escalations,F62-04 8Day Escalation,Disabled,If (Custom Field > Expiration Date  equals  +8 Days Exactly From Now  AND (  Incidents > Previous Escalation Level  not equals  PMR 8 Day  AND  Incidents > Escalation Level  is modified this edit    OR  Incidents > Queue  is modified this edit    AND  Incidents > Queue  equals  CVC Medical Request  OR  Custom Field > Expiration Date  is modified this edit   )),Set Field Incidents > Category assign as Outbound Call | Set Field Incidents > Queue assign as CVC Medical Request
Incident,SetField,F62-CVC-PMR Escalations,F62-04 12Day Escalation,Disabled,If (Custom Field > Expiration Date  equals  +12 Days Exactly From Now  AND (  Incidents > Previous Escalation Level  not equals  PMR 8 Day  AND  Incidents > Escalation Level  is modified this edit    OR  Incidents > Queue  is modified this edit    AND  Incidents > Queue  equals  CVC Medical Request  OR  Custom Field > Expiration Date  is modified this edit   )),Set Field Incidents > Category assign as Outbound Call | Set Field Incidents > Queue assign as CVC Medical Request
Incident,SetField,F62-CVC-PMR Escalations,F62-05 Close Completed Appt,Disabled,If (Custom Field > Expiration Date  equals  -1 Days Exactly From Now),Set Field Incidents > Category assign as Completed | Set Field Incidents > Status assign as Solved
Incident,SetField,F62-CVC-PMR Escalations,Copy of F62-04 12Day Escalation,Disabled,If (Custom Field > Expiration Date  equals  +28 Days Exactly From Now  AND (  Incidents > Previous Escalation Level  not equals  Initial PMR Creation  AND  Incidents > Escalation Level  is modified this edit    OR  Incidents > Queue  is modified this edit    AND  Incidents > Queue  equals  CVC Medical Request  OR  Custom Field > Expiration Date  is modified this edit   )),Set Field Incidents > Category assign as Outbound Call | Set Field Incidents > Queue assign as CVC Medical Request
Incident,SetField,F62-CVC-PMR Escalations,F62-04 4Day Escalation,Enabled,If (Custom Field > Expiration Date  equals  +4 Days Exactly From Now  AND (  Incidents > Previous Escalation Level  not equals  PMR 7 Day  AND  Incidents > Escalation Level  is modified this edit    OR  Incidents > Queue  is modified this edit    AND  Incidents > Queue  equals  CVC Medical Request  OR  Custom Field > Expiration Date  is modified this edit   )),Set Field Incidents > Category assign as Outbound Call | Set Field Incidents > Queue assign as CVC Medical Request
Incident,SetField,F62-CVC-PMR Escalations,F62-04 7Day Escalation,Enabled,If (Custom Field > Expiration Date  equals  +7 Days Exactly From Now  AND (  Incidents > Previous Escalation Level  not equals  PMR 14 Day  AND  Incidents > Escalation Level  is modified this edit    OR  Incidents > Queue  is modified this edit    AND  Incidents > Queue  equals  CVC Medical Request  OR  Custom Field > Expiration Date  is modified this edit   )),Set Field Incidents > Category assign as Outbound Call | Set Field Incidents > Queue assign as CVC Medical Request
Incident,SetField,F62-CVC-PMR Escalations,F62-04 14Day Escalation,Enabled,If (Custom Field > Expiration Date  equals  +14 Days Exactly From Now  AND (  Incidents > Previous Escalation Level  not equals  PMR 21 Day  AND  Incidents > Escalation Level  is modified this edit    OR  Incidents > Queue  is modified this edit    AND  Incidents > Queue  equals  CVC Medical Request  OR  Custom Field > Expiration Date  is modified this edit   )),Set Field Incidents > Category assign as Outbound Call | Set Field Incidents > Queue assign as CVC Medical Request
Incident,SetField,F62-CVC-PMR Escalations,F62-04 21Day Escalation,Enabled,If (Custom Field > Expiration Date  equals  +21 Days Exactly From Now  AND (  Incidents > Previous Escalation Level  not equals  PMR 28Day  AND  Incidents > Escalation Level  is modified this edit    OR  Incidents > Queue  is modified this edit    AND  Incidents > Queue  equals  CVC Medical Request  OR  Custom Field > Expiration Date  is modified this edit   )),Set Field Incidents > Category assign as Outbound Call | Set Field Incidents > Queue assign as CVC Medical Request
Incident,SetField,F62-CVC-PMR Escalations,F62-04 28Day Escalation,Enabled,If (Custom Field > Expiration Date  equals  +28 Days Exactly From Now  AND (  Incidents > Previous Escalation Level  not equals  PMR 28 Day Mailer  AND  Incidents > Escalation Level  is modified this edit    OR  Incidents > Queue  is modified this edit    AND  Incidents > Queue  equals  CVC Medical Request  OR  Custom Field > Expiration Date  is modified this edit   )),Set Field Incidents > Category assign as Outbound Call | Set Field Incidents > Queue assign as CVC Medical Request
Incident,SetField,F62-CVC-PMR Escalations,F62-05 Initial PMR Request,Enabled,If (Custom Field > Expiration Date  is modified this edit    AND (  Incidents > Previous Escalation Level  not equals  Initial PMR Creation  AND  Incidents > Escalation Level  is modified this edit    OR  Incidents > Queue  is modified this edit    AND  Incidents > Queue  equals  CVC Medical Request )),Set Field Incidents > Category assign as Outbound Call | Set Field Incidents > Queue assign as CVC Medical Request
Incident,SetField,F63-CVC-48hr Notification,F63-00 48hr Escalation,Enabled,"If ((  Custom Field > Expiration Date  equals  12/04/2025 )  AND  Incidents > Previous Escalation Level  not equals  Rhapsody FollowUp Task, Appt 2 Day  AND  Incidents > Channel  not equals  Email, Email)",Set Field Incidents > Category assign as Outbound Call | Set Field Incidents > Queue assign as CVC Outbound | Set Field Custom Field > OpenMethods Status assign as pre-initial | Set Field Incidents > Disposition assign as CVC Pending 48hr Confirmation | Set Field Incidents > Assigned assign as Unspecified
Incident,SetField,F69 - VSP - Auto Close,F69 - VSP - Auto Close Part 2 Escalation Action,Enabled,If (Incidents > Escalation Level  is modified this edit    AND  Incidents > Escalation Level  equals  VPP_AUTO_CLOSE_PART2  AND  Incidents > Interface  equals  chewy),Set Field Incidents > Disposition assign as Auto closed due to no vendor response | Set Field Incidents > Status assign as Solved
Incident,SetField,F70 - VSP-CA - Auto Close,F70 - VSP-CA - Auto Close Part 2 Escalation Action,Enabled,If (Incidents > Escalation Level  is modified this edit    AND  Incidents > Escalation Level  equals  VPP_CA_AUTO_CLOSE_PART2  AND  Incidents > Interface  equals  chewy),Set Field Incidents > Disposition assign as Auto closed due to no vendor response | Set Field Incidents > Status assign as Solved
Incident,SetField,F71 Rhapsody Task Follow-Up,F71 - Rhapsody Task Follow-Up  - Action,Enabled,If (Incidents > Escalation Level  equals  Rhapsody FollowUp Task  AND  Incidents > Previous Escalation Level  not equals  Rhapsody FollowUp Task),Set Field Custom Field > OpenMethods Status assign as pre-initial | Set Field Incidents > Assigned assign as Unspecified | Set Field Incidents > Status assign as Follow-Up
Incident,SetField,F72 - LCSR Follow Up,F72 - LCSR Follow Up for Care Plus- Action,Enabled,If (Incidents > Escalation Level  equals  CarePlus Follow-Up  AND  Incidents > Previous Escalation Level  not equals  CarePlus Follow-Up  AND  Incidents > Queue  equals  CarePlus Waiting),Set Field Incidents > Queue assign as Insurance Voice | Set Field Incidents > Status assign as Unresolved | Set Field Incidents > Assigned assign as Unspecified | Set Field Custom Field > OpenMethods Status assign as pre-initial | Set Field Incidents > Subject prepend with CarePlus Referral Follow-up -
Incident,SetField,F74 CSRX Follow-Up Escalation,F74 - CSRX Follow Up - Chain,Enabled,"If (Incidents > Status  equals  Waiting  AND  Incidents > Escalation Level  equals  null  AND  Incidents > Source  equals  Incident Editor, Contact Editor, Connect PHP, Live Chat, Ask A Question, Techmail - Service Mailbox, Data Import, Web Console Incident Editor, Web Console Contact Editor, Web Console Live Chat, Web Console Workflow  AND  Incidents > Assigned  equals  Unspecified  AND  Incidents > Queue  equals  RxCS Follow-Up Waiting  AND  Incidents > Previous Escalation Level  not equals  CSRX Follow-Up Escalation)",Set Field Incidents > Assigned assign as Unspecified
Incident,SetField,F74 CSRX Follow-Up Escalation,F74 - CSRX Follow Up - Action,Enabled,If (Incidents > Escalation Level  equals  CSRX Follow-Up Escalation  AND  Incidents > Previous Escalation Level  not equals  CSRX Follow-Up Escalation),Set Field Incidents > Status assign as Follow-Up | Set Field Incidents > Queue assign as RxCS Follow-Up
Incident,SetField,F74 CSRX Follow-Up Escalation,F74 - CSRX Decline Follow Up - Chain,Disabled,"If (Incidents > Status  equals  Waiting  AND  Incidents > Escalation Level  not equals  CSRX Decline Follow-Up Escalation  AND  Incidents > Source  equals  Incident Editor, Contact Editor, Connect PHP, Live Chat, Ask A Question, Techmail - Service Mailbox, Data Import, Web Console Incident Editor, Web Console Contact Editor, Web Console Live Chat, Web Console Workflow  AND  Incidents > Assigned  equals  Unspecified  AND  Incidents > Queue  equals  RxCS Follow-Up Waiting)",Set Field Incidents > Assigned assign as Unspecified
Incident,SetField,F74 CSRX Follow-Up Escalation,F74 - CSRX Decline Follow Up - Action,Disabled,If (Incidents > Escalation Level  equals  CSRX Decline Follow-Up Escalation  AND  Incidents > Previous Escalation Level  not equals  CSRX Decline Follow-Up Escalation),Set Field Incidents > Status assign as Follow-Up | Set Field Incidents > Queue assign as RxCS Follow-Up
